content_id,embed_pending,last_etl_at,content_hash,image_pending,image_absent,detail_common_pending,detail_intro_pending,detail_info_pending,overview
125657,f,2026-08-03 00:08:13.060248,89ad62a169c365540f65ada41c051733210b3cbffc4db85c83028dd540c808d9,f,f,f,f,f,
125671,f,2026-08-03 00:08:52.233614,548e3a1f8f7fb292cfb3e5ec6de5f4b8d71907e5429271df074b584378728217,f,f,f,f,f,
125673,f,2026-08-03 00:08:53.225623,0b6ab78ee91d26b3e144e5145fde1c061f68757aca687af03520f6f8378cc086,f,f,f,f,f,
125674,f,2026-08-03 00:08:55.634099,4729a9fb098b56d43474fbb86527218bd6e25bf743ea42ca2d4f663fe5f03e7f,f,t,f,f,f,
125670,f,2026-08-03 00:09:07.918122,79b7e6acc6c64d62293b7444f2adca03a469f14476bd14c604c3f59b74dbeda2,f,t,f,f,f,
125676,f,2026-08-03 00:09:08.391752,509b94a8611ba106181e724f4e35540e0e04dcc273effb4fd8cca44967326486,f,f,f,f,f,
2774536,t,2026-08-05 13:54:15.11068,374ebf22a8927d671ffbf67eac2d7a797014bbf9b7e9f89663b1909b41f178ab,f,f,f,f,f,
125695,f,2026-08-04 00:05:39.927134,a03a33cf1064aad5a30e710b31277d044d68173e45d849e291a7ab61a364230e,f,f,f,f,f,
125694,f,2026-08-04 00:06:09.56102,1d97a6230875989975135da1039d840685360b7f4b842b822c1a310bf35386f5,f,f,f,f,f,
125697,f,2026-08-04 00:06:11.081885,b64658ab0487e12a855e32907399ba5b27905d3e71b62880ee46feb0c3f9173c,f,f,f,f,f,
2774537,t,2026-08-05 13:54:15.415361,51175bdce464bfd9f8830007747d343aef40dd331a2673bec91d0a9f442dd1d4,f,f,f,f,f,
125698,f,2026-08-04 00:06:11.479421,880a9978c1e4bf0afa0ca16164ce29cca93c7d40fe89b318e09191940ba97f97,f,f,f,f,f,
125696,f,2026-08-04 00:06:19.776793,6ca0c2e6ad9f3576b0d8aba597657d7cbfbd622b1d554a60caaa2def74422733,f,f,f,f,f,
2774530,t,2026-08-05 13:54:13.91141,1f932a35961651fb2000172673fab7eb9967701132f37a944d574f85a0c8b6aa,f,f,f,f,f,
125708,f,2026-08-04 00:06:43.504886,a1663fcfbb576c3fdca3dc67d430972dd290cb3c8ca9c987bc2232952901997d,f,t,f,f,f,
125718,f,2026-08-04 00:07:11.796278,b0310d2fe6e5aebc99692c3af3cb1a17f78748f481e1a964670ed14d40b3ee85,f,f,f,f,f,
125731,f,2026-08-04 00:07:54.530247,bac25af5d98642a3754d839aed0592b6e4645b3de0e97b9be8a4210fd7809538,f,f,f,f,f,
2774546,t,2026-08-05 13:54:16.916226,3acbd1c300f11b3d333aa3e5acd2a11a9fc7b30af958d2c42a233a917b86fc2f,f,f,f,f,f,
125732,f,2026-08-04 00:08:00.746627,1ec0358df4d5200464c1024664b28b0f2c74c83578b2574304bcffeefe75c7d5,f,t,f,f,f,
125744,f,2026-08-04 00:08:28.276475,20da6ae510df1c525505b39a7dc6809ee9bfec17a5ca38bbfe235e3371bcc09b,f,f,f,f,f,
2774722,t,2026-08-05 13:54:27.11713,309feeea14b282e37db3d6187d7433bc670a939a124bd0e249e39ff46564f398,f,f,f,f,f,
2774728,t,2026-08-05 13:54:28.012661,da5167030158ea4e8799b9f03689742d6abf566cd0b253d58a8d5dc86d097e72,f,t,f,f,f,
2775494,t,2026-08-05 13:54:28.920283,1cd05fb65ea1d94adaec46d3f5ffa7ea5f620feaacd5fce25a0fc2f369eb9bb3,f,f,f,f,f,
2775500,t,2026-08-05 13:54:29.5175,2bf078e2a6d30d81efd1b31e1d9cbff6761f5c6d6583e5867e09e0a595c8f318,f,f,f,f,f,
125707,f,2026-08-05 22:51:00.914113,7493b41f708795d15934a46ff239fda8e30b81405a5d125f1509d19f51861ac8,f,f,f,f,f,
2776555,t,2026-08-05 13:54:35.819311,954569d9428a63fe75a09d08b3e7050c8098f15ceab718afd57d8eba8ac0a197,f,f,f,f,f,
2774550,t,2026-08-05 13:54:17.509558,b617f2c37e5c89c521164fe7b2893b121cf0044524415f113ffd8b7f8cb96db7,f,f,f,f,f,
125417,f,2026-08-03 00:05:24.421532,b7066fc34c9737ff60910b015310cbe3cf653d221c7e42354c253ff4a2ccb589,f,f,f,f,f,
125640,f,2026-08-03 00:07:17.529804,4bab9ea202e417fdf46fe62f128f1668ccd58ebaac19f1113b126f8204cb5a78,f,f,f,f,f,
125644,f,2026-08-03 00:07:32.555355,786eae026eb144f82056e6ec09c0d5e0bce1aaf18e51dc4f0626a5a12fc2194c,f,f,f,f,f,
2891703,t,2026-08-05 13:56:53.720602,72df7da2816e5c3af00de2a0fd3ea4ea06262803fff06ad69ec5d988aa2835ea,f,f,t,t,t,
125646,f,2026-08-03 00:07:44.704341,727b65ab968b04aaab9e8c235cb0f24c1a0437395a5c33723b5e06610cc9c852,f,t,f,f,f,
125655,f,2026-08-03 00:08:12.272903,23f4c81bef49dc6f88b8677a3633d7f53a82c1fe3f28686c529d8924214578fd,f,t,f,f,f,
3083085,t,2026-07-30 12:38:44.641711,765a6ddef74a525640254b11ca954f7e98f1c673825bca6954da8338b02f8e9a,t,f,t,t,t,
2876420,t,2026-07-30 12:38:44.641711,22e5be3b5d8816996553113447e242768a5c14b3dde427e6862d1a6a65a1ea59,f,t,t,t,t,
126606,f,2026-08-04 00:12:43.74565,e9d721aec9d0d84a903e248fc63be897874114a9a9929708409a6da306643490,f,t,f,f,f,
126788,f,2026-08-04 00:14:24.531523,433a073475239c30d74fee4c7b86a0380371cdb8c7c2907c8f73080492f1a867,f,f,f,f,f,
126795,f,2026-08-04 00:14:47.446238,6c78c72e33d8d204ecf619d384d46b82aaca6a4081bd6e6809101780ac758f1d,f,f,f,f,f,
2774557,t,2026-08-05 13:54:18.417516,7566dd60af9dadceb92c8c3888f825b0114501e10fca450d988e46a8d5c1555b,f,f,f,f,f,
2774560,t,2026-08-05 13:54:19.01475,5f058a84cdfb235dc3e23eb4b11f5cffedab2831ac8cc17bac015caeb268caf2,f,f,f,f,f,
2774598,t,2026-08-05 13:54:21.713927,48177784f5dee859c9dbd55424bee5bdcacbcc16bc95dc65f19a6840ca7acc7c,f,f,f,f,f,
2774688,t,2026-08-05 13:54:23.214238,ba4022ef11cd03931941dc01eecb3470cbf8ec43a660db1566037c4b188f4f11,f,f,f,f,f,
2774692,t,2026-08-05 13:54:24.113917,0af4ccf1482e6d7a79e8388fc4d6aaec50979a60c5f2aba3f857098efd31b5d3,f,f,f,f,f,
2774721,t,2026-08-05 13:54:26.821584,cde3eda4d08f763768a75dc29dd1fe17b0201b3e9c43adf7201e1a4f67208e6e,f,f,f,f,f,
125782,f,2026-08-04 00:10:37.076809,76a141eee4f6e59709fa21c6eb650c69327f5268c2227826c4bd128c8d88cada,f,f,f,f,f,
125783,f,2026-08-04 00:10:37.636065,a519a83bcd23ce01e73d525ec004d340a85864ecec1988803100f316c2d29248,f,f,f,f,f,
125654,f,2026-08-03 00:08:07.523129,f344d85c4e7f93fdaf16e9d9d14b70ad26e83f4d19f235d101b9e9a219cb3ede,f,f,f,f,f,
4046174,t,2026-08-02 07:49:53.028378,e0dddee4dd014d1340358bdb3ca62a283423d65180964a263bd092df07a8beb8,t,f,t,t,t,
125801,f,2026-08-04 00:12:05.991971,00a000ac81eed3d9c499c572325c7cd5ac6847b39227781f7e3754c4746434a8,f,f,f,f,f,
1230074,t,2026-08-02 15:08:23.440426,a09abc0b791a272a6d2f74875cdc55cc1cf87d1818990e64fb8480536f5612a8,f,f,f,f,f,
2892413,t,2026-07-30 12:38:44.641711,de71eda654d778f9d771f2cf1289185dabe74940491da6576caf2bf428b9a79e,f,t,t,t,t,
2569459,t,2026-08-03 12:09:25.835782,50d0507398a215daa3fe4ba36ab195d36720e28a0ac3bbb6d64fb26e47df5d0e,f,f,f,f,f,
125661,f,2026-08-03 00:08:29.638332,1a8dcca94d97ea1df197839f48d4d2469353519e6d6e5fe0a1891616410f1ce7,f,f,f,f,f,
125668,f,2026-08-03 00:08:45.988439,3bc2b0ef7ed3e49d682f4504eb67c192e3939ff9b9918ac014c24b1d616d3384,f,f,f,f,f,
2557970,t,2026-08-03 12:09:18.028442,0d10048c02d3e1cef8025a3622c9e1a3fd6c937fe2673fc8a305095396f207a2,f,f,f,f,f,
142228,t,2026-08-02 12:01:26.425276,ba6476022d7bcfa077d718b2b2751043b48e08fd6e910cbb675b3e2f1259578f,f,f,f,f,f,
2569463,t,2026-08-03 12:09:26.133722,89584a0fcc1637e8be1658c3178eef96270f37a0b2701f65dcf0e91eefaf18ab,f,f,f,f,f,
2569468,t,2026-08-03 12:09:27.336068,23db197dab61be987a765949274b84368c0063518a3dc97e888a85e120107d4a,f,f,f,f,f,
125584,f,2026-08-03 00:05:24.43912,638459507c6fccd2cbc89a0bde33fb58a3ee3e9e4736922ebbe629d613464ed7,f,f,f,f,f,
125809,f,2026-08-04 00:12:21.376699,d608ae137589ebeb183861ad622b5d336debab70d69b3891de6d12eafd6cad1e,f,f,f,f,f,
125412,f,2026-08-03 00:05:24.421532,b642f061d03f8d9e06948609afe5539f784dc6e5c0b54ec17de1a5d04daa493a,f,f,f,f,f,
125266,f,2026-08-03 00:05:24.421532,6ac82b64053db6e97160ef461b605e2c9e306d07c5df40fea8cb163ed076fcf3,f,t,f,f,f,
125812,f,2026-08-04 00:12:41.310356,fc660d6f6676346170e9f1ed3779b20724823af45ff0c334087746807317680d,f,f,f,f,f,
2569469,t,2026-08-03 12:09:27.639127,9bc6f0a3b909f7a52f052415185b559ebb698c0ee321ab684f8378a301bb611a,f,f,f,f,f,
2569470,t,2026-08-03 12:09:27.941337,7a8e0111cb431de8c32150e5068fd4eceb016ec4075681d79ef260f50031c25c,f,f,f,f,f,
126732,f,2026-08-04 00:13:53.976414,ee89e3e7a5816a6e84280ae2502dd951390cdcdc9c228ee27722dd0c986e1449,f,f,f,f,f,
2569471,t,2026-08-03 12:09:28.249145,7a329736ac5ac2cf250dd83d8c5401c6dc6169475537708df1b6ba368ee04b37,f,f,f,f,f,
125630,f,2026-08-03 00:06:54.195569,dab17097ae54b0a21d00c06ff9b0fbda60500a9962f6f217cccb528c26cea5cb,f,f,f,f,f,
2569489,t,2026-08-03 12:09:29.45207,2920761a5c2ed97ce1a6e2404b5d39735e625f5cbdd33f44a0653242a4a2a784,f,f,f,f,f,
126895,f,2026-08-04 00:15:18.918619,57f419ae91f8f3bf322326e200a95a444fc13f34769a6ff959b4d154b3604688,f,f,f,f,f,
2569730,t,2026-08-03 12:09:32.439757,f3d6bdc19194b1205191947004ff6b444edbeceae9a969f24c617a7b9f41aca9,f,t,f,f,f,
125627,f,2026-08-03 00:06:57.928196,647e9bdd4ad137b629713effc5fe2e44adf519138af1f87af2f72c7b53537f5e,f,f,f,f,f,
125760,f,2026-08-04 00:09:27.076076,252e6bb5228849da4c9a155ef00b13242404c89e3e3ce8568420ffc80be4765e,f,f,f,f,f,
127139,f,2026-08-04 00:16:01.781564,78bc0f6a829495fe788840afee1376c6d29dc4b7e442ebc65cef42bf77f51a0e,f,f,f,f,f,
125631,f,2026-08-03 00:07:06.657002,2b8a7ec8a48669f1e595c41cded9ecd8117d3822bf888cdfd329b86f0bef4bf3,f,f,f,f,f,
2913012,t,2026-08-05 14:03:50.975309,77e8c1bed039473cd12a281c0c09ab07193877b8ae4164e5609ad4764cbe29c6,f,f,t,t,t,
127141,f,2026-08-04 00:16:20.027709,b8f6903eedd23dc5a7c8b60059e1de1006c9e2dd0e10bdb96142c0d79406765d,f,f,f,f,f,
125633,f,2026-08-03 00:07:07.8811,3383d183bb0e5292edd4dcb7d2e411be4e424597313435f7335595c56b37489e,f,f,f,f,f,
127521,f,2026-08-04 00:18:03.713151,1513e63a05a70fc98eb51398316eed6a38d80f88f333e374f9fdf55b954c8e52,f,f,f,f,f,
125634,f,2026-08-03 00:07:10.228276,c2d6d5608c5cab649437a03b90cc23dfefd3cbc7b46182440357a26e8dad3fb1,f,f,f,f,f,
2776832,t,2026-08-05 13:54:37.641345,b4112a07823e6f568dec04bb407ecde8562a938139f43ffd2f06be720aed942f,f,f,f,f,f,
125638,f,2026-08-03 00:07:15.698913,72ece553eeb2c73b4377b6d1e85ba5e9c5c9c10ba9341079d9d92d96cbc3328f,f,f,f,f,f,
2776833,t,2026-08-05 13:54:37.921276,71379d02e426856d426b2bd3d2cfde297686754ffe7d87d701b0087a92a47907,f,f,f,f,f,
125647,f,2026-08-03 00:07:41.948888,ecf9261e9fa0e6269a152d14c7f1408c66150dcb871a8557c3b1e1d5e4272740,f,f,f,f,f,
4093743,t,2026-07-30 15:06:11.046305,64343399a8ff371c0a2835021e50ae5b56a532418e5c26ceb04b8799e2820894,t,f,t,t,t,
2776853,t,2026-08-05 13:54:40.027258,b3105918b0a436f7feb4b33ce5f0f1c31b682606f3d7e20fc8a97aac9777ce67,f,f,f,f,f,
2776854,t,2026-08-05 13:54:40.330972,740fb4819992923832befb1787d335c1a46efb93ca0578b5a4627264b276eb79,f,f,f,f,f,
2569786,t,2026-08-03 12:09:33.640279,cb067533c8312e8f2aa910d942476bb96c480766c25831a9290b1f5ec5aa7495,f,t,f,f,f,
2569802,t,2026-08-03 12:09:33.942152,8087a7e762592659ad3425e767038c24cd9344f1e3d982492c50479fde43aedf,f,t,f,f,f,
2570364,t,2026-08-03 12:09:36.341473,c41306463694e4c4f7714447453762510b7f66427887373df3534da6270e5712,f,f,f,f,f,
2570346,t,2026-08-03 12:09:36.041713,3f805dda528ae27da3c6e5c72f608ed0d7759c8a4a763700b6c4143113ea2809,f,f,f,f,f,
2616465,t,2026-08-03 12:09:56.752508,e5b49c699e9edb6e4217c4176ba2dfbe34cfc1a8ac4668b912cc4c0c428f207c,f,t,f,f,f,
2616559,t,2026-08-03 12:13:26.004136,5b279f0aac00b3880564c17d0187ebeb4eee7b8cb3bef1ff4934c14565758587,f,f,f,f,f,
2616507,t,2026-08-03 12:09:57.057134,8010ba4152f1c83991029cd790af04669aa754000dd9e8adf00df817fa0ee5ab,f,f,f,f,f,
2616530,t,2026-08-03 12:13:25.107248,0438e5eca8d3a19063822b4af64ef289d9d20ec818a082b49630c62b6005e829,f,f,f,f,f,
125765,f,2026-08-04 00:09:32.200222,5399611db1ae597aa80904ae5c5ee735ee317021141a286d42b6d5133bf96969,f,f,f,f,f,
2616554,t,2026-08-03 12:13:25.70477,6e7070562f5574828654df787afb2eed76f066c6f54404bd88e404b472ee684b,f,t,f,f,f,
125747,f,2026-08-04 00:08:32.794119,4802dd363755155c97c7d27a7bd7299f28eb0563212c4d386e0f4d79f77a522a,f,f,f,f,f,
125769,f,2026-08-04 00:09:44.426508,f4d99f9ddb12a0d637dfea9f6cec2f2753cd7b2185845b458d901e8dc549968d,f,f,f,f,f,
125771,f,2026-08-04 00:09:49.991534,7010f1c29e5d6e50c2c9e4304fa2506c60f9f6edf956b36391e162db8a622835,f,f,f,f,f,
712490,t,2026-08-02 12:10:04.850229,b6524e604f143df2561af3f19802731e8b41eaf1e16d0755ceb8e54877e6f11e,f,t,f,f,f,
3569888,t,2026-07-30 12:38:44.641711,d468718c663702ae9d3a1de60f5e059e94be1b993d978031946c155fb53d31b9,t,f,t,t,t,
2774552,t,2026-08-05 13:54:17.851824,9e2a4a2307b60feaeaf0dabd34e9855dee2f56b8d29373f75ee66eb360b3d9ba,f,t,f,f,f,
2774556,t,2026-08-05 13:54:18.119106,7d88227b6996af353ed1e291a6cf40266e3ea4db7ad83b879afb7df77b1d0482,f,t,f,f,f,
2714536,t,2026-08-03 15:08:13.602474,4b11e7e74f63ec065a412a885682fa7a5128565bd0e3f90ab98cdffdcea27ac3,f,t,f,f,f,
2774561,t,2026-08-05 13:54:19.32412,e5a8c0dc16d54090c03bd3c6d40d66138b4701e9b3438178d01af7d60331c4c2,f,f,f,f,f,
131456,f,2026-08-05 22:55:27.458649,d89ebed5de37ae687ec49557f20692f36e7e5645e1224a7ee8e865d0aae418d0,f,f,f,f,f,
1947118,t,2026-08-02 15:09:11.478085,25f809fb6d7b96530d334fdfca1b10eb03415c381aa781a0156d5c02bb757613,f,f,f,f,f,
126656,f,2026-08-04 00:13:02.478519,e37926fd44aa83f55c02505236f2185500cc9952fe0ad8d9a7058c748fc4d216,f,f,f,f,f,
628382,t,2026-08-02 12:09:47.72665,7ce2b715ac27bc29b53616f935e80f3d73dc5652e91a4339e7899bd4a57397fb,f,t,f,f,f,
632029,t,2026-08-02 12:09:53.731961,f563458d6e49daab9270307dfe5947c63bd053fac569d22472b8ca1a6be64bc4,f,t,f,f,f,
125802,f,2026-08-04 00:12:06.422351,5a72b727a84cff02fe93f406ec9e2740ee397fafc638e3cb3b70baa5201550aa,f,f,f,f,f,
2759582,t,2026-08-05 13:45:49.901427,c0a3702fb03e30db1bf41ccc543de59bc3e85bf3b82470a338ec4c0a7259308f,f,f,f,f,f,
3114721,t,2026-07-30 12:38:44.641711,2e03a29381d7136ed048ac1022d5841fd26642f38ad9dfb02315aca3352b8faf,t,f,t,t,t,
2789885,t,2026-08-05 14:01:56.236903,fd4451a051c45a9d8ba92d319a6d16c76881633a380c5dd86174f19a36d011a5,f,f,f,f,f,
3532992,t,2026-07-30 12:38:44.641711,fc2a878f106932f9798e80f4fbe8cb273909317ce562286c0eba4e40bd0b6221,f,t,t,t,t,
127654,f,2026-08-04 00:19:01.379584,9124129c494328df4e176fababfa8bc5747c64a1b07fb021e0a98d2f9a868676,f,f,f,f,f,
2633029,t,2026-08-03 12:13:30.51128,c7ef422aa4c99a302a580fc48a2ad2328c5f4df3084fb336b95f63eca8d0aaeb,f,f,f,f,f,
391742,t,2026-08-02 12:08:56.694504,da48b2dcad954430d5ef99cb3e3259e5bfdae939b8ed82e930e20bb650568281,f,f,f,f,f,
639996,t,2026-08-02 12:09:55.528115,26db79e40c5798549298b1ea6769620c629d4b13a13cd9b76056a7d89f78c486,f,f,f,f,f,
645823,t,2026-08-02 12:09:55.826847,a9581cb5c302f5226867c441003ccb69f3da2d547c4b86247b63e68dc1369b94,f,f,f,f,f,
659010,t,2026-08-02 12:09:58.267443,adebf31684ad5f3c7893dcb8da846797ad84d9f6040f44dcb76cdf82289b6c1d,f,f,f,f,f,
678650,t,2026-08-02 12:09:59.46893,ccbc51aaba12c78a869a1ae069b9bccd773726d97a6283751c731131bd0d918d,f,f,f,f,f,
678688,t,2026-08-02 12:09:59.770804,076bca8b31437ef50982ddaa4e4bd5321d1c04ce8c4b8a8fe5a455cbd56e1f1b,f,f,f,f,f,
681455,t,2026-08-02 12:10:00.072131,8abad0620944ad38f04cf2ca502582166a56a38927f6743d24037a47345f2c9a,f,f,f,f,f,
681597,t,2026-08-02 12:10:00.936515,823c52d5bf6168c164d18a059a355549a8188a508a2aac8afe79ef5950945704,f,f,f,f,f,
681618,t,2026-08-02 12:10:01.280991,4505cb6f8bca3dbaab8363080c27372b451e53d91dcdffd8bdf7ea49256889a5,f,f,f,f,f,
681652,t,2026-08-02 12:10:01.845596,182733e551c114c7a38651a5ce744784476eba9e095734048d71bd1ecf49b17e,f,t,f,f,f,
786187,t,2026-08-02 12:10:35.01934,f9216d7cc667735d5dd3aebc34144b3b7fb6cb5012361422e1c8bdf67fea6603,f,f,f,f,f,
800741,t,2026-08-02 12:10:39.522557,91553ed2b67225fc94c70225981e2edcb12178ceda2fd6b110c4843eb7fe8ad7,f,f,f,f,f,
801627,t,2026-08-02 12:10:40.125522,cd5ff2f0f84a479ed30a3ef9e77cc4d19a592df7d5faef8d15db0660472f5fea,f,f,f,f,f,
802643,t,2026-08-02 12:10:40.427205,80be11b2f52021d1fe76184f1b808f8ac98cc0d67e8f6e10d9582d87a227d50b,f,f,f,f,f,
877636,t,2026-08-02 12:10:41.926614,670c9fd52cafa420550f599ca3a8ba8c1e6ce13ebedb08bf14dccf2ddd06591e,f,f,f,f,f,
900729,t,2026-08-02 12:10:43.727288,cca16e4445176229f3d0608204a5da6563d9b49efe3f7e84c1ebb90186cf08d6,f,f,f,f,f,
909862,t,2026-08-02 12:10:44.037695,dca7608f702b6518a91ae5e3b8d5b77ef27a86d39493b2cb30f21d8029490088,f,f,f,f,f,
917305,t,2026-08-02 12:10:44.988646,e331076ef6bfc0a99c98e70149ea3593e27f471b9c51e25e33b0435596b56c58,f,t,f,f,f,
2638573,t,2026-08-03 12:13:33.808109,c219d73cbc921cb63591d8d1c33cee53e615b3e8e3b3acbd4d6c984291a1cf14,f,t,f,f,f,
776735,t,2026-08-02 12:10:33.824126,e2acf057ac9fa92cc3710a9e008a04ae3d69d9a1437dd8839a01f85e37b8e1c2,f,f,f,f,f,
699497,t,2026-08-02 12:10:28.720804,cd00dc87ae369d368b1bf30e6b930655da200672536c3422db8e13e06e6aabd6,f,f,f,f,f,
1744974,t,2026-08-02 15:08:36.401236,6c6b26e8ba273e9c6ff0cad9f6a81b4e4ba0130fd92573f2184c7a4ba50c371e,f,f,f,f,f,
125595,f,2026-08-03 00:05:57.960853,2ecc18c875666c09718578e9dceb28123241af0150fd8724056c1b9c2e592111,f,f,f,f,f,
951444,t,2026-08-02 15:08:12.838175,2ef0cfc4d4496fecedca29b270dc496931bd1d6479e8de743ebdcd6f4c3bcb68,f,f,f,f,f,
125605,f,2026-08-03 00:06:04.772395,e813508ecebf33cd1f81af636d3c23b65f594e3dfe38bbc07db71ae1b1cb9c4d,f,f,f,f,f,
1802452,t,2026-08-02 15:08:39.350229,679e931b8aad7537d8ea544aace56abfda69c9f99e8e2642cc9473dedadb034e,f,t,f,f,f,
2605226,t,2026-08-03 12:09:42.944903,bb4ab0b25f4ef3c706fcc613acd6a9f6046d02ce1fe83a7914b513d9bffa471d,f,f,f,f,f,
2504527,t,2026-08-03 12:05:49.482932,e6d3854467af804e0ab1ff67872a7247140705af013f596f80dd044416bdbb7c,f,t,f,f,f,
2706334,t,2026-08-03 12:22:34.94432,c1541d2244c66900fa8a92d06bde2a728bffdcbee0bcf4241f7675441e7adf06,f,f,f,f,f,
2618014,t,2026-08-03 12:13:26.906657,3fa758616cff263040eb29123bbb2dd3a1a0f65260dca3b775e123644b85f8b5,f,f,f,f,f,
2741528,t,2026-08-03 15:09:22.916716,c1dac70a726954c6be772d0c3a209fc6c99cccd7679c4b25b4564c458ae8f72a,f,f,f,f,f,
2702318,t,2026-08-03 12:16:56.90427,24ff5d1ed903c5ccfa596e4e8d8290f4a01db4512df8ad4e95242582d977c2e4,f,f,f,f,f,
2759590,t,2026-08-05 13:45:50.211987,18d270ac45bf1dbe568e244512b52864eb67e9e8e7c1941522e1162bcc222a0c,f,t,f,f,f,
2714558,t,2026-08-03 15:08:14.774933,fecdaf624a14724d7840ac04a5798e4796ed31edd2f56e1dd6d239e7ea45b9ec,f,t,f,f,f,
2892394,t,2026-08-05 14:03:09.24972,c39ed2521d821de7beb45e59d6a30fab825b50912a134f882f69cdbff1ecd20e,f,f,t,t,t,
129004,f,2026-08-05 22:48:09.230948,f6337e35211174f47f3e5b8a988d0dbca09f72a8fc93a1f029987f72f2863ec4,f,f,f,f,f,
2792017,t,2026-08-05 14:02:10.651416,8cd5d55d7daa53cf15f936cdad92d71f863eced1c479a82a78fbaa2ba9a85198,f,f,f,f,f,
2913427,t,2026-08-05 14:04:21.65073,a8671b360f11ab954ea4aea39cdbbe1e2270b9337b015e89754756fa50b41470,f,t,t,t,t,
2715365,t,2026-08-03 15:08:27.088748,0c38e519d5fb117061fd16d8f0280a8403dbd0f8170386a4bd1b55c8d2d2d173,f,f,f,f,f,
125656,f,2026-08-03 00:08:08.26196,096d3bea870c0cf9c1c867627570d381190e2887bc5ac45da6c39f0ab7932e61,f,t,f,f,f,
2715374,t,2026-08-03 15:08:27.388007,a708e6c500aed55f77da33c5573e2c9456ada70fda9b67fc70c299edf4e7a4b5,f,f,f,f,f,
2018223,t,2026-08-03 12:02:54.534088,1adc88f621b77ea10a59daae82bc662d8c3c3fe2aa0cb83e0d3bb1cdf5becaa9,f,f,f,f,f,
2779972,t,2026-08-05 13:54:56.234543,36fdff0148c5fc97540d9f7efae377a1e10c0a93968655fda28b781ea5174cd3,f,f,f,f,f,
2774528,t,2026-08-05 13:54:13.607039,4a82d77e83b96a290db2dfc31f85a919ae6f8eb56bef45785d9924c302659103,f,f,f,f,f,
2641014,t,2026-08-03 12:13:34.707151,8f7053a9e2ea6ef5b2dcf247f37e5b2d223cff2044aa9ffad2625eddf3b819b6,f,f,f,f,f,
2665245,t,2026-08-03 12:13:44.010561,bb187f004aed4cab62e6f31a5df0c2f10d47b57fb92147c09b6b430b4cdc37c6,f,t,f,f,f,
2774531,t,2026-08-05 13:54:14.205512,f6040c0739d83877132e805fdda9543d16862f56de45a5fe6e036785eedb48a5,f,t,f,f,f,
2776855,t,2026-08-05 13:54:40.619172,f6cfcdebb8b4469a645c7eaacbc685775dc9093e00d66bd8bc58bd72c15dc25d,f,f,f,f,f,
2776856,t,2026-08-05 13:54:40.926952,88bdc1a03197fcebe8e2d3b5ba99b48633030fbebffff45d20e7aacf98ab6a6f,f,f,f,f,f,
2776859,t,2026-08-05 13:54:41.885538,14f7f4d4e816b415c09db1b3283bc9f96e8ce768ad356b0f31d9035ce72e759f,f,f,f,f,f,
2776866,t,2026-08-05 13:54:42.442534,40ad90e839d89c87e71af6d381dd685d138cf2865e3b5954875fa185c20864d5,f,f,f,f,f,
2777845,t,2026-08-05 13:54:48.124783,df72fbe0e65bcfffc9ddbc99925c1f4a2ffe2c39da53dd514b535119cdc7839f,f,f,f,f,f,
2785709,t,2026-08-05 13:55:33.456312,9ce554bbc41a411a62c9dee97b8c4904a9a37c82ed2be5348a6131e9b10cc842,f,t,f,f,f,
2779999,t,2026-08-05 13:54:56.534993,d7108e1e107624bf0d68570cf1b02efb0b1338b09ed07e7b1aa97a5ea654e86f,f,f,f,f,f,
2780154,t,2026-08-05 13:54:56.894366,33321d925fd8841c9d60d793d9c7815f4737bc6144414af1bcf8a14857aedcae,f,f,f,f,f,
407225,t,2026-08-02 12:09:03.606361,7949f8d68112614502f428d45f0295c02442f53ce41baf4f64e6c4e3d29819ca,f,f,f,f,f,
2710587,t,2026-08-03 12:22:40.345507,e2d5e9596dc0194d878e11b954112fc3a7a971b5dfd9561145d2122b79619091,f,f,f,f,f,
2710596,t,2026-08-03 12:22:40.698553,15ea47833f032a753ad0314ab3ea6b2ac1b484e1f3380d60de118a4e5c1b70dc,f,f,f,f,f,
2839707,t,2026-08-05 14:09:55.809057,ed61e4420d4d6a559a86f0eaceb336ff23933dcbe3cde888a6d303c3a41cc4ad,f,f,f,f,f,
2792314,t,2026-08-05 14:02:16.053979,0b4d8c3fe8e6de06a69acf85da588d63f8099d39baa99d73cedd130692540250,f,t,f,f,f,
2892822,t,2026-08-05 14:03:13.448905,1b2a7e2a40ae7e1f26aa706d188807e19efa80f128b313ae58023bb3124be0e9,f,f,t,t,t,
127933,f,2026-08-05 22:44:07.594995,83dfc9e265ef54a79059641c95c7857003643d82e2af7c8ef679f010f860654d,f,f,f,f,f,
128019,f,2026-08-05 22:44:21.038284,9834298e24e9835b4e8a7c5eb38537350aac407fab4906c9fdb52fd190bfc1ed,f,f,f,f,f,
3485602,t,2026-07-30 12:38:44.641711,6b9a77ca1d0aa2f3ab67093781f95a9a8b2149254614e1504f635c9ebe083123,t,f,t,t,t,
129686,f,2026-08-05 22:50:42.107449,127301ec9de1a0c7ce49c2dc18f414d9cd2e4df064c6570af55066fc976a31cb,f,f,f,f,f,
4008009,t,2026-07-30 12:38:44.641711,60c5052e18de6fa2ad633035409b727c498e8e2cb423bbc8f2789a709035a7cd,t,f,t,t,t,
2892851,t,2026-08-05 14:03:13.749686,fba23e8d824184a78ff58cc011bd63bef8af0ef90b56cc8ec424bd9939b34a2b,f,f,t,t,t,
2907740,t,2026-08-05 14:03:35.366831,d4e70587b9b70467e7cd2b6cc854ed6aeb357c1299ea1d45e2fcdab9ae2be62c,f,f,t,t,t,
2777942,t,2026-08-05 13:54:50.522469,f78aa500f204cb4a0bd6b774558d27f9bdbdcb8fd6942411a68416824ac968be,f,f,f,f,f,
2778008,t,2026-08-05 13:54:51.424444,7953847e5f8c7da735ebf59d3aa86e240d727815457eb911b93ead23e6f67e68,f,f,f,f,f,
2778079,t,2026-08-05 13:54:53.230595,cb115a6eb4ced5eb0b05c374497f3d342d643f5d64e822ea4e56202c48e3d1fe,f,f,f,f,f,
2779919,t,2026-08-05 13:54:55.944053,49c120d9f9644b2cebb236b08cd5ac9c51d1b1f241c11c27f67919dfd6918b69,f,f,f,f,f,
2780250,t,2026-08-05 13:54:57.132787,e14445ae4ef0d6ecc0b6a94e2d71799c0dd32ccd5f43ba920c38bc6cef48cb41,f,f,f,f,f,
3007469,t,2026-07-30 12:38:44.641711,8932f379961cd52c505e33a1c81b8a5a793d43109dc8c98c30623e38b087273e,t,f,t,t,t,
2780895,t,2026-08-05 13:54:57.732123,51bc7b8c76f59f309f166772613d5d1d14fabb2e7ae5f35b17ccfb7ac0fb1ca3,f,f,f,f,f,
3011774,t,2026-07-30 12:38:44.641711,ffdcf1b970fa411bbb525cd3894fb45f0ca352e5a85a2543a2b28d5821cb2ecd,t,f,t,t,t,
3044527,t,2026-07-30 12:38:44.641711,bd0ff7faee09f761bc435fdadf5751d155424845fb870f7c185f139ed11c1d0f,t,f,t,t,t,
2781445,t,2026-08-05 13:54:58.330011,b90e80de6b1fc96ac56d66a8557800335ec0f77a8ac461ca4897e8a615723206,f,f,f,f,f,
2781499,t,2026-08-05 13:54:58.932696,d4424d168491c111ddb7c583ba2c5d6324a07cb1fd2d6d30f3fc5aff3a7626f1,f,f,f,f,f,
130654,f,2026-08-05 22:53:20.738602,0245d01d0c0b47c44a5c6d64722f9045be8292af6856192cb550777a3027bf98,f,f,f,f,f,
2781528,t,2026-08-05 13:54:59.319052,46a5d21811dec83429a4294f167bddd0d667377e75f8944cc32994dd5c83b51b,f,f,f,f,f,
2707068,t,2026-08-03 12:22:36.742972,a9f7f2807a65e3c4f9fe0848372888fd29e8a1c7dcc161b0f186a1b2d4700c72,f,t,f,f,f,
2815362,t,2026-08-05 14:02:59.873727,2145e1a0d4b87685a673a4a85b921dea29c28bfb3f97a5f1f8b1402e129241c7,f,t,f,f,f,
127305,f,2026-08-04 00:16:58.694711,17d8bfd1dd87ab9db9d6a21e726b197e31bd25631540c5794a0cdfb1a792e412,f,f,f,f,f,
915509,t,2026-08-02 12:10:44.632874,745e50ff918d7093dd6582d0f842b665669d7d66c3af26c0002e0e4bf4c86502,f,f,f,f,f,
129265,f,2026-08-05 22:49:20.453005,ec1cfa8fd84c96f62a8d55d1ac16190e98d91a442a5a58652f7b0c76bc09f322,f,f,f,f,f,
2663739,t,2026-08-03 12:16:27.789342,33463da603f3b30950da2038120378865b12278994e8c1cf1370b5d571d0ea65,f,f,f,f,f,
2558052,t,2026-08-03 12:09:18.330324,c1863879e8381e03da370adf7f454df4212f8e0185cc8e57774f0116146383e0,f,f,f,f,f,
129416,f,2026-08-05 22:49:49.467477,8a231904c0bbca2c02447c76af348804c99964b4b800b52d3e497b718bdd1d67,f,f,f,f,f,
2914194,t,2026-08-05 14:11:05.865246,fc9f98802fa5020b9dcfd30f4108666dc63cddc646afb57e0f925dd9c3188434,f,f,t,t,t,
128726,f,2026-08-05 22:46:46.450661,66ae17c68ead40d556b4b1d8d4341360c7cd233c22509c9cf86ea4b147d30b85,f,f,f,f,f,
128727,f,2026-08-05 22:51:25.381743,3aa7ebf37a215cc0586db9c778a13464d997f394ba70f17a2f9d75a738846ffb,f,f,f,f,f,
1263536,t,2026-08-02 15:08:24.691711,4b1095da56929ee8f0125ba937bedfbafa81ea76ec5a29ddceda7c3415ad93d6,f,f,f,f,f,
1264990,t,2026-08-02 15:08:25.290878,dafa7072f2cfed38764fb239621e5210016beac500fa45bce877a6e6b3ee474e,f,f,f,f,f,
3305571,t,2026-07-30 12:38:44.641711,6a4263106a31a0204d054634d919e5118af0d7bb7cdf70f40028003bd494023e,t,f,t,t,t,
4024985,t,2026-07-30 12:38:44.641711,af8d9fdb81cc306d1b6a86c9243106633a71a734af79d54d4d755e4dfe69e31b,t,f,t,t,t,
3545271,t,2026-07-30 12:38:44.641711,7e58f262ec34a5a04ff543e3576fe6bbb84e430c60e98f8f222b263558907670,t,f,t,t,t,
4005897,t,2026-07-30 12:38:44.641711,c58fb6c626d87b9208223dc91fe889fbf50805a2bd6ee226a2cd71fbf435ead6,t,f,t,t,t,
4010375,t,2026-07-30 12:38:44.641711,34ae555fc27e1bf4f53f07340489267603601e19790ae5f38b9d7fdedb37a7ba,t,f,t,t,t,
4010369,t,2026-07-30 12:38:44.641711,0789b0d14de82812f0e0af8135c301958836f9f858980a00475e1dff87b6b29c,t,f,t,t,t,
2892925,t,2026-07-30 12:38:44.641711,37babdef1bae8f4000dbb0e764b1c719be8ef21d2d1ac63e634163c9b6023447,f,t,t,t,t,
3307047,t,2026-07-30 12:38:44.641711,9e4dea571cabadd972b094cebb11b2478f55fa2ec543ddaf5d07743f9dd1fa09,t,f,t,t,t,
4039441,t,2026-07-30 12:38:44.641711,c5eab91da3c5b6c9ab5de36d8c38fc6042a0b2786d150f2df043b82bb9254378,t,f,t,t,t,
4010358,t,2026-07-30 12:38:44.641711,2f7cd30eb182a915d269cdf8a5c815d3c6b036df53f3fd27f55455213affd384,t,f,t,t,t,
3355184,t,2026-07-30 12:38:44.641711,3f1800ca8f13286c7fa99d7e0238416d0dfa139f05058a3412958231ef57f029,t,f,t,t,t,
137877,t,2026-08-02 11:58:53.907328,d4e69f60d441c117d6337c6c9cde76d6111f970982f656d42a91421294d97727,f,t,f,f,f,
135931,t,2026-08-02 11:59:51.622976,0a8923252ee357a8e7d10d74a8cd49684aaeee5931d19e83226221e98232c4bb,f,f,f,f,f,
2558059,t,2026-08-03 12:09:18.628877,000ef016da4b1db0c501407ef1d42e1c6ee3034744e3be74f2075e9a7d9b24a6,f,f,f,f,f,
2672345,t,2026-08-03 12:16:32.290601,eef9c60a2ae182eb0aa4d4a4891b32e5dfbb0c2162840943a24bc5a3e654bef8,f,t,f,f,f,
130727,f,2026-08-05 22:53:42.590389,23749bc1590765193296a52454fded8b7905d47dc3405a1015fe907bf5a65391,f,f,f,f,f,
1169632,t,2026-08-02 15:08:22.836686,b9cf1aed67b56d061b63da0354454fbe0b483f2772d1906b0bfb821f985e8ef8,f,f,f,f,f,
1223212,t,2026-08-02 15:08:23.145091,8023bff43798758887a14dfdb21750e77491257bd28bdd7a3cfe7ea150dfa1d3,f,f,f,f,f,
1822112,t,2026-08-02 15:08:40.85327,1e61f1a81eb00a31293fb6d6ac49b7129e6f97e5ec74af7e005eb85712ecdf84,f,t,f,f,f,
1822763,t,2026-08-02 15:08:41.748558,ad7a06de69eefed5df58515e88a10b17fa65feb5f79a8b2f0f6ec1c8334e151d,f,t,f,f,f,
1853958,t,2026-08-02 15:08:53.468477,34def708e6c8c4053d90306e2ed247f73aac29144755d9e5359a3755d0aa7fa8,f,t,f,f,f,
1920010,t,2026-08-02 15:09:06.675184,9afafcbf3ff7a596bf06bc4a687ab68c67e3d390c14964c6ac4adfff33d6bfe1,f,f,f,f,f,
2759597,t,2026-08-05 13:45:50.501651,1c93389c9d4d6a9038702379fff4d647b92cfda049cc369f04a509f19ee9c7b4,f,f,f,f,f,
4095616,t,2026-08-05 13:42:03.705075,5ecaa40feb461296bd02467cb3fa1433409247bc9045facd310d74f8ef02026e,t,f,t,t,t,
2761774,t,2026-08-05 13:46:05.218214,f5ab6781f737cbde09dddc81937aaf2b2d16033d305ce034471f3841c5667dbd,f,f,f,f,f,
130730,f,2026-08-05 22:53:53.825137,5f69bd734b6392c3874dd5acaa7294aecb0a8117123c535f2b22888fa9eaffef,f,f,f,f,f,
128722,f,2026-08-05 22:46:41.728498,0aa13b4b43c8f39ceb32c411ed28e299193b1da90a96ae3a7ddc17354b1291f5,f,t,f,f,f,
2913223,t,2026-08-05 14:03:54.874801,6e0c069b3ca9f9d3d40d5e0ac762985502833a01f9e4485f33678e743c388fb2,f,t,t,t,t,
2761798,t,2026-08-05 13:46:06.41523,afb54b4c47a20d8bfe0ebfdf85dd427c094d71d2d31f28725b4994fac03cb08d,f,f,f,f,f,
128721,f,2026-08-05 22:46:33.246706,1670f0b11529f509f6544f3b4323ea9e8fa482fbd8c4761e43aedfbf918c8ae6,f,f,f,f,f,
127951,f,2026-08-05 22:44:05.343937,1140701d2d39301ec86f535cd8a0ba5533f2852505c760df7a173ae744026626,f,f,f,f,f,
2913225,t,2026-08-05 14:03:55.47307,1f512894d8e3bfa9c7a4bbf1b38e83c0cd4d7f059915e92577993ad899090784,f,t,t,t,t,
2642181,t,2026-08-05 13:46:42.122229,8e97c139f10b676029ac6b23aba37a5cf17aa834c73bf55f94421fdf83195118,f,f,f,f,f,
2792289,t,2026-08-05 14:02:14.546913,59b7b7c63d66805ae92294b39a9171298f27af9e49e26a711eabe7e323a63918,f,t,f,f,f,
2913338,t,2026-08-05 14:04:20.14272,d38f009d56276554a929f02a42f77dbfa8976b4edb644b52fe6cb1fd7a8cc1ea,f,t,t,t,t,
2914661,t,2026-08-05 14:11:06.481998,6e8b17638b6f0863ffca7f5018a3128cb3cda37d983ef9988e2bdf40728fc832,f,t,t,t,t,
2821859,t,2026-08-05 14:09:46.794978,467b723363e20a4c9890532255c396aa92de99861c60ba7f6d5c9f2788f9ed27,f,t,f,f,f,
2916386,t,2026-08-05 14:11:09.766756,1e82376d47f43ad793d51567e021503b087f14fd58274843af215f81f9d859f3,f,f,t,t,t,
627331,t,2026-08-02 12:09:44.730454,474efcef1ff4de47ae57257eaddbba5bea84e1aab320d547b344e166e728819a,f,t,f,f,f,
3044557,t,2026-07-30 12:38:44.641711,39b92fec0491b1aad033c61170bcc96765b07bd07c3c63bbd2667322ff5c399f,t,f,t,t,t,
135934,t,2026-08-02 11:58:43.103909,a78d1197cb68aea7893c69ca8b02797d155bcb6a8aca04f9b9d2d9b41df460d7,f,t,f,f,f,
3444051,t,2026-07-30 12:38:44.641711,5a8a49e9cf1623ece40d855ef4346a2e9e3bd97f8deb883bc5c5b8cca250c3b5,t,f,t,t,t,
4025023,t,2026-07-30 12:38:44.641711,886e51a48613937ba0a486c7ae96ad12d1e283f95d3c55b728ac019604ba8c6c,t,f,t,t,t,
2993262,t,2026-07-30 12:38:44.641711,248555ec494e56c5f6488ab431d08979833c02683a3b939488150c4430477ec9,f,t,t,t,t,
4041445,t,2026-07-30 12:38:44.641711,8af27cb2318e4d2bd6a783178338923182324a348e20c93c5d34776da7623aec,t,f,t,t,t,
3306764,t,2026-07-30 12:38:44.641711,6b5a0fa6e12749416bbd7f1a6728485bb9a688fe479ef37a1970cd276cb4b349,t,f,t,t,t,
3305572,t,2026-07-30 12:38:44.641711,2b2f3df6f8828c1bfc73f20bff79428ead67cd7411413b06eadb4ccc00b77fa6,t,f,t,t,t,
3011803,t,2026-07-30 12:38:44.641711,b5debc6f733050bb584b22b7fac337b62387d81af252c53905414721f7fe5786,t,f,t,t,t,
127476,f,2026-08-04 00:17:35.042228,f2047fb47caac09811b15435aae76085789c1de73cd5df5840a70c8bc168b994,f,f,f,f,f,
3428601,t,2026-07-30 12:38:44.641711,885aa70cea426954e7c3f0b7918a70627fe598d869381e0e3df0a0a0c4e22a06,t,f,t,t,t,
3007602,t,2026-07-30 12:38:44.641711,1475ec545d99856d883223d1129b03aed3b7c3661f486738e42055632cdecb34,t,f,t,t,t,
3074839,t,2026-07-30 12:38:44.641711,e2c4040230e67fe75fdf52d1f173e2c8beaa2159c0afb718c69bf10a10022fec,t,f,t,t,t,
3017802,t,2026-07-30 12:38:44.641711,1edabbbdc7384314bb9cdd9494c4cdf63216fc48b7e3883e5156728715fe98e6,f,t,t,t,t,
3017803,t,2026-07-30 12:38:44.641711,9a1eae217b704ba2d8e7d33fde17572ddbfd9c1db5d3803b13a7a86c77669ba1,f,t,t,t,t,
3306343,t,2026-07-30 12:38:44.641711,d56e5c69fbdea0b73e82695095927ffc635f85589e4e5ecdaaf4bd62e1c8355b,t,f,t,t,t,
3072026,t,2026-07-30 12:38:44.641711,67201dcd2ef32c1dd8ed8cca59cee2275d5ea66660ceb395bf965204d5a87d19,t,f,t,t,t,
3017810,t,2026-07-30 12:38:44.641711,6dc1f029381cbadb6ed08ce0b99d050f185a19bd5d0ed3d62af004f00ba3eb24,t,f,t,t,t,
3485635,t,2026-07-30 12:38:44.641711,db7ef68242d7a7f82cc1e0613e4df08b2412274db973037c2d69a321b027282d,t,f,t,t,t,
128786,f,2026-08-05 22:47:34.529694,54487d136ca329d0f49fa98b50b700fbf17e9ab93f9acbd81d522d7124257315,f,t,f,f,f,
4010377,t,2026-07-30 12:38:44.641711,fb534e57eb4a4bd3df50691e627f9dbd3c991f45c21bdf58138f17fbf01c7b19,t,f,t,t,t,
2752786,t,2026-08-05 13:45:17.793795,0d03cbb29e22a69b62ca914c3f053f52d4a7c512896a7e7b11bc513756025787,f,f,f,f,f,
4008015,t,2026-07-30 12:38:44.641711,9a645973fde3532ccba60f3122001bc98ea29757d59e1382875243c3345cc911,t,f,t,t,t,
2894534,t,2026-08-05 14:03:19.460928,947881674b58b40d9ce4b3f5244047d0555e4f6ecd8e6699d50056c70480e6d3,f,f,t,t,t,
1991489,t,2026-08-03 12:02:51.222158,68d5019d6f18e2fc41200355a542b385c47e02c6faf3b8a85a16ab317f6a88e3,f,f,f,f,f,
2849167,t,2026-08-05 14:10:02.428872,63c54edf398cfa41519265949433ba39fbd760199a1c45bb03425f721143d07c,f,f,f,f,f,
2903458,t,2026-08-05 14:03:26.963558,d30f7c14f569c17630cb5592e4f7d9d614e7a75d95074bf9d127d3a77e0f9dae,f,t,t,t,t,
317569,t,2026-08-02 12:02:20.34839,b94231fe17447cc78821495ef93e5e67f1bb9b2bd3c388d35859b8e3055406af,f,f,f,f,f,
630471,t,2026-08-02 12:09:52.229387,a960558f86c46cd8cd314b6804cd958e24c899f1e78e0dfd93b3eabab3a6556b,f,t,f,f,f,
135774,t,2026-08-02 11:59:49.301444,dc350b34b736f50f3f862f36a0da6b6fb2fd889c6cec26f3324fb015816748ee,f,f,f,f,f,
133302,f,2026-08-05 23:01:34.480787,e074d2076bd992e96a24caf9be76ff5d25e6442bac2c44979a19b540e1504b20,f,f,f,f,f,
134544,t,2026-08-02 11:59:44.760884,1d9f2b98ddf4fdcd5cddfedd27c7bc4a91eafa77b74124e5e7b8bef3092dde00,f,f,f,f,f,
2785714,t,2026-08-05 14:01:35.230711,d0e474d414f53eb23d09e245c2e099abb96238e66952c49b6e6d0d9a6e88d02e,f,t,f,f,f,
699484,t,2026-08-02 12:10:03.644385,390753be5df1a83a2dae12cb2043603862e3f1ba4858b8c34351ae0e21ed3546,f,t,f,f,f,
2022060,t,2026-08-03 12:02:55.706912,d8fd8061d787a7e186ae9b3763e32e041dc276eab815358cebe7b1b651b9d1ee,f,t,f,f,f,
2860332,t,2026-08-05 14:10:07.812192,86dd9ec284d335b8428d9573d159a0d42e5c46a6361f77177f3f4f7e69dc364a,f,f,f,f,f,
125604,f,2026-08-03 00:06:03.541239,1763155b932c5538c2bea3ec007d54a72bca17a9bdab92b7acef90c2cf70aa14,f,f,f,f,f,
1849403,t,2026-08-02 15:08:47.157684,587747731aef557cea1e475f8aae447ddbcb9d9dd5980cd906ce59124d0438e1,f,t,f,f,f,
133001,f,2026-08-05 23:01:20.650339,83fb6b4e3c6f745b4cf6d6563528c2462d7c474344e749dab74973f1a7cbd818,f,t,f,f,f,
2686852,t,2026-08-03 12:15:21.317792,20c621fb6cd49f142285a640836d2808350e9ccdad1b2e5b63e58ce09363a3bf,f,t,f,f,f,
2558084,t,2026-08-03 12:09:18.933393,8211c48191ed898622e74206f680ce15c088a1868cdf61c91a136e6640029fc8,f,f,f,f,f,
2660545,t,2026-08-03 12:13:40.118956,05b20c807506c58630cf13fffc3702538223e27fdb7f97860c4af1aa2ce989a6,f,f,f,f,f,
2470375,t,2026-08-03 12:08:43.574772,9f5e3e6864dab73e00a908af2e603fd9ccf8af08dffddf77c73aa66aee786b00,f,f,f,f,f,
2396037,t,2026-08-03 12:08:36.971851,336278f3000c5cc525b46bd2742331301aa20ebb6a5ae6f83cd75884e229e817,f,f,f,f,f,
2686854,t,2026-08-03 12:15:21.614143,c54d7426a81206a9cfa8bd2d02e62f8497369d0bd06e78c5e8012f008aed6d55,f,t,f,f,f,
2907760,t,2026-08-05 14:03:35.659665,daf5da2137b8f39820b282a2b3efdd816802e1071e3d1d51030fec3a26c57a11,f,f,t,t,t,
2911983,t,2026-08-05 14:03:47.973157,e3b038ac7720b8059ff584a31081d15419e457905afc22c92a8e339ae7ada3f3,f,t,t,t,t,
2913216,t,2026-08-05 14:03:52.772552,ab6bbd46648cfea963f5f33bebf6e24553208226c66d5fbb96b45b668c6aff8b,f,t,t,t,t,
2913217,t,2026-08-05 14:03:53.076487,70d69b70ca16a5cb9ae05ec24f5049d097db7ff504f7b6d0a2f6ec94ed982f33,f,t,t,t,t,
2913228,t,2026-08-05 14:03:56.4686,26f621a0eb0a2d9d76b237b9ff3f24febd96cb054a36c17962ec7883128e68c3,f,t,t,t,t,
2913433,t,2026-08-05 14:04:23.141795,341cc3d6bd52c03110d3502e65ceb87bd60413ccbd90c0fab3c58d4b6680844f,f,t,t,t,t,
2913849,t,2026-08-05 14:10:59.261271,cc65abc6e935c3c6fc9bbd1c67895efb3b8228f24e263ff89ce40de71fa064e1,f,t,t,t,t,
2914353,t,2026-08-05 14:11:06.164757,4a35e16672fbdb5ca04bc3777219925406e092e4977e8935eb82523970459c0a,f,f,t,t,t,
2922569,t,2026-08-05 14:11:10.672917,c4b11f131e8d61c93538fd8c1dca9515a4baff7c87aecc54ec40074b99261921,f,f,t,t,t,
3064957,t,2026-08-05 13:42:03.705075,067509731eaa01a6b44b829693b186a581925182bcf63b0b262b672c3a519f1b,t,f,t,t,t,
2753184,t,2026-08-05 13:45:21.097185,ea14dfad6179a39e60e6e6f18a40dcdf80c7dc011f78715c945145a561ff371b,f,f,f,f,f,
130833,f,2026-08-05 22:54:08.632733,edb9f93ebf1d9357b120fbf45411d533684982405ce43424583ada00efa29d64,f,f,f,f,f,
690998,t,2026-08-02 12:10:28.12068,bbba0423347141e62593d5af9971f3ace50d8ba2c3f6d2b2c7d7b15d7857efae,f,f,f,f,f,
130487,f,2026-08-05 22:55:05.530351,1365bf7a72024c0f2c16409e7256a1504b21e87d6f2716113eb6d3bd9338fb3d,f,f,f,f,f,
128934,f,2026-08-05 22:47:51.066532,621864847c26fccc437225ed37c49185570f47dfb0bf7b69f0d7e3623fbcb7e2,f,f,f,f,f,
1986641,t,2026-08-03 12:02:49.711609,70f75768be33beeb67eb1c8bd17fe7e7088bd1a33bbccda3b9216e56df29309d,f,f,f,f,f,
131840,f,2026-08-05 22:56:46.053368,56d15768bd8eddf30b5d48e579de230a8b279e3b97e21eb3cc2cbb312a1f1ca4,f,f,f,f,f,
3307537,t,2026-07-30 12:38:44.641711,142a7681832cb821afb2a6b9e29c9ec0485dbaa19c84065d6411584493f286f1,t,f,t,t,t,
4008014,t,2026-07-30 12:38:44.641711,6108802c8f8b637519f8ad199d2903b38b4f183eef1ccbc86db8721a8760ffd3,t,f,t,t,t,
3102101,t,2026-07-30 12:38:44.641711,7ca3bd87aef1e28f1ab331001e6f5884b35f2b2e1448b63cec163b04c20f44b4,f,t,t,t,t,
3102069,t,2026-07-30 12:38:44.641711,d7fc9f9095bfce6bc5de47d28dd7172a5134fdacef310c8e97132715adda4b20,f,t,t,t,t,
3438567,t,2026-07-30 12:38:44.641711,4e360fe8172beb2b231be93b3ace354c100fc5161338a91953169239973ecec7,f,t,t,t,t,
3532907,t,2026-07-30 12:38:44.641711,a1d1dc9a39cabb82401789b6a6edac9045c4e335d0bd42cab3bb6117c8a16202,f,t,t,t,t,
4010365,t,2026-07-30 12:38:44.641711,b6e6065ca1a18187fd7db7d4c903b70a65f73da4c766dd3a29116700ad25e898,t,f,t,t,t,
4008020,t,2026-07-30 12:38:44.641711,3d1fb607414c44ccbb8d68eecbd1080aaef9797fb9b6f43c43670551fd9ad9ad,t,f,t,t,t,
3574750,t,2026-07-30 12:38:44.641711,429f9557326108518a7cd80c226f750e124218da7c679e97048edaa336220839,f,t,t,t,t,
3306487,t,2026-07-30 12:38:44.641711,62be4dbe889d6407fdfc3b18d4355ea57478f411c06e8cd96a1975872e9c00a3,t,f,t,t,t,
3306051,t,2026-07-30 12:38:44.641711,b5cc060dcac5f8c4e8e02d2546ed996f91b65f3bfc9affba4ed2102bc5bd159d,t,f,t,t,t,
2774566,t,2026-08-05 13:54:20.218119,a57e3d9c879c69aa114d94e45df09eb35cc658ae1248059e45de870042241167,f,f,f,f,f,
2893891,t,2026-08-05 14:03:15.251025,a13c7f6eba66b742cf7e0e95385f181b9338c7f903a884ff32f52a71db2d8b4f,f,f,t,t,t,
2906354,t,2026-08-05 14:03:32.682103,491d54e72d8f082f53d796eb353309b454563b8f299b3be253ff64e5b2c9327c,f,f,t,t,t,
132752,f,2026-08-05 22:58:40.512097,33ea84eb41ed5d74d9ce4a6be28992756a3532129532b1da55bd7f65690d4924,f,f,f,f,f,
134089,t,2026-08-02 11:58:11.043995,3433def3040ec37197c7653c46f63c1e83360de419a9179423a7d9c8c488077e,f,t,f,f,f,
2035723,t,2026-08-03 12:02:59.911646,c7d218399728a5e7a135506fb3a56ef5322399f05c75a133dd66e69d87c84404,f,f,f,f,f,
3072802,t,2026-08-02 07:49:53.028378,d3f4650089ca1afa009fedceb39f7a3f1f0be914eefa609b10feb117e2298eed,t,f,t,t,t,
914428,t,2026-08-02 12:10:44.331522,6a22d919c9a9ab2092180a949e87901ad6173ab1f78b1fb3611b5fae97cad992,f,f,f,f,f,
2037655,t,2026-08-03 12:03:01.409319,3beefa4bec4749e2be31cac95b723cfbb89d0e6101fc84594017f68f0169b7dd,f,t,f,f,f,
2787559,t,2026-08-05 14:01:39.734776,5bcc86886bb798cda9fa11a403935e68eb3579d222fce33e2467265f1250c5dc,f,f,f,f,f,
1012063,t,2026-08-02 15:08:15.039065,c62d42ded2cf946896d32829b747936fca605c1464165cae748b669052ce3450,f,f,f,f,f,
1266373,t,2026-08-02 15:08:26.180393,5063a09603b6b204166b8ca390a5856aefde69d20a8811705b5dd6c4b7f41981,f,f,f,f,f,
2041021,t,2026-08-03 12:03:02.313993,7806fb17abdd9935ac15ba99d05cd0f4d7ffc6dd239ceb4bee938bad00c9b974,f,f,f,f,f,
1266427,t,2026-08-02 15:08:26.478029,d13b32283180e53a009c06e57207b431633aaaf3512fbc8ac18f2512c313eaf6,f,f,f,f,f,
133483,f,2026-08-05 23:01:55.778294,2c4f4d3b3bcddc3f45bec803b72edaa6565f3bd05d069d0d48d04d2f18911d7f,f,f,f,f,f,
1757894,t,2026-08-02 15:08:36.951315,5ba77f6ba6e7686c3779f7c011ca07d65dd5d464d3cf0d7ce60e39e0b726d0b9,f,f,f,f,f,
1871355,t,2026-08-02 15:08:58.57243,9fb8c11dcbfb3cfc83a668bd7a5957287a19c1d01a629da3d8fc19ac02dc30cb,f,t,f,f,f,
2686864,t,2026-08-03 12:15:21.930681,8132a0c038399204f2b7a084e0db3800a7558254d8c3f3f4cd033b93503511ae,f,t,f,f,f,
2605271,t,2026-08-03 12:09:43.553869,d3498cddb9ceeaee847acae2399362ea184067d2609fa54fde2e476c2070b25d,f,f,f,f,f,
2908991,t,2026-08-05 14:03:41.373556,a6c066515b54868e5c9ca69f0a691966caf839d19106e38a90884f035706ee62,f,f,t,t,t,
2558135,t,2026-08-03 12:09:19.233405,a49c3eb6ef4f4b2cecaac9bd851c1d5fc0d612ce75b1847f8d19a7c70d78c9d6,f,f,f,f,f,
2687100,t,2026-08-03 12:15:22.21352,5d0431b63fb858f90d5127b32c273dee5f11772e6f1ccca0f5b94283a89ebe99,f,t,f,f,f,
2687130,t,2026-08-03 12:15:22.518946,181f709a4d72ca967f1fd2e2f0284ee4c9a17f8f209a219396799d40eaecaec5,f,t,f,f,f,
2687288,t,2026-08-03 12:15:22.825809,7769a41db55c9099d299835bbeeeba14cf0ba2e3091b4beab8b75800e48fee08,f,t,f,f,f,
2909028,t,2026-08-05 14:03:41.664237,67c5d38df4b9b3b46abc814a9231ecb3e333829592a259c96c985fe7dce201f4,f,f,t,t,t,
2913210,t,2026-08-05 14:03:52.474898,3089a6a81b6c854242694103f0034d8a6bd9bb8b294e755af0ad5b10779cab8d,f,t,t,t,t,
2913333,t,2026-08-05 14:04:18.591073,eda6257b93d31316eab71fa72103540ea6a2f00d38b3b1f1df84d131b713e35f,f,t,t,t,t,
2913340,t,2026-08-05 14:04:20.44664,20ada014465e2e41457d745d45e8b5102ac25062a88332802e5c5c385e4e1b5f,f,t,t,t,t,
2913431,t,2026-08-05 14:04:22.547905,621eaae142acc49e29360e5d39a5b2897d72f578ee8e39f5b65519669c9e3dc3,f,t,t,t,t,
2913441,t,2026-08-05 14:04:23.446775,5832603545b520697657cbf61b463a48b61c6bcf72525a11f9c236a107b156f7,f,t,t,t,t,
2851737,t,2026-08-05 14:10:03.359734,b47e4ef028e22342a04069480e156de5ea433d06373d4c042778255a34511767,f,t,f,f,f,
2849211,t,2026-08-05 14:10:02.730636,8fb17f3f0e2bfe34a724f6e27fd917d43e1992a7f87ca6d5373dd26e880afdbe,f,t,f,f,f,
2849217,t,2026-08-05 14:10:03.02459,85c17f4ce1e36d7f0e77835e3619190ad72e1976699f0dce31695d18ff3c6741,f,t,f,f,f,
2916346,t,2026-08-05 14:11:09.469091,17a41bd73f9fc7e034b430e3d16b37eca00adfe30d7e4575827c1102c7502005,f,f,t,t,t,
2918624,t,2026-08-05 14:11:10.372537,1344a663b6b93d9b1767fb102fc22b6631bdbdae53e658ad27719d19abd3a656,f,t,t,t,t,
2590796,t,2026-08-03 12:09:39.046069,cd3cadd5255c8afd0a3627af466d380061e4d6b7cfb19aa7b2dbfde302c775d8,f,f,f,f,f,
2702655,t,2026-08-03 12:22:29.625428,9b9b6e0bc05401d7731caa8a9901a27fce089b78591a62023301fad87be80b89,f,t,f,f,f,
2674280,t,2026-08-03 12:13:51.821776,3e045ff451152e30227d562f2b635179a708bd402972f6e81e5a825d66b1f439,f,t,f,f,f,
129682,f,2026-08-05 22:50:46.617027,9d0a071904a66b884fa7dcdea181a6f118b20efb2e66f11535fffd1693340275,f,t,f,f,f,
2916325,t,2026-08-05 14:11:09.167286,d7ee82918049be9e2ee36f5ea418b97946a8d5671b9c2b36d5acb4e42e345bdb,f,f,t,t,t,
131759,f,2026-08-05 22:56:05.622299,76e2eb449d4f69006a6ad5fef64bc86d7d4d758451f83b1b5e149abf713c3a3e,f,t,f,f,f,
2687291,t,2026-08-03 12:15:23.113372,4ca51e6b8cc18626a98ffef7c6e43f1443f45d1180bc37e8fef031644f5538be,f,t,f,f,f,
2687300,t,2026-08-03 12:15:23.414799,1c40ca8000463f167c8023872614c6fdc7d8055ae04c22d68e2074ca7ccd4161,f,t,f,f,f,
129031,f,2026-08-05 22:48:38.017809,e4f937150a0a3d61b42ef1dabe55d8d5384d1f4f6534841c5ee217c17401d53a,f,f,f,f,f,
250473,t,2026-08-02 12:01:52.596382,f895d7e3a64e2c0452a27e515ed4d488c690aa805b77b03a0c47dcf79b5e9cd3,f,t,f,f,f,
2903618,t,2026-08-05 14:03:28.46209,9937da209f2f49681cedcc7f187a25ff18d7165c35b4b03f4aacbdae0b53b6da,f,t,t,t,t,
129390,f,2026-08-05 22:51:24.948267,5c5d7af2606353054a94b30b9dab717bc7504b2cdc618f81d956ecc7996ced33,f,f,f,f,f,
2911984,t,2026-08-05 14:03:48.275712,93b36f25f0e7396e92fe3464d54bf86b2bb089acd43a94abea854bf3e64911f3,f,t,t,t,t,
2774532,t,2026-08-05 13:54:14.509291,03848e69be870922abf7f6e3d855b99dc06c5ec406a3b1cc17a075edf2ca1b2a,f,t,f,f,f,
129179,f,2026-08-05 22:49:03.408418,1b9a8e840c0e5c764142130992ca239d2f79d6d1049cbd518844e4c90a6094e3,f,f,f,f,f,
627386,t,2026-08-02 12:09:45.333725,3003440f64756103fa0faf7d74d18d9603c045b756ecbea44ff6daf9d7150c42,f,t,f,f,f,
3307590,t,2026-07-30 12:38:44.641711,7eef28789ef483d78ba914a5ea37d5a1f0dd26294ee78ff7edacfa994ec15ad0,t,f,t,t,t,
3082860,t,2026-07-30 12:38:44.641711,68dbf8c51ebcdbcfc85f9149c18367b9cb011f7d8d507136078520ae6fe21fec,t,f,t,t,t,
2709660,t,2026-08-05 13:46:42.998481,9ce08274f084cf8ae8b4cf31b3d551f4d1d065b29d894a3625203ff97a4e46db,f,f,f,f,f,
3580635,t,2026-07-30 12:38:44.641711,91b39e4bf81bf2e6b498fe119fbe839c2360ad929e81f6bd0f747828b75f6232,t,f,t,t,t,
3538994,t,2026-07-30 12:38:44.641711,3878f5ea577a44723fc797f0274715e37c8324e821116d9e2237f2f1ef17c4f9,t,f,t,t,t,
628266,t,2026-08-02 12:09:46.873903,9a07c4ea90b0a7df4cb66f69fea0259b64a1f7d8d27d22f29010c33130af8b5f,f,t,f,f,f,
129387,f,2026-08-05 22:49:45.251062,bacb641ee58bbb1e8656f0fd26fcf4d97e9f4db2723557e2352e44944540d6d6,f,f,f,f,f,
2913227,t,2026-08-05 14:03:56.078803,7a432e776cd186f84f98609036e895f08fc9e7002d75d11d894c64a3cf07143d,f,t,t,t,t,
125653,f,2026-08-03 00:08:03.444902,1ea087ea4ba0b746db59684bce9f20b602144da407e2e9547d80bd6597ea50c2,f,f,f,f,f,
2924322,t,2026-08-05 14:11:15.46497,75f7ee33a22d1f67bf9bbdf8e13486725f226f0da54cbc453f59b35b098033cc,f,f,t,t,t,
2702542,t,2026-08-03 12:15:50.464094,59702a72ff6952e3988ad58c2c6c4a7543e8cfba4595c58c97a6e0b194cb6c9a,f,t,f,f,f,
2702547,t,2026-08-03 12:15:51.934723,b4ff8c04b416da08c04b1fb2d9bc0ceed95caa1957b80132a539ef1bf9d41ca5,f,t,f,f,f,
2702488,t,2026-08-03 12:17:02.60704,bb9d9dd87c540855685e7b76ea5f65756ebf890a0d4e4391d29b68efafb6d25f,f,f,f,f,f,
2702502,t,2026-08-03 12:17:03.803241,9ac4ca511d630b55023b618413387157d637848ca7497006b32dbc43fc607312,f,f,f,f,f,
2702532,t,2026-08-03 12:17:05.006621,8a77046257f9ce7221341a55cd0e958e1900d71aeec06d4f1645b79328406426,f,f,f,f,f,
2702540,t,2026-08-03 12:17:06.508126,2322f2b39c459cdc6bb6156adc7fd0e2a65969a6a1f5298a36459e60c2f35acb,f,t,f,f,f,
2705223,t,2026-08-03 12:22:33.438531,560da500b514a5228ac0eb8d86ae85475db59d29c5bdb0ec33b907569e19584c,f,f,f,f,f,
2702541,t,2026-08-03 12:17:06.80616,76449e4f90a979d965049189617320edd066ebcf7cd67abd38a5e875a62d8c61,f,f,f,f,f,
2702608,t,2026-08-03 12:17:09.209752,ebd999bfe1e0a731ce8b0b2cde146b8475eb4ece3218175820f601bcc465d146,f,f,f,f,f,
2702610,t,2026-08-03 12:17:09.508165,bd1837cebafd5ff0a222219bd421dec53930d5277c567dde47f1a627102d2f69,f,f,f,f,f,
2703625,t,2026-08-03 12:22:30.138447,859c4b0d4e6da05c0b2535bcef6e88fadc8907a04602c6a3b7f286b4193454da,f,t,f,f,f,
2705600,t,2026-08-03 12:22:34.347517,8494fee0ad60f3a3cd5ac85d43e6be9a77841c1028b4a6fc0c870ef007fad799,f,f,f,f,f,
2705850,t,2026-08-03 12:22:34.634854,c939511b2400b609bc993ce90e30da9a82848191d61d0f70b307a1473a68b3c1,f,t,f,f,f,
2706961,t,2026-08-03 12:22:36.448861,41bf8e290999fa99eca0b6d368bbe319f5bf954670b46d0341b0e14207830141,f,f,f,f,f,
2710184,t,2026-08-03 12:22:39.483805,ec61d919c662ceadefaccc62312bd52e40e3ae05e32e26c7acb7c3067a566a5d,f,f,f,f,f,
2710577,t,2026-08-03 12:22:39.745477,5ee9237aede6fe87665721e329972fa79aeb12d917931023457a60a0f59098e1,f,f,f,f,f,
2732970,t,2026-08-03 15:08:56.504821,c8b41b8ed2725092e39c58a397e680ce052c45eeea71f5c6c6cb4319ddeace6c,f,f,f,f,f,
2702652,t,2026-08-03 12:22:29.442894,94f33a6a7a61a65a050f28db8b89553f44ba21b5f756ca2d859c72bd480dc503,f,f,f,f,f,
2704788,t,2026-08-03 12:22:31.679474,a345f1061c1ed08894cf6fad20de296dac75ab0f04db8e1bb8fdf216d9feb809,f,f,f,f,f,
2708130,t,2026-08-03 12:22:37.683425,702031f2dabc3eb6b8a124424d1fb683199590cc18dc17b1ff546435eb3752a2,f,t,f,f,f,
513254,t,2026-08-02 12:09:10.80725,6f47d2360f6fe766c0efc9637913de40a3c8f277d640b32328daefb5d2568dee,f,t,f,f,f,
126693,f,2026-08-04 00:14:48.292594,206a5b542876fe3aba85f738e48bcbd468876caa098364d8eb43071d29c2bf2b,f,f,f,f,f,
131036,f,2026-08-05 22:54:35.994744,b488989f6d191e1bd5cceef2e2367ed05418a4f4e4f1eb164548d9e71b1a4ba3,f,f,f,f,f,
128785,f,2026-08-05 22:47:33.40061,6534921ee92ee9d45b9c5d595cadadec60499e1c8ae9e3679643345050fc45ec,f,f,f,f,f,
4008021,t,2026-07-30 12:38:44.641711,a30ee6d5e680b91aca788a5f7b7f55a6fb21a6b0c0de2366a869f8217c8af77c,t,f,t,t,t,
4008022,t,2026-07-30 12:38:44.641711,53393945ba4e4b6b08b317048d22a6935d25e83aac62a43a11767937569ef527,t,f,t,t,t,
4008016,t,2026-07-30 12:38:44.641711,9d19787943306b1792bafcb1c0d8cfb50bea23e23b39b72864960b21738359e9,t,f,t,t,t,
4025006,t,2026-07-30 12:38:44.641711,be43855bdc7a5c1ef84cc896fc542ed5ca790eda15f0026fa7ee24fc2ec67ae3,t,f,t,t,t,
3428132,t,2026-07-30 12:38:44.641711,16a1cae91ec82de372468645292696ce0eb39be257cbc716dce7ade5e27b1cc4,f,t,t,t,t,
3083018,t,2026-07-30 12:38:44.641711,355e3d9df564a7fb2d1b78ede9bb8d32bd6129a3a5de39968b8545700cd164b7,t,f,t,t,t,
2915966,t,2026-07-30 12:38:44.641711,5f5aef751be1db152e71a98eed426512fe74400f3dc8818266a03bbc2887fc13,f,t,t,t,t,
3305404,t,2026-07-30 12:38:44.641711,e2d479435a8b3c7f4646bc420635022bd397e43d2caf7c8f232a8f964fe7b5cb,t,f,t,t,t,
130539,f,2026-08-05 22:53:05.192671,b370060723f090eed66c75d2fc87811e4ca336483b75e21a3f2fc27b38814f30,f,f,f,f,f,
2909053,t,2026-08-05 14:03:41.973916,f2bbb908a9ee97543b6b7b3f434ad975680e9d3e82a4be9df29901aeb7535b89,f,f,t,t,t,
3532950,t,2026-07-30 12:38:44.641711,4a264903883b89796ec47e0d9d9140009a572f1c50c08a2b62fae8782a182470,f,t,t,t,t,
3574755,t,2026-07-30 12:38:44.641711,7dac81a4669624d9cde5a5afa12833661c6ae0c4080f1bedc9ff3f94b32bf395,f,t,t,t,t,
3005255,t,2026-07-30 12:38:44.641711,be14be4b5a2b21db25c5bcfd893e5b96c45adbf2337b208290c9fda112702621,t,f,t,t,t,
125762,f,2026-08-04 00:11:37.20246,9ed31ea555c7b3b52af38050630042a0d648f3d9feace0c9c06c6171b9ce8802,f,f,f,f,f,
2905759,t,2026-07-30 12:38:44.641711,447b187735ec39c651df1e9d301d90d05f147df642cda59c3fa857c7abed6956,f,t,t,t,t,
2905772,t,2026-07-30 12:38:44.641711,d830fa1e5b76bbcf9821c5f3b122eb1c9fb2950b7d662db7031695a0c287c114,f,t,t,t,t,
2893833,t,2026-08-05 14:03:14.649196,ca84d1e4b278de08b74bd71fd2fe83a261b62469a8ac2fe711c095379d175afa,f,f,t,t,t,
573459,t,2026-08-02 12:09:20.410996,b64d986b6f1f04139f11a99ef1c1834944ed5ae5fc92b7dbebd7db1ac71625f4,f,f,f,f,f,
1607565,t,2026-08-02 15:08:30.340725,d0181ccf1fb5b83d7d5dcebac8431779b0f723242432de86fdd66939bc004ceb,f,f,f,f,f,
1871361,t,2026-08-02 15:08:58.867027,122731d46f7f41bc160d0671b67a845b66d41cee6b1f3904630f55d69fdb5db6,f,t,f,f,f,
2785712,t,2026-08-05 14:01:34.698513,c322151adcf4a0d25093d6fcb89d18cfd50be72d02b610ba19207836bb39a0e4,f,f,f,f,f,
391752,t,2026-08-02 12:08:56.9938,242fa8fb751fd57efddd1487ed9afd9c3dd8e8c6a725fe4c388accc301ec5d6b,f,t,f,f,f,
628285,t,2026-08-02 12:09:47.12776,225be33c696af73aa333212876be70a362c36d70be543a4e2e9156750eba8c9e,f,t,f,f,f,
917521,t,2026-08-02 12:10:45.231621,4f97906451bdb5077db4e052ed3d4d092bbcce14a17b4c977dc33244ea64f7dc,f,f,f,f,f,
1959048,t,2026-08-03 12:02:43.400688,f16395104a1b0f7f6cf0f6848fabab71e657ed8223909c671da5753ae68d6d37,f,t,f,f,f,
1844773,t,2026-08-02 15:08:45.955371,115b932f9e234600b634b22f44229a3109e504ff70bad9688b65904bd2e68fb6,f,t,f,f,f,
2710606,t,2026-08-03 12:22:40.948888,26c25f946575940d12dfd8b78650fa7beb5aa7cac61ca3b6112f609739adc257,f,f,f,f,f,
2465230,t,2026-08-03 12:08:42.374607,37abb8778ce7190e37e86eae8b0e36efa65732f29ca05213ff8eaa1ecf798d14,f,f,f,f,f,
2710607,t,2026-08-03 12:22:41.26424,9eee252cce01d65c974b39c728d0c500d8b7ab3245bcc6c9858a34355f50ceb6,f,f,f,f,f,
2755713,t,2026-08-05 13:45:33.405977,fec1813dee8f8500e25e21dfc22025e5da768cf4ad56b1198f099e93db6ef66c,f,f,f,f,f,
2699726,t,2026-08-03 12:16:51.497481,4761fa1e5c58c5eecb8315e70ff947c869884144b173cd89ed86688417aed0b0,f,f,f,f,f,
2605236,t,2026-08-03 12:09:43.241863,a93637f5bc32460dcc36f819d88109e836ffc1b346634b9f0333ada4c416d7ed,f,f,f,f,f,
2472919,t,2026-08-03 12:08:44.177359,92ce5ec31ff66213f6fe86c7966beb8ea9dd507073459a784452e06b2a7c1144,f,f,f,f,f,
2648390,t,2026-08-03 12:13:35.612822,e4a14f0704ce2acb541801b815b477450586855774a90f8cef85e92b2af1aea3,f,f,f,f,f,
2351160,t,2026-08-03 12:08:24.362102,7ad591095d33a57a6ed0591598ddac7695944afff30de548865cd52ec98ef35d,f,t,f,f,f,
2357470,t,2026-08-03 12:08:24.667081,827fdb3fe468901e36e532f5f175f36b56bb61535e7ba173cb7171252cbd0fc3,f,f,f,f,f,
2710586,t,2026-08-03 12:22:40.10496,a993490db706c2621383029471f08852ccb090eaa44955d370ccd7a779bfa7b0,f,f,f,f,f,
2676217,t,2026-08-03 12:16:34.693588,c58d5673dc17336fac768a10ae63c1aa875fd47afd3718c2875769a597ea2a62,f,f,f,f,f,
2710612,t,2026-08-03 12:22:42.147017,31d45abe32df1b17eef7719ffb1d5100eed01d625977c4c632ce2522f4fb67bb,f,f,f,f,f,
2743777,t,2026-08-03 15:09:25.315625,a5a8b9d0e8dc0ba523cb047b3928a776a1a6fb6ccd7e6cad6faa1ef1fce16cd4,f,f,f,f,f,
2713413,t,2026-08-03 15:08:09.672469,8cfc3bca84803d8620945c4bb9cc9a7f7b67280b61c2d039af4aaf6741299726,f,f,f,f,f,
2744429,t,2026-08-03 15:09:28.019423,0ad64194876cd6aeb7cd853f7c3678f7f1dab0950ee4b23383fa88516776dcc3,f,f,f,f,f,
2804686,t,2026-08-05 14:02:50.874095,3cee493f5878e587d4adb9e898b5729b63e71ecb73d3b81b0d703bd7caa7bfcd,f,t,f,f,f,
2774511,t,2026-08-05 13:54:10.308413,7541dedc0f1784e80f82268558c3466f2550c86eb2bb513a30d4fbb51df6777f,f,t,f,f,f,
2807412,t,2026-08-05 14:02:53.271894,81af6787aa28673dc3c16f007b13ae9a98540d1deb142fce9ee992fb34417c92,f,t,f,f,f,
128781,f,2026-08-05 22:47:21.174953,9f38f07ef81a9dfc99dbcb157c7626609bdcce22d8fdd5fb54bc17a3369406b7,f,f,f,f,f,
2913219,t,2026-08-05 14:03:53.678088,3ba5c3104f74ab43de5d3202ccebd6b86aae0fadf7f615c4c99c7061fb618d28,f,t,t,t,t,
2785716,t,2026-08-05 14:01:35.528454,70166fba19144b9c79d9bbfea9f9fc81aee24b433c8006298c52de9413fc0cdc,f,f,f,f,f,
2913326,t,2026-08-05 14:04:17.090199,032e3ce1ad8d78b12aee272835ca4daede34a17a680cfb0776b87e194c9038ce,f,t,t,t,t,
2814588,t,2026-08-05 14:02:59.573722,030becf68e4305acf81ef72b3f0902633ff6c6b3adbf013532d1233d43b76eed,f,f,f,f,f,
2913208,t,2026-08-05 14:03:51.878923,8139f3b10a8da14a1fd51e2831ac10e852938c274e5a0ef92f4a4d905ec8c209,f,t,t,t,t,
2757153,t,2026-08-05 13:45:37.297354,05933584c0aed53a2199fc1943068029800154097f1e129ef3a0ad582b649d0f,f,f,f,f,f,
506942,t,2026-08-02 12:09:09.004295,536bc0b1124330b5283a3ec6ccaa0bdcb703c63f78ccb3c0dbd31d872a41e282,f,f,f,f,f,
2702636,t,2026-08-03 12:15:54.941092,ec5368421a25c4fb3f2beffa0bda926f82af40878f783cd688f2b757ea0f1022,f,t,f,f,f,
2672347,t,2026-08-03 12:16:32.591492,8730341ef58926f0568c7d36a117b910652a8547680bdc0bded45159a8588cd8,f,t,f,f,f,
800528,t,2026-08-02 12:10:38.924172,3bb1875db155946dbb892a0206023b805dfe70f8376886b1c333452894e5b126,f,f,f,f,f,
2672348,t,2026-08-03 12:16:32.893258,a73611f22ff1fcd123a367b215d6b3a452327b978e5d027538431b225ddaccb9,f,t,f,f,f,
134985,t,2026-08-02 11:58:32.823802,67231f4ce9f5ea524d671a5ed1af7648c0cef44ef3b22f0db93b0f3853f5732a,f,t,f,f,f,
2699754,t,2026-08-03 12:16:51.801948,5ed0a589b1dc94c9e18757a67991ec2fa1290882cb808fb1b8b4c39b5d3c23ab,f,f,f,f,f,
132749,f,2026-08-05 22:58:24.850699,1d277599c0b3829eb7b368b5251ac5e9d27e902c7540c13e1da5dab3e03895c6,f,f,f,f,f,
1279232,t,2026-08-02 15:08:26.789443,f4d2ad5f934f26d072726e24e520fec8a073170701d460c8dbece4e0dc3e3dcc,f,f,f,f,f,
132751,f,2026-08-05 22:58:39.116235,ddd4df41dbd980357d910576b4f94a59957a20b806a501ea4abd1745291aa493,f,f,f,f,f,
1626292,t,2026-08-02 15:08:32.445321,da836e31c11a87e5680f0dd8a9b8a638c23fc44590873851d1d842565659c454,f,f,f,f,f,
1853002,t,2026-08-02 15:08:48.661965,9eb41c4aa0275c900629db7030a7ef2bc87c0ea400a286a65a5c20e76dd3405b,f,f,f,f,f,
2702530,t,2026-08-03 12:17:04.708782,32f54237dcad5a934c912664ffa0152f8ad7475e4c9c9e1339847f1a4f6679fc,f,f,f,f,f,
3527675,t,2026-07-30 12:38:44.641711,afe13cb3c4aedd7e0739e670057752209406ea15c3f30cf403610c0ec6b83084,t,f,t,t,t,
4069908,t,2026-07-30 12:38:44.641711,ef53bc1bda7bfae9b2af5d890ab4662a259dba10559b2269e0e74d000ee7f8b5,t,f,t,t,t,
4086427,t,2026-07-30 12:38:44.641711,e638dcf65a90688ac334614897f43b965c9321b13279f5d0ef628e4f5cb6a974,t,f,t,t,t,
3353336,t,2026-07-30 12:38:44.641711,2a239f422e77830a52dbb46a0a320451e322d12aaa54cee9fe7892fba1508fcd,t,f,t,t,t,
3046002,t,2026-07-30 12:38:44.641711,963b1e2781514114216a6c8dd28eaa5325151d4f60c8614edf2341e70a998b29,t,f,t,t,t,
2710897,t,2026-08-03 12:22:51.148753,a3c392492e03a0daa0fa3abfae31e1f874d5ed9e900a9e81d0772c4ced7a2bf2,f,f,f,f,f,
264432,t,2026-08-02 12:02:14.065757,ac1687c640a35d9328bf689adc49be2f489d32cbcb487d10861380d1dbd97cab,f,f,f,f,f,
264434,t,2026-08-02 12:02:14.503079,ac596c259231393664d0269563bb473e19915736bf989283e07c558e41b08b34,f,f,f,f,f,
2661876,t,2026-08-03 12:13:40.70879,bb76b479d7dacc7f602c935609d458cb759891b6361b47d34f53d2b8e232a418,f,f,f,f,f,
125725,f,2026-08-04 00:07:36.599908,d2b47272b7652d9031771a6aa00837e783a8809085a5df8b4b4e9cfacdf04fa9,f,t,f,f,f,
2716748,t,2026-08-03 15:08:34.28976,9ba043045e3d867980537877e1cd803a7425125fd19e498f05136f525f3d5f5a,f,t,f,f,f,
2757180,t,2026-08-05 13:45:37.900169,cfdd5e9693c04875d32e973e701183c02d2a2bd0184bf622e4f07ff0c3e1c2a8,f,f,f,f,f,
2757181,t,2026-08-05 13:45:38.244522,356df69438696cfdf3f26f08063bb630a0f6b9ad10520fe244600657f0a702eb,f,f,f,f,f,
2757196,t,2026-08-05 13:45:38.801357,a42b6661a5f97bad6cbe58ad2655853aeaccb8648be9e55c4c8953817de4999d,f,f,f,f,f,
2757612,t,2026-08-05 13:45:39.995972,dd2b268ececf2fc95499fd2721f752805c0fda92f190bc8c86adec8a91e8571b,f,f,f,f,f,
128783,f,2026-08-05 22:47:31.152742,04eac4be62445deeb90b28cab04d988ead65b9bce4e182a3a31e62ebbcc44087,f,f,f,f,f,
129303,f,2026-08-05 22:49:34.763709,844fd0009f0d0426258436d5f724d789ce0a2b3a8bea1deb80f65336e0a32253,f,f,f,f,f,
132750,f,2026-08-05 22:58:41.448127,badbab34489e2a004f0ab90176837c65e08e9d1533eab5a33f135a9904e6e52b,f,f,f,f,f,
132747,f,2026-08-05 22:59:08.23878,ebf470ac0b86e4c4fde5a9c262c226c5bf6c295331cd47e02e1b830d97cede1b,f,f,f,f,f,
132761,f,2026-08-05 22:59:17.430358,96e583044039eb1ee953b7a4021bcd1786f750c5f75630f97417a0e45bfdaa71,f,f,f,f,f,
130472,f,2026-08-05 22:52:52.720402,8ef3c8c025178fba1c85182ed23e5dc053222802aafa83ce938ec333eb739924,f,f,f,f,f,
2774514,t,2026-08-05 13:54:10.918226,9ebb22603866a4b0d0feca47f78dfa77ea081dd29b05360fcf33507330d81539,f,t,f,f,f,
2774564,t,2026-08-05 13:54:19.620633,7ab09e920d905b9bf418c0b17c8246351054ae4e0fff6f0690549c1038b6ef6c,f,f,f,f,f,
130908,f,2026-08-05 22:54:25.856008,fafdf486f3b0f3d9142cebc5ee714f5e473b901014d800e8811b4a4e643f4117,f,f,f,f,f,
2652849,f,2026-07-20 22:57:40.941263,995cee445958d4b1dd8ba151f8b607bdc7be527b094be4fc73ab5c184a09b1f9,f,t,f,f,f,
628109,t,2026-08-02 12:09:46.223013,6b597e61dadd07bbce91c1217010f72d081b1fd3fa0fdc09159610a63b3c5a1c,f,t,f,f,f,
3007677,t,2026-07-30 12:38:44.641711,0bf1c8f0065cb1588416fb9322cf452ae8ab2df0e6e9af8d5720c26ff70c0384,t,f,t,t,t,
2761784,t,2026-08-05 13:46:05.814207,bbe5323ab221624cc3e1fdad13eb8307db4ff76b4b3a39af09fd9e5c49d69abd,f,f,f,f,f,
3378217,t,2026-07-30 12:38:44.641711,061d692d9eb59079940a3c8f87f9c1657c0262ffca4ff52871d0a168135ae3ab,t,f,t,t,t,
2930371,t,2026-07-30 12:38:44.641711,2eac78bf2e52d4e0d36e85ce59d0d98ae92b61ddcb5f980dc1788223cc2fa701,t,f,t,t,t,
3112158,t,2026-07-30 12:38:44.641711,a4d03518ea1249c753e27158b519cf940577b44917533f710b6e6b970db4c864,f,t,t,t,t,
125780,f,2026-08-04 00:10:51.604319,d22641ae09cf9c5d216e71c9180985eab00bd12cc8dd6ec5eb87dbceb9e7e8bb,f,f,f,f,f,
2922581,t,2026-07-30 12:38:44.641711,c0c4c535efba880d61ee4bf7aa1fe7e9bc203c87ea8e88f83e5e99e8463e2cbf,f,t,t,t,t,
4025019,t,2026-07-30 12:38:44.641711,81cae24c2b15f2dd274264318fbc0484c96b2f1d79c31cabf0bc88753b4b4fab,t,f,t,t,t,
2932103,t,2026-07-30 12:38:44.641711,aa8a1f17278461d41bf5ef3ff2c4862b2b038439d243bc8e2656561a20a6c620,f,t,t,t,t,
3074811,t,2026-07-30 12:38:44.641711,4d2750b98302d3f4bd47bae4c05875fabf86289ae8cc366b01dd09a8b73351ef,f,t,t,t,t,
3072025,t,2026-07-30 12:38:44.641711,3794356dcaa759d19f9321af3a7e7bd0bf34597e8764feeb754ff8945620ba9f,t,f,t,t,t,
3356045,t,2026-07-30 12:38:44.641711,3d78768acbd8131059e6358cde5e5703f5021f1517064ca33113fbb227792d3b,t,f,t,t,t,
3305451,t,2026-07-30 12:38:44.641711,6b649b95495eafab01b4462a173820b7643f46b89b0225e530b6cfb60bed4723,t,f,t,t,t,
3306155,t,2026-07-30 12:38:44.641711,e324a158fde1f20a9990fa017ee792d54147dbeea2d6acd9646b73db66b05ccf,t,f,t,t,t,
3351620,t,2026-07-30 12:38:44.641711,ca8fef17e96174e81aa0becac6368d721401eb82ff42a94adf344a912afd109d,f,t,t,t,t,
130661,f,2026-08-05 22:53:12.20514,7cdc819596d5171691a1bfe502dcc7f375a92801270bb5b4e01999e3609db4b0,f,f,f,f,f,
628379,t,2026-08-02 12:09:47.428453,528b2c41bbd02eaf1b88f3c77b2bed486ab0ace68ae8e7d8725309e6ff0259cb,f,f,f,f,f,
2788118,t,2026-08-05 14:01:40.935281,88a7c1dba5f6a43864ad48a0227a8b55bea479d78deaa7fa3f19d09d33b09d1b,f,f,f,f,f,
129759,f,2026-08-05 22:50:48.422157,e512b45e866199c8c0bbdf9955dc46341ab009d774ef1dc6bec248f9675ad5b8,f,f,f,f,f,
2774515,t,2026-08-05 13:54:11.214456,0b96f2aac6ed64f659ae81298ce72dd2ce002a327615609a8c2583ae4f4463d9,f,t,f,f,f,
128787,f,2026-08-05 22:47:41.727521,d222b077a914cdb6469613fab32ff5d7c09e1dbfcc39687630eface863d5f277,f,f,f,f,f,
142813,t,2026-08-02 12:01:28.701841,ce52c646a0a399deaabe0283a1fb2ebdb8e0530b2ca01ead59d6cbb0ff0865b9,f,f,f,f,f,
2666682,t,2026-08-03 12:13:44.612812,7ef3a5a041da56b639b3821e7b6be0f671e06f816bb360ab1474458c190cad01,f,t,f,f,f,
1600871,t,2026-08-02 15:08:30.08385,41d1289261df2ad6ca3d5a8d66af0da142345190c59aad0e94509f0802929ee2,f,f,f,f,f,
1855720,t,2026-08-02 15:08:56.804753,3b6761e0db3cdcedb0718960da01dde9af678019c0b00342db0159c28b31c522,f,f,f,f,f,
2708678,t,2026-08-03 12:22:38.547676,affbc8081b98c1ddc121d9b0ec57708d5cf4fc975a79c79d574d6afafd06a0a4,f,f,f,f,f,
1906069,t,2026-08-02 15:09:03.98052,08321e820f3ceb23560d179c1d08188a4fe78a3339d568c0cfdf33b9472dcb0f,f,f,f,f,f,
125675,f,2026-08-03 00:09:04.530348,d8d9ca62198d108a5147aa08d42440d9694da9bfd28b51532cd38d025c62785b,f,f,f,f,f,
2706717,t,2026-08-03 12:22:35.840458,f369dc9dbf4d368fedb410b71eb04fdde9e2611a13da50f32c06a70c008d61fc,f,f,f,f,f,
2465233,t,2026-08-03 12:05:38.971988,f2559bff03067ce3075a92ae2f2f05c5a49fb721da7dff120717fc3e1da805cd,f,t,f,f,f,
2606925,t,2026-08-03 12:09:45.948242,0fca20227167762d6571c2fa1d4b1783d76616bb292c61c088775ac4ebd6cce4,f,f,f,f,f,
2558137,t,2026-08-03 12:09:19.52887,792419053159914d7e250b76bbaa4b87344e838f2c375f59862276b161f4d8de,f,f,f,f,f,
2710610,t,2026-08-03 12:22:41.84615,c165f22932af76bfcfe58266e8d4dfa453419cbaffae4168f6b913f6afd27a50,f,f,f,f,f,
2726691,t,2026-08-03 15:08:46.901472,e5999ba0e15c7b0e93cd9ded85d799eec6414a78316522829dea9b256b6b7b91,f,f,f,f,f,
128645,f,2026-08-05 22:46:27.043826,33ccbd26ddb653dbfc26d572a4dc433a1555b6ef994acf211cc563424228abdb,f,f,f,f,f,
2734051,t,2026-08-03 15:09:02.80816,e8a7425042fc830adeece5e29f053ae6119ad9ed039de107d69d31687c8dec15,f,f,f,f,f,
2788128,t,2026-08-05 14:01:41.236306,50dfedaf43a096bcb2a87164a9b813cf5f41192a1b6236f2f0708df36f05e503,f,f,f,f,f,
2774518,t,2026-08-05 13:54:11.803753,eb1d2ea011329754de369952f1023141db24abde734c97f5f3d8604c79db1858,f,f,f,f,f,
2901390,t,2026-08-05 14:03:23.662867,7169984816d23683be8c371dfc6e057e53cfb786beac131084064aa59188cc50,f,f,t,t,t,
2774524,t,2026-08-05 13:54:12.709721,782a8f2f18309a1d3cae58dc124fdd4963e06fee438aa3048191dc9baf23310a,f,t,f,f,f,
2905791,t,2026-08-05 14:03:31.773068,e9fa746a6a4a13d99c8abbc4d2f803525a15a34d53e87b1b3589bf7b8869c309,f,f,t,t,t,
2791619,t,2026-08-05 14:02:07.647015,1999a86203ea7fc4352e98367c780d3962fbff6895d0edab194abd9797aa65c2,f,t,f,f,f,
2905845,t,2026-08-05 14:03:32.360379,82336ae5d850758ffd5b375de6803f09d5d272f35c556b4ce64b218e2fda789c,f,f,t,t,t,
2911982,t,2026-08-05 14:03:47.675886,fabafad439a2432eef934a53f6ea4df6a253dc2779a3952e7b421f376a5df5a3,f,t,t,t,t,
2913218,t,2026-08-05 14:03:53.372838,634950ac467839ceeab05611543eb358229788a7284dfad732a7aa7c4f956a19,f,t,t,t,t,
2913222,t,2026-08-05 14:03:54.580115,85753e7a64b3cfdf9f5a68dbf47603d7b9db96224a73210b70e7a1f08680d017,f,t,t,t,t,
2913224,t,2026-08-05 14:03:55.177503,ce7ce9d4493f75d65964328d6745de32cf39694b331fc2ea7f4045010796213b,f,t,t,t,t,
2913226,t,2026-08-05 14:03:55.805736,0d6e01a59b42258a0f97f3cefcf901b07412b59de40f095ade3c342f55590ebd,f,t,t,t,t,
2913234,t,2026-08-05 14:03:56.680552,70e3abca3669dbe90d779b190a1da9a26e2034a626b69165ae5c3f4fad5000da,f,t,t,t,t,
2913308,t,2026-08-05 14:04:13.50013,49cfab2b0bee01eea558d564c284c30efba974b908efb5a3d6da8167f5a78399,f,t,t,t,t,
2913328,t,2026-08-05 14:04:17.688758,456f269d8722eca5b0b6f723a4e0ffbce39bef091d32648bff025c989963007c,f,t,t,t,t,
2913432,t,2026-08-05 14:04:22.838655,46e68c1eb2cf2a9dd36d2969a31702aae790e15e728015a0ee7f275fbfe68ce3,f,t,t,t,t,
2826777,t,2026-08-05 14:09:49.500458,aee915ba09436b730458270f128a42890b9a166ce0d5bd2a777ee2f0fcc1d653,f,f,f,f,f,
2901423,t,2026-07-30 12:38:44.641711,283cea8b8ace2d0aaa2da26bf282b88f0d565834a512f1a2e43af41bf51226dd,f,t,t,t,t,
125600,f,2026-08-03 00:05:57.143563,ea9a19803abe9aa51590ab662c09a4661b4d6c95f28355551a15d04778e2a50e,f,t,f,f,f,
3007507,t,2026-07-30 12:38:44.641711,3a6e5ff925ad0dd97c9e20df4ff3b503f5e3a96ffcb7365c96f53e2bffa31960,f,t,t,t,t,
3469978,t,2026-07-30 12:38:44.641711,a3a9b166af3ac4e22b09f2cf3c99db38e576d1e1d9455f29d3d0e4fa224da3bc,f,t,t,t,t,
3044652,t,2026-07-30 12:38:44.641711,3b18d5da4d5e8ff8c78d38ba03c02adbfc8f93ef73ec9b9076f10b5db32cfaa0,f,t,t,t,t,
3468999,t,2026-07-30 12:38:44.641711,098e8ff0faf73f410b1207ba4349f29f1f6a17312cdabb0d0d568232166f6ba4,f,t,t,t,t,
3049880,t,2026-07-30 12:38:44.641711,53ab417c732219eecd4a14217c8ca9d6fec93d32e3e36dddfeabd72cef92a96d,f,t,t,t,t,
3580573,t,2026-07-30 12:38:44.641711,578d7182cca53acbd554e9d2d638e0b10e5f1481d4918e0ff4a26285eabdc10c,t,f,t,t,t,
4087797,t,2026-07-30 12:38:44.641711,c7daa49560189b34dec02aed5b932e16d9ccbecb3fbefa071ef206f325713f1d,t,f,t,t,t,
2901467,t,2026-07-30 12:38:44.641711,a3d351bf197c8a5eba5f032caae014d3881138729b921ba34036da8898e993a4,f,t,t,t,t,
126644,f,2026-08-04 00:13:41.129149,8e59436c477a8dfa4d8102c72416dfd25c4f6ae6762a4e2efc49c9efd90686d2,f,f,f,f,f,
2901475,t,2026-07-30 12:38:44.641711,f60e4f8fd521456664b2b1e7862e87df5e64393866a2e15dc7e8938383353cd7,f,t,t,t,t,
3064930,t,2026-07-30 12:38:44.641711,c581f7690cdd7cb61207fcc8b343927cb7eaea6a4da4cb814eaa8a3af819294d,t,f,t,t,t,
3580436,t,2026-07-30 12:38:44.641711,e9918587894746737870c2320973ee9c4e6f603f3fbdd7642a197a3ea4abd8dd,t,f,t,t,t,
3101932,t,2026-07-30 12:38:44.641711,62c311769a829a824437d17d2bb59f0df9c00bd4d8084a27e263eb971d34ece9,f,t,t,t,t,
2761873,t,2026-08-05 13:46:12.715988,14b0ecae7c8aec149e59a9cddf38c1d4c7067a4b58964e8955d79d54117b7a21,f,f,f,f,f,
3307664,t,2026-07-30 12:38:44.641711,c7f1a58762f3a8a4ec1b796d6e14287de5f27cbafb3dea7359988f3e664b6780,t,f,t,t,t,
4010367,t,2026-07-30 12:38:44.641711,6fad417b37e9fa661346b6ef45040edd5713f56ce8c491d41fc9dbc589d1c5ca,t,f,t,t,t,
3306861,t,2026-07-30 12:38:44.641711,b0c302b4696592e4c7a4a61e8584e7287322ad0891c0bb4e56dc9eb752bf76ba,t,f,t,t,t,
2762710,t,2026-08-05 13:46:16.925263,0bc500aeff2298e8b6c9f150471819a90d6f1a9322145baf3fa72bd56a77808c,f,f,f,f,f,
4010376,t,2026-07-30 12:38:44.641711,445abd30fe4312d20650a65966bf067f524b4aff9a63385bb90913a4cf49d51c,t,f,t,t,t,
3103192,t,2026-07-30 12:38:44.641711,c956a707b1f2b4c0772aac182e6c7bcae9477d0fbab4a8c1adccbbb7cc9c99fd,f,t,t,t,t,
131376,f,2026-08-05 22:55:19.435491,9e56fbdb602254a80839e5834822bd3678ed99a98291a52c1af700904d80d62b,f,t,f,f,f,
3017600,t,2026-07-30 12:38:44.641711,e72e2aff88895fa0c6aaba63732840996efff2fc231b15005f8b99c573e40313,t,f,t,t,t,
4024938,t,2026-07-30 12:38:44.641711,d7d7144fd45023a397c967069d057919d496aa14fbfff0e4daa94238d7ac0e95,t,f,t,t,t,
3105325,t,2026-07-30 12:38:44.641711,c3b2d666d57b5e9cc2f7fb73ae6c0d79f07a6112eceaf5a550f88f5a1cb0eafe,f,t,t,t,t,
3425419,t,2026-07-30 12:38:44.641711,75e85ff8bcd223ceea7cb57e07f2a5a66bd9b6798f3eb06fe54c14fa7346e466,t,f,t,t,t,
3356037,t,2026-07-30 12:38:44.641711,41a4e7a31487809434ae094a98c527d843af998e8f776e563e15cadd217ba7fd,t,f,t,t,t,
125645,f,2026-08-03 00:07:36.396112,1272c0e03a827d2977cda2d012282fa4c9abe7a6df3c35dec37f5cf33504332f,f,f,f,f,f,
131168,f,2026-08-05 22:54:40.63566,b29bd8bad1d3231b0f2cf327170794bb5c857fe464c531446c00558c0ad54326,f,t,f,f,f,
2785711,t,2026-08-05 14:01:34.540119,7eaef07c8a7d2febe45a075c2c94adb570f2c2e80a092446cc4ac975248b946b,f,t,f,f,f,
2901410,t,2026-08-05 14:03:23.962654,9baea277110209d503549487097cfcbb04758f3201bdd645eb2adb7da74313b8,f,f,t,t,t,
619211,t,2026-08-02 12:09:30.62517,2dd85ea06072417da00940e5883bb80c76ff3f83969f50acc1cf4d0cbda17a76,f,f,f,f,f,
134637,t,2026-08-02 11:59:45.046178,7a5e8691f6aa05be94127a6071e4be6b2f58099ea1e241daad34e52bd7b8251a,f,f,f,f,f,
609588,t,2026-08-02 12:09:28.520643,c4eca635a4f443018d795df025344576d4e22fffedc18c46a2bde62675de80cb,f,t,f,f,f,
2672773,t,2026-08-03 12:13:50.018118,4af1078fcff111b9daccb6dac2bd8be06fbd06a8d0b03afb27f058a98cbc2260,f,t,f,f,f,
2608622,t,2026-08-03 12:09:47.454521,37c0061cf9650318841367023be0f1c9db92036da33761b5c1a79ddba5df5296,f,f,f,f,f,
2702477,t,2026-08-03 12:17:01.102935,4bf066940eae3e349bc555054fb500f543bf359046b674d4ea6f900516ff6d8b,f,f,f,f,f,
2609158,t,2026-08-03 12:07:42.06002,d31e9b91af19385821188b4146722d9228f1efefbea1c163b7531a6e20c37290,f,t,f,f,f,
2732999,t,2026-08-03 15:08:57.111406,ffd534016b706b9d4b941bb1e4e7e4cca07e8f8662227a6258591f1b06c5792e,f,f,f,f,f,
2557959,t,2026-08-03 12:09:17.730445,ccebb0d5949041659a8336718d8f6341101aeb122b7a361f4f12da426ba73454,f,f,f,f,f,
125761,f,2026-08-04 00:09:25.770111,600babaf4e3e69be2a9a3c9bd627e5be367dd736fd1b7eae2e63afb918b232b5,f,f,f,f,f,
2628979,t,2026-08-03 12:13:28.409306,5918294b91e94ce7cbb1af9bb4dbd814a2b095a64ac593290b1793bf126e42c9,f,f,f,f,f,
2702544,t,2026-08-03 12:15:51.031128,16638a46cc3aa479371ba28248311bffc9ca438e1abb49bf024dc5994ba6d11c,f,t,f,f,f,
2702545,t,2026-08-03 12:15:51.340881,f5bd73f349c8786bc8b1c18c831187f17c7561410092e234d48a2983b24277c5,f,t,f,f,f,
2715990,t,2026-08-03 15:08:31.289098,7155beb5b2f13b054ce9f5670dd5b1260d61f1081872494db1203bd641a54e7a,f,f,f,f,f,
2717129,t,2026-08-03 15:08:36.983609,258ed5f9e59ab1c8c29dc22783ebc67fc030b6630cd412878a9044ec600a31fc,f,t,f,f,f,
132753,f,2026-08-05 22:58:47.84332,96249b47362e50dc00b59a509fa86190f949120dc7a7da84bb3816c65d710dc5,f,f,f,f,f,
2903603,t,2026-08-05 14:03:27.861021,a8ddda85b10bea8ec09bc07b336d9e7682b9e5d2d119edccdc5a7dfcfcfb702b,f,t,t,t,t,
2720434,t,2026-08-03 15:08:42.9823,c05002d5b0252d0026178ea08fcdbbbddc53a3d5ebf47e1732295e7c5d3aaa2e,f,f,f,f,f,
2733996,t,2026-08-03 15:08:59.509868,49c6f73f5ae4bb455ba6bfb07ea696a5e933e939d660020494e30231cd94b7f6,f,f,f,f,f,
2907487,t,2026-08-05 14:03:33.867249,184bfce47eada46e60377f995a4677cb83179e8fadc20bfaa16402335dc334aa,f,f,t,t,t,
2911843,t,2026-08-05 14:03:47.372532,3288191d93954fc556368e2a99b5b6f75b2bba5503f0320fb6c557925fb90665,f,t,t,t,t,
2913283,t,2026-08-05 14:04:06.578435,b61f8bd696fb884c5e3ea1aec604328bb1e7b6c2b47926f1c6cebeac30450b17,f,t,t,t,t,
2913349,t,2026-08-05 14:04:21.041802,52480f024e8e1edbb3407e98d2fd339abfe5ceb8d5c5b56b763f6409f32133b1,f,t,t,t,t,
2913856,t,2026-08-05 14:10:59.552313,3e26391e249f62cbd1df12eacfcf17eaa115832f2bbfcc2f598b736adb80b1d5,f,t,t,t,t,
2914168,t,2026-08-05 14:11:05.560048,63c0c46a353ae2ff5751c714e0aebbc62a39aaa1c85051d10933b4c22a509c68,f,f,t,t,t,
135516,t,2026-08-02 11:58:36.824543,2241da0130044464a2233a83ff422fc0f2a116a92fa7f3ec8a537b3fc9b8aecb,f,t,f,f,f,
3574598,t,2026-07-30 12:38:44.641711,204d2d8a445f2be683b00f15f3901922e8f2e2c964a1f8ca8618e8dc0ca015ef,t,f,t,t,t,
2687961,f,2026-07-21 22:35:13.467184,f8799e556291cb79f208343ec13f584c238ecaede76e008052918c8f65b007ba,f,t,f,f,f,
3301249,t,2026-07-30 12:38:44.641711,c6a49969c5f2da679716c243261d6fd91be23eaa5f85848f7930a7773c77fda9,f,t,t,t,t,
4024974,t,2026-07-30 12:38:44.641711,cb4bf911a026158d82e056a0746c4f74fb1dd486b69b5be6ad77a4e07bb19555,t,f,t,t,t,
4024970,t,2026-07-30 12:38:44.641711,0dc9aef532a0d1bf5882e6295585c0846b498f50a6988fee38f2beb7866e1b77,t,f,t,t,t,
129284,f,2026-08-05 22:49:34.809565,8a173998034ac9da5223def96eeb237601fcae3754f31113fc2993f13579aed8,f,f,f,f,f,
3305809,t,2026-07-30 12:38:44.641711,700a59f0ac8130ef1e2f3cc7824dad034b78d84a8b8dcf3271f0459a5fa7f136,t,f,t,t,t,
3305563,t,2026-07-30 12:38:44.641711,050d82c06e89ce557e6c5d9db7b5a456370ae943dfe728f1b71c4ff8593546bf,t,f,t,t,t,
2925666,t,2026-07-30 12:38:44.641711,c6aec49819d67dea23de92479c343486af6e7c0f6386f1ff828629a7b26eb06c,t,f,t,t,t,
2778036,t,2026-08-05 13:54:51.732336,a6bf07d7b26652e0a75b641997e8b601c81b56512eb0640c7a918f2e89080e78,f,f,f,f,f,
3410333,t,2026-07-30 12:38:44.641711,3c5970f0d88ac73bf7dea21833b6306266c2c87b62f5db89eb5360cf404a08d4,t,f,t,t,t,
4024961,t,2026-07-30 12:38:44.641711,1f3f633f339d55a10af31987976a4144eb6d449e7550d11098f3ce4ec6a8c646,t,f,t,t,t,
4091198,t,2026-07-30 12:38:44.641711,416a300cc7d4b28621bee34792b0bee757bbca65a768bf9ab5c6781040618c55,t,f,t,t,t,
2925702,t,2026-07-30 12:38:44.641711,ac4a675767d951d906ccb0d41fde68af6e98d9ac246df3a6f5ccadad947f2413,t,f,t,t,t,
3444482,t,2026-07-30 12:38:44.641711,15a1e517ddef6c6c17006a807f409c8c3082d7ffde0d697ab2cf90281a7e61f6,t,f,t,t,t,
128362,f,2026-08-05 22:45:38.167959,fb03da1e9a533750e15b7162859eed384c7051a806d630e7cb80f44f69dd875f,f,t,f,f,f,
3307660,t,2026-07-30 12:38:44.641711,4c5ffb6edfa7f362d638ad8d97f761970916d174255dbc4033149b4f2ada4ca7,t,f,t,t,t,
2918766,t,2026-07-30 12:38:44.641711,19da1275d27ef3dc1585481b85e073061e176c75b3038c5daa044b0e02c4afb1,f,t,t,t,t,
3301245,t,2026-07-30 12:38:44.641711,dfffbb7e4419dca2c9e3e9a29d1b89b401fc3b3aa9e7fe03daef8d89a0f6aeb5,f,t,t,t,t,
3072016,t,2026-07-30 12:38:44.641711,d0e53c473254a7969e1ac870d963220b64d8e9c473cf23583961ff3909cd8493,t,f,t,t,t,
2772666,t,2026-08-05 13:46:29.826306,1477c7dc1d7802885a8b0655dda05b21adfd9195a864464e5c754eb4f0fde759,f,f,f,f,f,
131577,f,2026-08-05 22:55:53.004352,23339530d651ace1d560891e22c63564730acb7930556a7feef672191d1aeabb,f,f,f,f,f,
512084,t,2026-08-02 12:09:10.503542,9c7d2bf4a39d895ebbf201ae41727f87a36f70aee82aae871d74c2546fd2678c,f,f,f,f,f,
2791441,t,2026-08-05 14:02:07.044893,58818c28bf34a344a44a30dba05856f7222fe10a2cefd24da4e34750b40e3919,f,f,f,f,f,
1822667,t,2026-08-02 15:08:41.15461,9ecf347f8e2214298927f1bce6d65cf561cb1d40c4e0f6792247d559f72259d3,f,f,f,f,f,
688257,t,2026-08-02 12:10:27.82271,8db1bccb676011133213cc7af7c9e272f39979ef057c9249b9e88784b6f19def,f,f,f,f,f,
1822810,t,2026-08-02 15:08:42.350726,1492b4643844ae93e031d07871d26bde539ba6dfe04e734770c2c8567f4d7fe9,f,t,f,f,f,
2032437,t,2026-08-03 12:02:59.007658,4d307d917a982e18b5d56eb3ff8c3cf60338d6ca3e565c27f4636cf0ef54b0c1,f,t,f,f,f,
2032434,t,2026-08-03 12:02:58.729437,c3f845c3e439f8ed59b6eec0d4d06728f52749a276d1db5dcb304276323de83c,f,f,f,f,f,
2043685,t,2026-08-03 12:03:02.955122,ba3a33bc85b9b5fa12748de0e37df16482d904fae537862ef1493e5b672a9d9f,f,f,f,f,f,
2503173,t,2026-08-03 12:05:48.881977,5a752f6ea178e17395730c6d3e41e7c98a4204ee522c5b23f0e2f1ddcbe399de,f,t,f,f,f,
2652853,t,2026-08-03 12:13:37.716994,3b3b24f6fa3630f6bba56ea8ffe47b48fb5b2cf0979bc1ae9dca4d4f135b865d,f,t,f,f,f,
2657952,t,2026-08-03 12:13:39.207994,e4d10cf6f3aa8c5317ea0ada008cf464af3eba4a988e390b86c68dff767a1de1,f,f,f,f,f,
2651025,t,2026-08-03 12:13:36.204769,41e2658820ac3b66613f7d66c64bb5276f2cee295b5a477774223fe3ea0aec1c,f,t,f,f,f,
2651026,t,2026-08-03 12:13:36.506965,bdbb0c6e8aed4a35860a76f2ea46bd157b53b4b4a9237b3e70a0ca60677538ed,f,t,f,f,f,
2774489,t,2026-08-05 13:54:08.206717,ea9cea960d0807881c927b1fe103a4d39d49696c625a5c9053c7245ecbdbdc0b,f,f,f,f,f,
2700606,t,2026-08-03 12:15:33.025874,2b260610115049dfa042e422dfcb2660e59cf5a5cfe96ed0b282ce3e48ef19e6,f,t,f,f,f,
2633832,t,2026-08-03 12:13:30.801382,bca191c4dd8140cf6fdb6e99e2411929ab031f9b8164f0a4ca522d8bd4a98ae5,f,f,f,f,f,
2778054,t,2026-08-05 13:54:52.326856,c0f09c0a2b3b1c22a9c3163d3960e124001c4ba4eb174b3a7f70511f8a54c21f,f,t,f,f,f,
2714800,t,2026-08-03 15:08:21.077627,3ffd483c04a1c51fb8036ddde268734fc8cf068f3beb4ed399b9153a073733f0,f,f,f,f,f,
2727204,t,2026-08-03 15:08:48.390289,56b1908e9b15e1d018a79529741054358da0c7301f3e8cdead7f9cb30f971336,f,f,f,f,f,
134085,t,2026-08-05 13:46:39.701226,adedc7880d3d6d8a5aca1a313a0795d999f540e517493f9027a3d85d3782e901,f,f,f,f,f,
2718062,t,2026-08-03 15:08:41.495922,e8122910d91accce42136281864bdc0c602ba2f8f7b55ae5dc61c34637bbe775,f,f,f,f,f,
2809292,t,2026-08-05 14:02:55.381855,a0f1c8cccecdafdc1b40d54e2f8076fa4c4d009a1a43dcaa1a941bbfa7470406,f,f,f,f,f,
2892301,t,2026-08-05 14:03:05.565445,a2bd7b6ccff36c16c66aa061b26c3aa0351f332d6d4d30ac20a9f30ba16a43ed,f,f,t,t,t,
2892320,t,2026-08-05 14:03:06.550507,1f680d614fe58090aa72bafa1e48564874719f232eaf444dd5bd90e681b1897b,f,f,t,t,t,
2734906,t,2026-08-03 15:09:13.616065,58b37a293e090a2c58136a0962f7e0c71fc0ad1603dd21c7390d017fb812a806,f,f,f,f,f,
125757,f,2026-08-04 00:09:14.516641,21591dcfd0925f510f42114291b18516b7d9fdb0d5a3e55f25b8c4de70dc56ea,f,f,f,f,f,
2894634,t,2026-08-05 14:03:19.752957,bcc3f1241e8ea03873fc1b4e240520a31759584b44321d8956b7619d26a5058d,f,t,t,t,t,
2913285,t,2026-08-05 14:04:07.184084,ce3577894c1bee3827971fff1a200f2647294240fc4ff27f9456c047a6217b3f,f,t,t,t,t,
2914686,t,2026-08-05 14:11:06.765062,a8c5520485dbb4823c8cc0bc4964670cdacc1f4bd1aaf4599d208010bb20aade,f,f,t,t,t,
2914689,t,2026-08-05 14:11:07.058472,9a5f34e472d5e6c98029079a2a3e99c70130d57ee2204220d22cef5f82be157b,f,f,t,t,t,
2924326,t,2026-08-05 14:11:15.768302,6a48f2bfcbe6edc15a90c2041ee2512f2eddac74468a2df7825e10a844861aeb,f,t,t,t,t,
2924346,t,2026-08-05 14:11:16.665573,86da23d8e07634890affe70bd3a48ae72438e5df4d9dcfc484c1296732515ca9,f,t,t,t,t,
3546246,t,2026-07-30 12:38:44.641711,985a2505299a06fe38685ad7d5ac0cbf876bf814f7744d2a1c7054c07ec42d54,t,f,t,t,t,
3497214,t,2026-07-30 12:38:44.641711,3fcc06311ee690420a79d81f4363a2ee95e3f6e573114242572b1c552ec2f096,t,f,t,t,t,
3424292,t,2026-07-30 12:38:44.641711,f2ed55627c138758a07b66b3e03a574f664303708d0c824794dfa5eaa1a7307a,t,f,t,t,t,
3028774,t,2026-07-30 12:38:44.641711,60ed4ab74b68eb9dab2fb474bf3fea6bb95da4e1986ffcf6e2d5535df714a16d,t,f,t,t,t,
3576669,t,2026-07-30 12:38:44.641711,5752f647723e79b9c723595ec3ad882a539f1454a757a6c0cc1075c872c9dd36,t,f,t,t,t,
3069902,t,2026-07-30 12:38:44.641711,651c578c5e3ee336ae49850968d2a6d41df3407bb919a55f1c9c0c8409c652db,t,f,t,t,t,
3082646,t,2026-08-05 13:42:03.705075,fd50d70d7c2133fd754c1ce49bbc3ff9854a2b4a08b5437f7729e9fbe212a1d1,t,f,t,t,t,
3540227,t,2026-07-30 12:38:44.641711,191bd9a5f19241ea87e411d5d25a8218e1e37e766a86bb9a1cf0351d2ad9429b,t,f,t,t,t,
3072013,t,2026-07-30 12:38:44.641711,f2bed2c224911290900fde0669803bdd202d56a0c0dfa3d6dd8bb2081744b9f3,t,f,t,t,t,
2774509,t,2026-08-05 13:54:10.006465,82e2d25b49dc7ef75f3bc2f8599c2b6233390dc16531c2a3e8d68355ffcaaf93,f,t,f,f,f,
3082630,t,2026-07-30 12:38:44.641711,8ff427d36abb9bd17bfcef76d892fc88b11c744ea46ed386c7448b9ab65d5b61,t,f,t,t,t,
4024943,t,2026-07-30 12:38:44.641711,83025b7cbacc2bde7cf4c3d1f5a42dbb19522d7830dc7262008cbc7a8d00c835,t,f,t,t,t,
4091193,t,2026-07-30 12:38:44.641711,80c68b8ead400a2dea3b62e9721997bbf14282295f1f2fca7164130c24c78b10,t,f,t,t,t,
2774520,t,2026-08-05 13:54:12.105374,9dfa65fa531ee15baef77bf6977221c0012927e65ef97ff93ee016823440abd1,f,t,f,f,f,
2763384,t,2026-08-05 13:46:22.929803,87eaabb18a39937959fc966063149f14ffeb89ca33db6fcf4818c34074d00e68,f,f,f,f,f,
4024926,t,2026-07-30 12:38:44.641711,72202f3781ee29b3b582924f123d995278b238813f4dd6172cc7e064d12bea80,t,f,t,t,t,
4080443,t,2026-07-30 12:38:44.641711,80118c4363dec7947e300bc1a7632d6358ffe80fa7919600cfa379b12342774b,t,f,t,t,t,
252549,t,2026-08-02 11:59:26.782202,edc6898ed2ff84d968da55c8eafa5bc5d3b423193a3b1c0949377dbfe8496be4,f,t,f,f,f,
4054269,t,2026-07-30 12:38:44.641711,bbe48aca48d6b258b14ab781ecafa0495d66c21e7f00f055f9453cd3bc1ecff1,t,f,t,t,t,
3076005,t,2026-07-30 12:38:44.641711,ec4eb5b24091ecdcaa6b03d8aaa518c42210a4c3b19c9e8d1a26ebe1dcdbfb04,t,f,t,t,t,
128230,f,2026-08-05 22:45:09.797554,6822ad015e5aaeea7594ebffe903e3925910999bd89b4c7368d4cdf2623eaaee,f,f,f,f,f,
2925678,t,2026-07-30 12:38:44.641711,f8f4f4e3e546ebf2649ee4a706500a1c56ac3442db2bdb73c6d2e1c455af208c,t,f,t,t,t,
2755550,t,2026-08-05 13:45:27.695752,4fbf88e411b950a7c8c3d8eebcf258a492e645c3212504fd9e072832b7d5fab6,f,t,f,f,f,
4010354,t,2026-07-30 12:38:44.641711,945aa1da413c9318fd59a01b447127607dbeea1c497e56932540e5a4a447a5cf,t,f,t,t,t,
1855087,t,2026-08-02 15:08:54.368043,eaa5edbd9ed8141a1bd214ee474888f71228f1abd118f2f9f1c87e8a9d4f3ea7,f,t,f,f,f,
609608,t,2026-08-02 12:09:28.821377,24fa3ba1482276231ca63f319c3d30c41e990c92711feaf1f2f5633924adea4b,f,f,f,f,f,
132268,f,2026-08-05 22:57:43.224742,72901100f9b15bb434a97e0a20643c627c949733f8c18d5aaa09f8fd7e5770f5,f,f,f,f,f,
252556,t,2026-08-02 12:02:06.226015,14c6862c9bdce2d2a4f84b29b4d268d6d88e75a7f1d335fc6a91f43d19ce2c95,f,f,f,f,f,
2755567,t,2026-08-05 13:45:28.910395,4d07cdf42013b6c5bbb32e06be2f1d48b6f14eb29d5c27bbe691c9d06e15bd3a,f,f,f,f,f,
627355,t,2026-08-02 12:09:45.027478,7410d86e890b7e9cf1d8769fbb11d00653948a794240c05ae10189a980557270,f,f,f,f,f,
1409287,t,2026-08-02 15:08:29.457123,736d3dcf509a3b1d30785b632d4e0024358cd3d54ae629b2ba7a1519269d5be7,f,f,f,f,f,
753732,t,2026-08-02 12:10:32.622953,67013dac46a973a3ff1cb4d43eeeffbe1d1184065b8b7d4e465bebb7a014ac8b,f,f,f,f,f,
125607,f,2026-08-03 00:06:16.024488,745733b3a111de224296e88d33e67db0a479b40efc1ba755ace5d34c118b5d39,f,t,f,f,f,
1742887,t,2026-08-02 15:08:36.058447,090ff822462b5f63a7bee0777e421cf94c23ed0e42141a3f4fcf08f7d2d3b37d,f,f,f,f,f,
1959936,t,2026-08-03 12:02:43.993868,b7131b31fae9fbdd3da5630572f154b26858fbaa04cf86a4d60b394b20199f12,f,t,f,f,f,
2687891,t,2026-08-03 12:16:49.999046,0644e7dfd3de273d0547b2ce5077eeb43a701a078ec1eb0ed10237ec87fa273f,f,t,f,f,f,
2454277,t,2026-08-03 12:05:36.87406,3a79b5608b745190ba9a21a13da5987dc7d7e0571c7e5c0ccdd0b85fe3658097,f,t,f,f,f,
2632700,t,2026-08-03 12:13:30.202339,fa45ca69826c497aedb32464eb80796d404f124b746f9b5036f0cd6317b2f819,f,f,f,f,f,
2665662,t,2026-08-03 12:16:28.092893,8fd5a052cb4216d3d3cbc3f00ae32a40b431462df5bd8c8a6676b602417ffd38,f,f,f,f,f,
2552001,t,2026-08-03 12:09:16.233648,a4d31c3d5d5c558427864c9395f88e292ecd9d4bcb8cc931488a4221aeb0dd80,f,t,f,f,f,
2613433,t,2026-08-03 12:09:53.752544,ea9447887bbd9e6e9ac25612a9e1be061fc274fae2310e530070392e72a5031c,f,f,f,f,f,
2755572,t,2026-08-05 13:45:29.213718,9f43992fc566734ff1c96ccb32cd429ec2b49206e65b39cb0c784766994721d8,f,f,f,f,f,
2702483,t,2026-08-03 12:17:02.3079,77399ea209ad632d28d915ad18968c4c12a7f5590bf3efca67ab2f26278d7879,f,f,f,f,f,
2821145,t,2026-08-05 14:09:46.487092,6405001b913fd881697a1c823fbf067038c1a3cf61e218c393ac60383c95bec4,f,t,f,f,f,
2616773,t,2026-08-03 12:13:26.304433,d6cabb811411000ff589fa83a847c7301ec9d3f8207a4a1b877577f1ed905d2b,f,t,f,f,f,
2702479,t,2026-08-03 12:15:44.127445,e55e5f2349e812cdc5fca7fdc51d99ffdc48cd1b520e087ac20ec1372f0f77ad,f,t,f,f,f,
2892275,t,2026-08-05 13:57:04.83168,a87cffa1a575352aa8d908248fab1c586e09aafa5ad80448b3e0ed64cf58d94f,f,f,t,t,t,
2912489,t,2026-08-05 14:03:49.775499,a74e55f0112b00ed47176a313a78c7629c225ac2c445e1f602e0374e0d90e62f,f,t,t,t,t,
2913281,t,2026-08-05 14:04:05.988395,1a51874776bc1366f16d796d3c0559e2927fffd533cd1e8106a1d727b10136b9,f,t,t,t,t,
2913337,t,2026-08-05 14:04:19.84321,148851ba23742499bfd650a801e46bd2fbfb2ee0e7689a7ed35ea2c95c738768,f,t,t,t,t,
2854738,t,2026-08-05 14:10:03.964771,fee9fab3a1ec3fe2cd9b414a168d47686dab55302c8e1e0b00c7b080de6ef262,f,t,f,f,f,
2824390,t,2026-08-05 14:09:48.584084,e4f6c79ee832f7a331b2efd096eed28cda3731a71ad61d8b7fa90c15a1fda19c,f,f,f,f,f,
2913759,t,2026-08-05 14:10:50.849759,8231043ff1b4c68f8ba6d46edb187926d1603493fbe1225a005b50a8aa7440ee,f,t,t,t,t,
2913858,t,2026-08-05 14:11:00.157637,1d56cacf38160697911cf7e24abe8ef91ed8c3819e4f4a9314f5a77f4b544b1a,f,t,t,t,t,
2924262,t,2026-08-05 14:11:14.263473,63d56ae7771bf63d677cd4caf7cefaa823fe7c67f8dd83d549d446e0d22a39eb,f,t,t,t,t,
2924319,t,2026-08-05 14:11:15.168431,58abd9884de314aa0d291bee73c7270f436c7558cd92af7151931ac32d1bb415,f,t,t,t,t,
2924395,t,2026-08-05 14:11:17.272237,5d347251237ff1493c6f0168193ebd155db3b20c090c109e6e50406b05ef804d,f,t,t,t,t,
134084,t,2026-08-02 11:58:09.025103,2045c1503c4f27595796ef6ef91e6949e462ebd316422a2098da3aa7cd6fe552,f,f,f,f,f,
131374,f,2026-08-05 22:55:27.338092,b9503eb84e16ab2af776f47e2fe325439f7ac61a1ad324bd7852e0328890f0c7,f,t,f,f,f,
3305724,t,2026-07-30 12:38:44.641711,263970e4905d9e873f50099d5728424c7de79e395b6d5952a1d873e05d2b96af,t,f,t,t,t,
3306304,t,2026-07-30 12:38:44.641711,7121fa59bb9ae3bc2b1ddfe915bad351a0f3710f3ea08a60de11516beea2a572,t,f,t,t,t,
4010351,t,2026-07-30 12:38:44.641711,3cb0e53d02233d754f48a5439b135f7005dfccf53f8fbd8fce140a36be7ecc3b,t,f,t,t,t,
2925688,t,2026-07-30 12:38:44.641711,c8c73f4c5db0b2623e5c7e2d69e9be799c6a5d3961eca050f43d9b2e97908859,t,f,t,t,t,
3427042,t,2026-07-30 12:38:44.641711,de63f23615dfb7bde188007b414a307cb0c47cc4c590c9e9b20e0739b12e9212,f,t,t,t,t,
3476445,t,2026-07-30 12:38:44.641711,940a897e2c3c0102c8bc9903a3a420ae15d34d8b0e8a7557462ddf547fad68b0,t,f,t,t,t,
3080196,t,2026-07-30 12:38:44.641711,b942f9b1be5483ca5c45cc25c01ba7143ba1355d69b206525203f7b0028ff2e7,f,t,t,t,t,
4008002,t,2026-07-30 12:38:44.641711,431ca673eb2051f4a43b1e63e1c354471f162b285a758e28d2da8f1cc395e67a,t,f,t,t,t,
4008000,t,2026-07-30 12:38:44.641711,a6e38ecd19ff3aaa96f48cdf904d04013bb1b5e955fffb0077a8ff0c54fedcab,t,f,t,t,t,
4007986,t,2026-07-30 12:38:44.641711,189213932fecafa5ab521be313a8af8be7e7c085f4bda127a94dd74dda7c8548,t,f,t,t,t,
4008004,t,2026-07-30 12:38:44.641711,2cf4f73ec0919b9a30467e240f2ff5961359950b127d59c34df5f333eca01e21,t,f,t,t,t,
127116,f,2026-08-04 00:16:02.931404,def00be3fa346478b64aaad846a3d4b58fdf2f73be823110c329a2fbb997a83c,f,f,f,f,f,
2814485,t,2026-08-05 14:02:59.285622,83a80ca3c486cf12841e727bfe1ea3a18ddc5c77c6c76aca9a4b8f1f997a73c6,f,f,f,f,f,
3072015,t,2026-07-30 12:38:44.641711,4e3b356cf3dee817bdeb4996b6d72867aef3e189b9c27aaa2438c5f71e3d88de,t,f,t,t,t,
2681534,t,2026-08-05 13:45:12.091363,6fe4e991d480a24c62d2b5db2b3f681f4bf831ac2c1605d9869c179db2dd58ba,f,t,f,f,f,
2774539,t,2026-08-05 13:54:16.008932,fb041fc75673b444d2aff89a57159876d0049a2a97f970e441f89d15867e1a6a,f,t,f,f,f,
2752057,t,2026-08-05 13:45:15.388373,cb2bffad937b889b03755f5b1249ed5acb59087e7d8eefb8a6fb20e1867210a5,f,f,f,f,f,
2755608,t,2026-08-05 13:45:30.115816,a3df0a53314e63cd5608346de7e8bacea81c3f329c49aeb7949be4f52ef84fc6,f,f,f,f,f,
2755714,t,2026-08-05 13:45:33.69569,37dab96a0281f4a3f341b9dddeec432b906099b87ed1b8d5bbb94eb5c2a01d67,f,f,f,f,f,
2778038,t,2026-08-05 13:54:52.033105,88c1d7b02a33bfbbcfd7b9cc8dc53e3352482674f6a4afdba31cebaab83961f9,f,t,f,f,f,
135393,t,2026-08-02 11:58:34.714299,1b35014939b2cb417d638ee40816b161a0355643b28dd53e54fbc06511ee156f,f,t,f,f,f,
252554,t,2026-08-02 12:02:02.905196,8e488d8e1e82244ca3326f3f975a6c56fa486b16d975bc997023fdd6d3540c48,f,f,f,f,f,
252557,t,2026-08-02 12:02:08.195947,5431f2a3415330fc40db9c238009e2286474a1d900d9981c133f24458a49b6be,f,f,f,f,f,
132256,f,2026-08-05 22:57:36.742811,838b1fcd0f3dfcf48569f6bb5c1f28bf8c8dd40ef37ca9d531b51b06df9ed1ae,f,f,f,f,f,
252558,t,2026-08-02 12:02:08.271875,437ac2cc00256815184ef67d0988aa47fa7eb9c8f47c096c62c1db158c1b86f0,f,f,f,f,f,
337539,t,2026-08-02 12:02:24.598692,37481ab454364c9368263248314dd2caf01fcd4e152a2fe26a0fff19b94728d6,f,f,f,f,f,
252551,t,2026-08-02 12:02:00.78086,270b61cd94198bafb0c8ea4d998f43e92ddfea084531dfdeac7dde38a1fdd8bc,f,f,f,f,f,
137475,t,2026-08-02 11:59:57.965718,27eb978b146eef767a8d052e873db519bad7486e8cd9e7908c1ad778dcddf6fb,f,f,f,f,f,
800404,t,2026-08-02 12:10:38.62769,303b3d0e431a3e1690c533c642421f8719a770d1cab8113599229c84bd5cc537,f,t,f,f,f,
2907697,t,2026-08-05 14:03:35.066787,64a683345b8ab3464fe72282743ccde9ede12fbca100b31749a0ad42a8afb8ae,f,f,t,t,t,
132765,f,2026-08-05 22:59:48.846895,1672c68842f48c515190a4b527176ffcf1225e3e8fc88a391c29efe62f550886,f,f,f,f,f,
2913286,t,2026-08-05 14:04:07.485075,a93a3b4e898c0741517521cc74a3c2dbd5d486ee7217bb0385df8da9f5bb349d,f,t,t,t,t,
133238,f,2026-08-05 23:01:30.034666,a25086fb019428af29f823cd5bc6aba535e15117b622dcff280f8eb2bc848f29,f,t,f,f,f,
2823999,t,2026-08-05 14:09:47.99493,248604eafb51b64acef7f7e44c75842261dbd54f79cae37fd9e4fc2792784ef1,f,t,f,f,f,
816294,t,2026-08-02 12:10:41.33078,2e4d0376a80a7ec7dbb23c1c5fc9b6feb331c095215edd5ed75030ebe9a22ad0,f,t,f,f,f,
1633367,t,2026-08-02 15:08:33.345135,c6f06b15ca52a714f61e0191ad74ceac9e5c8511fa57febd55c594f8b62c2ddc,f,f,f,f,f,
1967843,t,2026-08-03 12:02:45.798906,f8a494956c4c23f8cd314a1c03037de5795f22bff9e665282cac500d8bd9f9d7,f,t,f,f,f,
1967853,t,2026-08-03 12:02:46.101066,dda25dfddf643d9cd518865609f97fdb8bd7f3a6f92cb2dc9185822a818f926a,f,t,f,f,f,
2022920,t,2026-08-03 12:02:56.603039,ecee21d24f2acb5d2c4b13647c7da58edc7540db312f1bcded8df7b891927452,f,t,f,f,f,
2613436,t,2026-08-03 12:09:54.354812,6464180aa55afb64eec2190b1343b360bc7f898ecfde1df2df36ce7ab54fa1d7,f,f,f,f,f,
2613434,t,2026-08-03 12:09:54.054024,d8f0f14c707bac5997d54d403f28c33d9a1cbe39caf32ee51b9903e31e3f1d04,f,f,f,f,f,
2702489,t,2026-08-03 12:17:02.912157,1387b5c6b379e6215fcea5780231cf63c3bba2d4f5f8af159a2557c58a56312c,f,f,f,f,f,
2702481,t,2026-08-03 12:17:02.006637,7fea5a4df1fcb561e1f14f9a0b3e28e7af078ee182826e631a455de6575321da,f,f,f,f,f,
2702496,t,2026-08-03 12:17:03.206002,0d5787d6f28ec0a3b51bf6b854d0f9d9d0a604d13309ebc44f324e878ce8676a,f,f,f,f,f,
2748069,t,2026-08-03 15:09:36.426369,5272e5201b71adc8dfd0ec328a1ac58696f3b863dbd6bc0bf3c5e8d317d8778a,f,f,f,f,f,
2913717,t,2026-08-05 14:10:49.95235,ab6fcf757a89978b39dafc80100e669ddb0b786e35faefcba6e1cc4f4628680d,f,t,t,t,t,
2627980,t,2026-08-03 12:13:27.50714,9b674bea29d63c5d1f5af93d15ce95e70429212d179d2eefc49245adb24d4e01,f,f,f,f,f,
2913881,t,2026-08-05 14:11:02.261153,92f344d9adebf5e119ac596ad7310f2d43252f00b2da4c61aadf71fffe83286f,f,t,t,t,t,
2734167,t,2026-08-03 15:09:06.110393,f07c0b9ff3be2112088f956b444bb19fee7d19f43a5a883dbe3c81e9ff4fc218,f,f,f,f,f,
2737329,t,2026-08-03 15:09:18.411852,8e3eae4e4a2b89c5f26054f92113f4112079d5023c044a34abe0a864dfea2d4f,f,f,f,f,f,
2748089,t,2026-08-03 15:09:36.731108,d6af6a50389017c2d2412b094237dce1bfba13e4cfe1b297992d95611db1982d,f,f,f,f,f,
2924241,t,2026-08-05 14:11:13.974346,87dc653a28ca0851fd5247dd6577e81d64ecdaea1cbf43eb680461dd6541fd7f,f,t,t,t,t,
2924344,t,2026-08-05 14:11:16.369396,59263dac190e77666a70728540cd8693038c0c75efea203abc78f66fc2b37451,f,t,t,t,t,
132754,f,2026-08-05 22:58:59.522164,c4101d07fdb6c7157ed69c5517b208c76f0338bd8afdba32549cea1bf08a77ec,f,f,f,f,f,
125781,f,2026-08-04 00:10:45.551828,f21bd3330fe2c35961dafd9669a01e01d76949db52a2449da9b3af68740ef376,f,f,f,f,f,
129287,f,2026-08-05 22:49:17.697967,0345cc3f89f273874933649623707f3e3f889550871019a7b803fc84d1dd963c,f,f,f,f,f,
129290,f,2026-08-05 22:49:22.271524,6ebecace2ef9224ff3b35f6344ca92421de5bbfb13f46148ff9d9b1eb07c80d4,f,f,f,f,f,
3453166,t,2026-07-30 12:38:44.641711,c9fcfa7b6b9c0827fbf1e9c97b9f0b05b203c8d94ca628bde0f3c562e6d93019,t,f,t,t,t,
3069995,t,2026-07-30 12:38:44.641711,29b094d74b4e3b121603c2716478d3a34499e01773c14b4ed9716c12edb7fcc7,t,f,t,t,t,
3564622,t,2026-07-30 12:38:44.641711,55531197f58c036627dc441e2cf9ddb00749a27008d0147c03c262d99ba9f69e,t,f,t,t,t,
3115337,t,2026-07-30 12:38:44.641711,b33a1be337fa28da541a1583f3cdb76148e19e83a59c7d70afda0fa8673b675e,t,f,t,t,t,
4058984,t,2026-07-30 12:38:44.641711,3a2c492144f05d03bbf5e16e447e3b2737795f8d13ed79d004995107242fd796,t,f,t,t,t,
3029947,t,2026-07-30 12:38:44.641711,339d9f3555f106a85757988e254442311d74978f64d6215a06df578dcb42cf9b,t,f,t,t,t,
2470366,t,2026-08-05 13:46:40.589711,40dc4cd6573a766253f1a9c8ce74df7a294994ad36d81ada1e5ca0b1750108ac,f,f,f,f,f,
3082611,t,2026-08-05 13:42:03.705075,b329b1a8f23607be7a34b8b848d1b1c52df31db61803aa741bd3a5de91d6dceb,t,f,t,t,t,
3029968,t,2026-07-30 12:38:44.641711,a85907637fd8a46afff03bda03bacee14000a5f35d259a110dfa16b786cf2600,t,f,t,t,t,
3072014,t,2026-07-30 12:38:44.641711,d13d58b8a8c97089d73f610fc90959bee793d9d5f818ec3b28dc6f70ac77f303,t,f,t,t,t,
2927415,t,2026-07-30 12:38:44.641711,56cd44a7bb01683cbc65f27fecf544a274feb4bd26f69e459888f5cae33948f3,t,f,t,t,t,
3069589,t,2026-07-30 12:38:44.641711,3b864bb948e13d173ea895365eba961617940cabbbdd9cfc831d242258c2c96d,t,f,t,t,t,
131474,f,2026-08-05 22:55:40.534589,2a7927832b96edd070d1108cdeabce0692b06bf2ff8b90ced0261372ce006ad4,f,f,f,f,f,
2762925,t,2026-08-05 13:46:19.920667,90cb24b9531338fef67c6a7f2a66754b7be89c1473d711918e37f92d1c65810a,f,f,f,f,f,
3306573,t,2026-07-30 12:38:44.641711,89b73c0711fce8886643a7fdbef2f55f4fea61fb2533f8051e2af2d6b102fb89,t,f,t,t,t,
2763367,t,2026-08-05 13:46:22.322663,1e09cc23e1239b4fbcfbf7737712bd4fa95ab5007b7e3ec827022da6ebcdceec,f,f,f,f,f,
3452517,t,2026-07-30 12:38:44.641711,36396e25d1797df14e2f8fc08466fbe2e075c3b3873a858553ea30570eeaba04,t,f,t,t,t,
4008003,t,2026-07-30 12:38:44.641711,f97a90f9e70b3cf6acae5c1536bdce4f6c3da340b7b44039f4ae1012bb86bfd9,t,f,t,t,t,
129941,f,2026-08-05 22:51:57.374977,fbce873fd6a2c75dcee47bf8d352706126eb3ba5b573668a15ce5d92f7f93764,f,f,f,f,f,
4013325,t,2026-07-30 12:38:44.641711,e346fa49634b41cc2b33cc25ec65880841a389c889a35b0c5a014e7bd430dc0e,t,f,t,t,t,
3306162,t,2026-07-30 12:38:44.641711,d59a3fe4b7fb5dd5c26882422bdaa7652f01dd6111c49ff8e25ef0f7975cd193,t,f,t,t,t,
2925718,t,2026-07-30 12:38:44.641711,cf24a2e76ad20900ca1e331f817e420fd38dbe29c519436d73951292805da46e,t,f,t,t,t,
130330,f,2026-08-05 22:52:38.198303,c56a3a607002fb7800c1a2b576ca1c10de979a158264dced33c410d5f65ae2cc,f,f,f,f,f,
2892211,t,2026-08-05 13:57:03.027177,9a710357ebbec71f227db44fc27130ecef1aaeefb1d5ad5d6b74b1f2f063d400,f,f,t,t,t,
2913721,t,2026-08-05 14:10:50.550512,db56f037ccc688efdf788797f7c3c85455fdaaa86851199be2f91c4839941044,f,t,t,t,t,
131372,f,2026-08-05 22:55:21.976396,f673682649bde2243ebaa178b7ce48f9905ce1ca3f7b99b1c91384a5043d03a2,f,f,f,f,f,
2913278,t,2026-08-05 14:04:05.081823,d7ed7ecffc71b12f18c9452f252441e2910744e840ca56bcbae22578bad31cb3,f,t,t,t,t,
252550,t,2026-08-02 12:01:56.483842,6db91d10b5b1fd73c6c8868c07bb6725ea657650cae1ff323d790ccf6dc54795,f,f,f,f,f,
1855111,t,2026-08-02 15:08:54.665533,d7235963c096ee86fd0e7bcd21d0440a1c9ec172725cf129b109f52a8aef371f,f,t,f,f,f,
1953198,t,2026-08-02 15:09:12.674018,1af4178b59233336b38f37d511542cbde8a8bd07ac2841af01957ef161f62e62,f,f,f,f,f,
2034853,t,2026-08-03 12:02:59.610423,341eec8d2272f16099c49b7581d232528d7ae619c52739839275896daf48a60d,f,t,f,f,f,
2917459,t,2026-08-05 14:11:10.070348,5abd37ee7f253e40462de069a52e5f9dd48cca40fde2640e8f55236a007fe28d,f,t,t,t,t,
2504601,t,2026-08-03 12:05:50.093433,a2c74af55299d0dae52b2bb92a9f672725befd685c1536e8727950aeefbe6597,f,t,f,f,f,
2687864,t,2026-08-03 12:16:49.397186,c63cb91c18eccc0cb2b9c16d6fdce0eb9fb462c7cd25680f472ed1d7c7f6a42d,f,t,f,f,f,
2465149,t,2026-08-03 12:08:42.069462,fd8cff4840e41637e128d45e1f0809ed0aca57b76ea6d72ed8f9304abec365d5,f,f,f,f,f,
2556193,t,2026-08-05 13:46:41.203957,58ecd14c00352c51495a10e285b8b5854f093a578bc03a0720545e22cb7569f4,f,f,f,f,f,
2384828,t,2026-08-03 12:08:33.670793,0f2a41b65b97869b1da8ff8557c3ab989a46de8b39b7645372ec3e6c835ca653,f,t,f,f,f,
2361048,t,2026-08-03 12:08:27.067764,28f777dbc54857818830d29a261eb4d623bdb20e37fb70dd4180d1e0d1af5436,f,t,f,f,f,
2370917,t,2026-08-03 12:08:29.465306,7c21c9145d235f914b68de39e1b738de3a18430add35d3bf787702293af3abd1,f,f,f,f,f,
2406168,t,2026-08-03 12:08:38.768677,c829ae8a68ab7d14058f5f69ccdd8c56e599c18c983c0c7163ee93640547b8f9,f,f,f,f,f,
2687879,t,2026-08-03 12:16:49.697748,d89158bf24641a1315fe972b53562070171a7574ad91767008d543c0833bba1f,f,t,f,f,f,
2563233,t,2026-08-05 13:46:41.500192,a73fa85246ebd43f1a410935f9722f40cadf46d8451c573cc8372ebbf56547b9,f,f,f,f,f,
2734019,t,2026-08-03 15:09:01.013869,4e51286f8d265a49b767c5fa2b7ad063bbb214482010ea218c8f1645fca5d930,f,f,f,f,f,
2734102,t,2026-08-03 15:09:04.904936,cbee7cdfeb8f65a3a894e946c421d89054bb315210c1841884e828d0138e02ac,f,f,f,f,f,
2734219,t,2026-08-03 15:09:07.905114,240ebb178fc405e494d42fbe09bfaeb0c9900ae0b2c522d404ab4b7b2f8fb1f0,f,f,f,f,f,
2734235,t,2026-08-03 15:09:08.207625,d3c041a9cb901d4c3f23da9d9579998772f9c4162e79a92f6efc742279d05713,f,f,f,f,f,
2736542,t,2026-08-03 15:09:17.212581,2fef726237acd78321ee05a894b2120c4e4075b6cd8f4ca1e8a6a90965e4e96f,f,f,f,f,f,
2807910,t,2026-08-05 14:02:53.869868,5026d726fce9237b1bb76e2f7ed8ce21200c2e867157f075e7b44ed4217a361c,f,f,f,f,f,
1822775,t,2026-08-02 15:08:42.058891,c662830bf2a5b0fe19488ac9339b378617c3861fe2e4d5452e14e55d239a3ca7,f,f,f,f,f,
1822716,t,2026-08-02 15:08:41.448819,4158bf1bb0e0348b31320a59235086ae3ee7459911a5771a7e14e447c5c5c335,f,f,f,f,f,
131367,f,2026-08-05 22:55:19.087866,5722d8fbc397283b6407ba54c2c0c3f60eedf58923c4972859e94c80f9cfc94a,f,f,f,f,f,
2762954,t,2026-08-05 13:46:20.520602,9eec019dec4d4bbdead8fb7b32b75f651f02c86a95e291edbda79be02bc5b025,f,f,f,f,f,
134543,t,2026-08-02 11:58:29.835805,87d02fdf6ec282a860194b65e34dbeadd56211792845042ea911564bf17a94ee,f,t,f,f,f,
1840461,t,2026-08-02 15:08:45.369223,24742fed071f19ebe6863d68048c14df50cb4c669ee3fc2bf331fe4d4866dc3f,f,f,f,f,f,
2927425,t,2026-07-30 12:38:44.641711,a288fec7d4a0abe65fcd56081513c664fc94f7dae490957d7120ec6c0ae8f324,t,f,t,t,t,
3500117,t,2026-07-30 12:38:44.641711,c837111f8c3ceeb3751c1d2253e9d5535d3727a45e6bf732ec0f13fd8ee58b2b,t,f,t,t,t,
3072012,t,2026-07-30 12:38:44.641711,87230ed38da0e9f9da0e4d1f6412056388437883f3e2917f1aa38161b73d378e,t,f,t,t,t,
3458390,t,2026-07-30 12:38:44.641711,8e50c9d56914ca1777cf17e4d5389c21b2423f2a2563f9b8c4aec1197f649a23,t,f,t,t,t,
3511993,t,2026-07-30 12:38:44.641711,85dfbc3d03e06aba4ec3b0eebc6e75e05a331865e8065eacd549e4ea038fa824,t,f,t,t,t,
2929271,t,2026-07-30 12:38:44.641711,bf8ed7bea25851e2b27c1edcdd1082a659c95b96fe6c06230b592b8dde1c2431,f,t,t,t,t,
3094586,t,2026-07-30 12:38:44.641711,4392fa490e5ba7a55af564048c98d85c5898562a2a25d02b1a4fff997a03ccf8,t,f,t,t,t,
3441442,t,2026-07-30 12:38:44.641711,2a6fa3b69347746804e74875e35fea4d9ee5c0427e457d1dd9eac551e0eb700f,t,f,t,t,t,
127481,f,2026-08-04 00:17:31.9881,73715fba9e012436fd05a2c463b806811b769145c4ad96bf676fa33489f7c233,f,f,f,f,f,
3305540,t,2026-07-30 12:38:44.641711,d4673c77eee482b1ba5540aca9df779d0d18cab64e7364b80fb7b1c7ae09837f,t,f,t,t,t,
132755,f,2026-08-05 22:59:06.024308,e0b05acfda7fdcef482785ccae8feb85eda0be5f0dd173fb03ef9015f83db4e7,f,f,f,f,f,
3444474,t,2026-07-30 12:38:44.641711,6358dd9108e4fbf423f2d946c43d6639224b5a3c8a52d2563bcee70767695589,t,f,t,t,t,
2993377,t,2026-07-30 12:38:44.641711,d0563364c1b32fab5480ec18932e7d16b1c507f82d4991c01a1a878261c57655,t,f,t,t,t,
3547678,t,2026-07-30 12:38:44.641711,7a99faa818148e2281bbfaf684ed2735162a97a145d19e825fb641bfafaefd90,f,t,t,t,t,
2774526,t,2026-08-05 13:54:13.011629,5ad0b07dd792ab96716e02baa926365bd6ecd38b9e3a72a3a91c4f25c9cf9289,f,t,f,f,f,
407172,t,2026-08-02 12:09:03.00139,bc73b60513b33670c069afa4754d575100b0cecd6a5f379675e26fc11804b50c,f,f,f,f,f,
2027172,t,2026-08-03 12:02:57.208585,0c0aac276a57f515016918d8262c79db56a71542a4036170f273c0360b2d33dd,f,t,f,f,f,
2032427,t,2026-08-03 12:02:58.408882,0ca6cc8ef3aff5678565331805afe0ed301d7ddf3d23321862ea6237bf8c462b,f,f,f,f,f,
2037407,t,2026-08-03 12:03:00.808754,bbb73d6a7ec72842ce6dda101ef4f41103436a2cd922db7f9281a2fd62696971,f,t,f,f,f,
2714653,t,2026-08-03 15:08:17.176367,59f1d773aa2398af6b801b04a0dfda77c771c536e55831328e2c5e56e8692678,f,f,f,f,f,
2702534,t,2026-08-03 12:15:48.638652,c3ee462d318fa91e16e4a3f36ae50f08f6e056517efaac014388b69349505d4b,f,t,f,f,f,
2913287,t,2026-08-05 14:04:07.782886,9814ee60cf405380a6d86577831344c17d537b6e046ac9806a3963e1843bc321,f,t,t,t,t,
125587,f,2026-08-03 00:05:43.825118,ec199a67252b7bf5ad3026201b5a00bfa9b40dcc794ce7070a73c92e2e6a741e,f,f,f,f,f,
125643,f,2026-08-03 00:07:37.595369,7925cb9fcd42859f62700beb32e8d5814bb7d16fd24536eb9cb62d59e81c5b2c,f,f,f,f,f,
2384908,t,2026-08-03 12:08:33.966253,d65dcb82be81527705a0f772becf62788bacc4935b746aed0e739b28e208bd51,f,t,f,f,f,
125719,f,2026-08-04 00:07:03.201721,86184fe5bfbdde9469d0be4b950e6f39a76ac6d3ceffe5145e45b8cdeb498570,f,f,f,f,f,
2650447,t,2026-08-03 12:13:35.909687,3c951f00cee351a3c2e0c841972169fded105378a7636a26f5270d77ddbdb45b,f,t,f,f,f,
2692119,t,2026-08-03 12:15:30.022088,c92374c734acac30d74a32a42c7a1797ad313200db589f81630cd6e4a9aed5dd,f,t,f,f,f,
2734215,t,2026-08-03 15:09:07.613937,56d7baaf768baa4b7e42cf9cc4ae043b564f3a47a42790d9aa3b3fc7b34008c3,f,f,f,f,f,
2783027,t,2026-08-05 13:55:15.741827,913b948ff4cb16e3dfcefacb8ef9a9aab6de7d641eb0656c1005a7635788096f,f,t,f,f,f,
125703,f,2026-08-04 00:06:34.510664,77eb5d7dd53b4546fcc5bb0e0c0fb42b1d1adb6e5c3da2b081f1e990281efa33,f,f,f,f,f,
2734029,t,2026-08-05 13:46:43.897584,5ff78360ba5544381ba5666acddcf305caba30e050ab06cd0d3edccc34864c9c,f,f,f,f,f,
2891657,t,2026-08-05 13:56:52.817743,1bb37a1f966d6c695a40b763b181b66bdc61248fca097e48b2c845761442b5a3,f,f,t,t,t,
2755715,t,2026-08-05 13:45:33.992846,b9ee3ae2a745585cb9aeaa5437ceb705a18b72b216eea69a6fca44106e69de09,f,f,f,f,f,
2815461,t,2026-08-05 14:03:00.176258,dd589433b1d1e36cbc5cb73f0e62243f15c42cd4736fabfbc7dce3008f9feba5,f,t,f,f,f,
2991113,t,2026-08-05 13:42:03.705075,0d80be090ab2242bceeee87acc08ce7260ace19d5d566f85e590e9f245de00b2,t,f,t,t,t,
2755728,t,2026-08-05 13:45:34.597114,2f4125c956c8e0e8e487e608aebb8c56c0b8e9b8f9af535a08f4a7ca71fdb10d,f,f,f,f,f,
2755735,t,2026-08-05 13:45:34.897453,dedcf0ff01cda565a1825e21f70afe4491b966ebdc0f1ba8110ba45ff5db0db8,f,f,f,f,f,
2757619,t,2026-08-05 13:45:40.300776,bc7509158de049a5a23474d75878b58dfca4e263949dd07eceb4c51c3f169f39,f,f,f,f,f,
2891681,t,2026-08-05 13:56:53.122538,ba78181e2e8592f9e28c68ac4b90eb8d21ecf8aebf9a08429cb816bd71506b44,f,f,t,t,t,
2785879,t,2026-08-05 14:01:36.125252,19e8bf5485b6c2436c0f8655794a3986af06bca7d6f225addfe7c0af98bc1833,f,f,f,f,f,
2913336,t,2026-08-05 14:04:19.757993,a4ed94e3c01489e213457f05eaf45f9e4514e1163198b2cc3384c79fe6cb06a5,f,t,t,t,t,
2913857,t,2026-08-05 14:10:59.860542,2b328e896d0e0a3709a260a44d42cb9209ecd1cc5647341264203044b6e19420,f,t,t,t,t,
2924278,t,2026-08-05 14:11:14.569744,8e868e401e524457f38480461fcb44756960ea34b1e02c6a351f82bfa94a0429,f,t,t,t,t,
2924316,t,2026-08-05 14:11:14.869748,3a887a82997ac2a4dbba581fdd2b3ca5921ad969b48f1de4632c5b1a85f9e816,f,t,t,t,t,
2924372,t,2026-08-05 14:11:16.961504,97412d29a2064ed1d927531b537f517772d5922f4dc30c499e8e07674410641c,f,t,t,t,t,
127118,f,2026-08-04 00:16:21.841854,b27e3febc520e3eb402592d3717e5189ce7e4e3ebb8a5eca9ab398ea46063b45,f,f,f,f,f,
3426645,t,2026-07-30 12:38:44.641711,d4d4870e532dcaacbe7ad882f4b8b260c808846ca16c9ed03253299e658622dd,t,f,t,t,t,
3452466,t,2026-07-30 12:38:44.641711,59caf63700891b9252ae30760fd976048490d46766cf7235276366f0d042481b,t,f,t,t,t,
2925710,t,2026-07-30 12:38:44.641711,101e69611e73a24e07b97a6f95cf300e8cf7f6147b3000c88a419227b31a36a2,t,f,t,t,t,
3457823,t,2026-07-30 12:38:44.641711,64078dc8680c23785cbf822c6bc605eff72b43e5a0d644e3d74c6549b3144b52,t,f,t,t,t,
125790,f,2026-08-04 00:11:13.673843,e2feabe1af1da73593573bb2579829a8bc07b5787ba0f6a1ccb932c630a49281,f,f,f,f,f,
3306084,t,2026-07-30 12:38:44.641711,888e170f17d5f4ee0bc45476a22bd720daadc5a8b302618f834df4dfe571ed7d,t,f,t,t,t,
4010356,t,2026-07-30 12:38:44.641711,08e161422fafac47dfc62a26af6fb152ba7180ca51e7e1d6842849d67a1dce76,t,f,t,t,t,
4024953,t,2026-07-30 12:38:44.641711,f1414ac3fcd01c6bcdc42074748d973101cc027c9fe02e0026c17f9036d6463f,t,f,t,t,t,
4060180,t,2026-07-30 12:38:44.641711,08f608cc0713a09467ee9a97dca6eb2bb6a1ad14d3f82e93bd62394cbbde1750,t,f,t,t,t,
2776846,t,2026-08-05 13:54:39.11913,56237681c2817876b0bb98643d9606635bfb0f098f5328dd25fb4374e2c7378c,f,f,f,f,f,
125763,f,2026-08-04 00:12:05.916048,cd098db32bce234f1aa9b7d450680fbdc2c3459318c1fc45928379b5204b7202,f,f,f,f,f,
3539725,t,2026-07-30 12:38:44.641711,b2e0aa69e87ecce4614e0b6ac4b5d5884509900338eb8f8092490be67e99d944,f,t,t,t,t,
2792194,t,2026-08-05 14:02:12.156068,a119ca66aa80e59a2a1a6fc3524b318b444d5fed4ccad0b3a934eee29d79d7c6,f,t,f,f,f,
125811,f,2026-08-04 00:12:25.792954,246d96903631d34c3ec5f451669770c89cb29cc48322a93b1b744cb8e1c015d5,f,f,f,f,f,
2941250,t,2026-07-30 12:38:44.641711,64e4a93c3a4eb802880eabcef2d8956330f75e6940ad055c80786d7b4483c0d1,f,t,t,t,t,
3535171,t,2026-07-30 12:38:44.641711,24333ec0dae10f5e3627c27e547394271033bd98026791f59eea1974ea5c0ab9,f,t,t,t,t,
3532769,t,2026-07-30 12:38:44.641711,92256a13efee85c66d9e6ca33c59a01b323e1bf935cd073a5e4e1bfe2182a340,f,t,t,t,t,
3536096,t,2026-07-30 12:38:44.641711,e27d13881a45f464f08b2bc8bacf5ba2091d0a4029a795a9c08bdfb9c629ab64,f,t,t,t,t,
126897,f,2026-08-04 00:15:16.328837,f8e3e6b04909ac54633eca11ff8280c1011f7491f3544b68e3bdba13dab68787,f,t,f,f,f,
3022373,t,2026-07-30 12:38:44.641711,881342db8ea496ef314dd5d12ff645aede80bbc9154a164f951ae378bd304191,t,f,t,t,t,
3535277,t,2026-07-30 12:38:44.641711,57902acdb9a1f66c493e265efd9fe8555b20f569491ee5cbeae7c97c1f5dab20,f,t,t,t,t,
132770,f,2026-08-05 22:59:51.54609,5f093b2c59340091d5767a911fad99e310f522876a6562f4fa11ebd3a7290efa,f,f,f,f,f,
713740,t,2026-08-02 12:10:06.352991,cbd36ce0a7be01aa9587d642370abb5392a301a7b1a2b89a0c46f1683d10efb6,f,t,f,f,f,
2762907,t,2026-08-05 13:46:19.62332,a03511002312953db01444ebebceb8e8b9e0c0dfd021a90e3897790b38dfa469,f,f,f,f,f,
2843892,t,2026-08-05 14:09:59.103358,63c207b4807e81f81828e82e80b2a0ce599860d9db3a5d6207935d01e47b2702,f,f,f,f,f,
2774480,t,2026-08-05 13:54:07.339173,6ffc4cd218c5b300135dc939a59095de5ec3c8892a179991095aacea3a9532df,f,t,f,f,f,
2777901,t,2026-08-05 13:54:49.627595,824d736c1fce1e7b6c7fe7dae4b308b163fbff0b05e55f0deec7d27e20151384,f,t,f,f,f,
398066,t,2026-08-02 12:08:59.742783,a604967d1da2a9e03a2622624a69445b7dbd4b3f8c4a917ee440eb47959c8384,f,f,f,f,f,
252555,t,2026-08-02 12:02:04.452154,afc94b4fc4490b240927de9996361cd197c0ff56f9322fc5e224fdc89df6bc73,f,f,f,f,f,
1300411,t,2026-08-02 15:08:27.037245,a42071748150b10b52d5d4c13dea4448b966e05589508287a230c94243ded4c5,f,f,f,f,f,
695592,t,2026-08-02 12:10:28.42599,c89f7401b081eb31cde7a95bf4c2910ac7edd0bc087ba415cac12d035f3b9021,f,f,f,f,f,
1756581,t,2026-08-02 15:08:36.665508,22586b3f7e30674c8ce51e4ea851d99ef6639974a1d3693b10cf261bdec530e1,f,f,f,f,f,
1904557,t,2026-08-02 15:09:03.679214,930ec6961b9e87104d80608bdabaf3d75d12f3bae250358e4881de7b6e1fd447,f,t,f,f,f,
2037663,t,2026-08-03 12:03:01.709562,fc13b1e19e80087416a29c3446ce43bb2a51c36cf5e6f276b294d9c8de33946b,f,t,f,f,f,
2670841,t,2026-08-03 12:16:30.488461,7e63734bc1a32e6bd7fe13214be0e667abb6a5f38496678bc17c4ba3ce8bf7c2,f,t,f,f,f,
2465063,t,2026-08-03 12:08:41.475546,a5bbb92cdb2c59420157f12a982d102f5b65b02813e746c9da22bc7fa23b9673,f,f,f,f,f,
1823502,t,2026-08-02 15:08:42.646436,60ab94e703972cd15af381d38c3602a86e7654e685d6c86a76a61c4d3c922bfc,f,t,f,f,f,
2605187,t,2026-08-03 12:09:41.747031,434f5435adfb0759e6604de2761958efad508147ed248b179d8549da8f831fdb,f,f,f,f,f,
2541883,t,2026-08-03 12:09:14.726924,a56286ab355ec9518bce83b2ec80bd9d0112774181e207edaabdfb54ee700e47,f,f,f,f,f,
2613313,t,2026-08-03 12:07:48.051941,41c6231d577737434ffff7a537a2cf388dab876a3907ea64332e9aba5aa2e30e,f,t,f,f,f,
2616111,t,2026-08-03 12:07:52.863334,3a430e7967fce69e91f76435686da475efc8c026843d8fb5785576d1ff269009,f,t,f,f,f,
2685459,t,2026-08-03 12:16:43.395295,79f5b8bfc2840ae2e048f64c4097d8d89d65913fa3452fa1ab94c15f39cfee97,f,t,f,f,f,
2687898,t,2026-08-03 12:16:50.300409,fd578b4fbf02a42dd6f43f63e3281c211944f8cb490d06a067f9b8efe3c60d7a,f,t,f,f,f,
2702531,t,2026-08-03 12:15:47.732999,65608482e1ed446f4d9679b38b8edd54205b80aac13e7af5234a77ba91ecac5e,f,t,f,f,f,
2778061,t,2026-08-05 13:54:52.637142,2d03d972c787126b3c0a6d950459761bd940a4b0400af2170bfeadd28f82a0fe,f,f,f,f,f,
2702533,t,2026-08-03 12:17:05.303814,a033815cdf558989e27e486daa5d4f38968e64244011d893d9480cdf5735be7a,f,t,f,f,f,
2702535,t,2026-08-03 12:17:05.605146,7b613045b79968d6dd625c1fd37385390eb6061aa793e634079fb3560be5ea0d,f,t,f,f,f,
2891692,t,2026-08-05 13:56:53.419585,8e46afb49e21906bd197a232a75ca01f5a2ce292f45aec3825dd8310c34e0ec3,f,f,t,t,t,
2868839,t,2026-08-05 14:10:09.317172,fdf782b00374546b1369008764ff0edd385ed2969d93b99add743407ceb54e72,f,f,f,f,f,
132772,f,2026-08-05 23:00:01.10894,119a4032e1d34492fd5ae25b07080f0db8bab439795da843fe35d9386a003bdf,f,f,f,f,f,
2900682,t,2026-08-05 14:03:20.956194,3f876b5816cf078c728a198b59eef57291b4d65d363159267f4db836c7e8fa77,f,f,t,t,t,
2911271,t,2026-08-05 14:03:45.56811,bd622aa2853f3eeed3fda46ad7bd25f432257aadbbf3b2307987c5642a2e2571,f,t,t,t,t,
2913282,t,2026-08-05 14:04:06.282753,481262562b85a0deb993dc850228332fa52132db60d329616e43e4cc7afd1b30,f,t,t,t,t,
129337,f,2026-08-05 22:49:34.988041,a627b925e31c08a010f05251f3df2b3c31028078a5e15e71cf9ddec7d0599b35,f,f,f,f,f,
128759,f,2026-08-05 22:47:13.820169,69cb24ada1409b36a9ce4bd57afa16b07bf43382bd3e1d9a3889a03b67e151cb,f,t,f,f,f,
3507377,t,2026-07-30 12:38:44.641711,12d83d3e175f8227aac222e33f5345c69bfa6eb35c6facffd0dc74095033b2da,t,f,t,t,t,
3069504,t,2026-07-30 12:38:44.641711,1e917d8ec0354b65873cbaa121afe22efa9932b0840957d45058a84b8bcd41de,t,f,t,t,t,
3535270,t,2026-07-30 12:38:44.641711,aeb601877c6b93d54e8e63c0305d1b7d3e17d2ca737afc8b2b56b7afa731b84a,f,t,t,t,t,
3102100,t,2026-07-30 12:38:44.641711,bd9973626f9ae27a99b743738debfca1b69f45a44759edc8c2be1b6618705836,f,t,t,t,t,
3537206,t,2026-07-30 12:38:44.641711,81177e9f43be07a78276336e60633f6d5ef1a6dd8a5928a018bed807f21ddff0,f,t,t,t,t,
125788,f,2026-08-04 00:11:07.708829,596900ea1f3f18b3a73d367b6e80914f0adece4e7e92b874fa5d3b330272c580,f,f,f,f,f,
2930172,t,2026-07-30 12:38:44.641711,fd337d9cccf6e9c2a1b5740dd22c821961dd5b20fef3762d4492bbafd651f703,t,f,t,t,t,
3379937,t,2026-07-30 12:38:44.641711,f2c5d71473e865961949aaa4dfe3e97f1f9dce7ced5cb975e55251b685916d9d,t,f,t,t,t,
3536570,t,2026-07-30 12:38:44.641711,5b1f4d3d4d2b99cd140d689c61c0355ed61f615eca91aa4009719d4b9b1a9c52,f,t,t,t,t,
3533722,t,2026-07-30 12:38:44.641711,aa8f73b5c2792b7e3dfa04ecfaf656cb2216ca23f7e4158c9c8024b7c622fbfd,f,t,t,t,t,
125800,f,2026-08-04 00:11:55.662888,028782175648e888bfaf4a027979ecc368dc4e64410cfee6e3cba4c82a5da711,f,f,f,f,f,
3536390,t,2026-07-30 12:38:44.641711,65f9542581824562b4a79a205963b44bc7dc4f4bba7fc63c5848d48d914d8139,f,t,t,t,t,
4074363,t,2026-07-30 12:38:44.641711,5373d9f1fbb8bca46a9026969829be4132a0dc376fce59caef4ce0b7db7d3fad,f,t,t,t,t,
3544100,t,2026-07-30 12:38:44.641711,624024ce8e24b5079037428d231c0e62360ef720fda7005bcbaeaa0c9ee48edc,f,t,t,t,t,
2930360,t,2026-07-30 12:38:44.641711,9ec4e361749c3c20dd0b9b984f9c8757f55bf8f7c104438b7c10deeedaf77be2,f,t,t,t,t,
3540781,t,2026-07-30 12:38:44.641711,475c1bd8f6d90efb0f263bf57b9d2bfcbff03acd3921c0dc3696c78c436dcf50,f,t,t,t,t,
3022375,t,2026-07-30 12:38:44.641711,758c2c2bf2e042460345e9d8b20d70ec79232a67501065f5c69eb11592c26c8b,t,f,t,t,t,
3542927,t,2026-07-30 12:38:44.641711,e3999061fe4df0631c33e647dffa64a24079403d121c8b26f382d475eb6ee72c,f,t,t,t,t,
3544047,t,2026-07-30 12:38:44.641711,103399435b2627a79628c8faed0c0688c0c2025a96f88a1aeaf26afe84d9ad61,f,t,t,t,t,
3532520,t,2026-07-30 12:38:44.641711,e7c8a49f9d822ae30a22552fccb029ea5beac58233714e24c06dd9c7d8b70f62,f,t,t,t,t,
3535112,t,2026-07-30 12:38:44.641711,715c4bac51c3804b09024dd02d1901be25588b4bf1c25e08ed7bd48134b355fd,f,t,t,t,t,
3534702,t,2026-07-30 12:38:44.641711,d83f6fca61b7b83b28ea1fe2739877493dc67f52e4f6b688db0ec0f6951f8975,f,t,t,t,t,
3069503,t,2026-07-30 12:38:44.641711,9c4c2ac1cddb6e8fc6668d5e58d99f716b18e87b9adbb779d3987767dd978bae,t,f,t,t,t,
2930716,t,2026-07-30 12:38:44.641711,58882e40ba3236a2398d7855af699a01de375fccf903e47edda867159cc78c23,t,f,t,t,t,
126898,f,2026-08-04 00:15:27.847986,223d8bf8a6d17f69893d47e200725aa6df70d9bd291d9cbca8408cc705d061a5,f,f,f,f,f,
3534495,t,2026-07-30 12:38:44.641711,d01a9f452990d571b3a258eaad773d1faf1f276f1a838d488ab2f0dfa54e8526,f,t,t,t,t,
3544350,t,2026-07-30 12:38:44.641711,c930a62120caa75631f0bc2396bbe59df1ccd1c81cff7aec71847756eeefbe37,f,t,t,t,t,
128360,f,2026-08-05 22:45:39.823311,5c6ef1d3c3b3c7d6f5544cff5d14d9325d3ebc4dc2fe9d68181eaee22e019048,f,f,f,f,f,
2757671,t,2026-08-05 13:45:40.982542,0646d40d256df8a908417a431221e230d5940a0a846cfcbd3d9d866e2a6ff24e,f,f,f,f,f,
2757679,t,2026-08-05 13:45:41.198211,3521b0d24c27f98467b37108286619d71cbaafeabc022e565cb840a7d52ea0f6,f,f,f,f,f,
129784,f,2026-08-05 22:51:43.852061,6857ca0ca80fb689ceb402c80b18757e1c79059cbc505bfd86507c325d1c90a5,f,f,f,f,f,
2775529,t,2026-08-05 13:54:31.920034,0a6ae4679e8c91c880ef3a82b38a45481ad3303ffc86151a1d5f1080d84e2a6f,f,t,f,f,f,
2775566,t,2026-08-05 13:54:33.132656,480eb4f290f26fa70358136afebee99a8b6304954be57216cc751f077b9af18d,f,t,f,f,f,
531391,t,2026-08-05 13:46:40.292825,ec39dd08f1f2e0517651bc5e9dd62b777a5ebb1130e303e4e06de04cc8cf1d9a,f,f,f,f,f,
2726717,t,2026-08-03 15:08:47.497593,a7394749717fb9b1dbf1b27dc2504f189d55aa45a1e2b4a6ecd4e0a04374d3dc,f,f,f,f,f,
132771,f,2026-08-05 23:00:23.536021,8a195c419368a053379bcd5a3c37c763015870a6a1c3ee56d9d5dadbeddc5e6d,f,f,f,f,f,
1086405,t,2026-08-02 15:08:21.081808,0ea74f17cf8bc427daa12ffaeb3292976fd5105396b8bb09b0ab6106acac6c74,f,f,f,f,f,
133817,f,2026-08-05 23:02:54.141461,96cd025dd0df7a09068de2831f07d7abab72101063c8dfb561a6856f81f5d2ac,f,t,f,f,f,
2913612,t,2026-08-05 14:04:27.351837,bffec4e0046320d93c3277811819644ae5b14d5a68c2a4d8e497044fc5df8585,f,t,t,t,t,
2868904,t,2026-08-05 14:10:09.912801,b705474a4e4de206fe3c45f2694fec2fe805b59365e9c7e4080819eb28ac2308,f,f,f,f,f,
1722228,t,2026-08-02 15:08:34.894433,ee267fcbd3f48b2be9574dbf08d9ce47ac99158266a71a0cb0081664f47d047d,f,f,f,f,f,
2029545,t,2026-08-03 12:02:58.109883,0b240ea2249cc8d92f4f672ed5c4a942f104d473b08267a661a045b7588d77ee,f,t,f,f,f,
1852909,t,2026-08-02 15:08:47.803318,1d994f3f2a2879293447c67e36919e3ede98ee61f54046638d2c46709d8adb2b,f,t,f,f,f,
2525011,t,2026-08-03 12:07:02.732322,01a5005349181ba9e1fdbca94bbdc989a87ceda550137eec96a4660fc3644f99,f,t,f,f,f,
2588752,t,2026-08-03 12:09:38.443568,c8f2ad391ecfffaed0802033616f6b8a608e749face4c67720d1e1a7beacf2ca,f,f,f,f,f,
2706354,t,2026-08-03 12:22:35.246543,fea88fc6dc2c36fa9bb148a5e6ef3dd91e429701366353df274cb92bbe66956a,f,f,f,f,f,
2398102,t,2026-08-03 12:08:37.570169,b18a018336cfb9e24cead7c2afa71d617e119266b2e22f7bb3bb54416288642b,f,t,f,f,f,
2414769,t,2026-08-03 12:08:39.379712,79ae938a54708d10dedee1958fcfb12d075d4af5cfbcd459b81228d50d54ad21,f,f,f,f,f,
2628994,t,2026-08-03 12:13:29.016664,efb10aa84bffae68fca854c0b48e7e7b10c0931985389eedfcf4e91a0ee12a2e,f,t,f,f,f,
125706,f,2026-08-04 00:06:40.20482,e17b21fad002b674ed2c2230a41a4c7a4c9298ce9cbe7442fd1c020bdce94091,f,f,f,f,f,
2685282,t,2026-08-03 12:16:39.794865,c6468ac4c43aeefd5529f314e69099a11d7c067606bbf4b54844c7f2e31e3944,f,t,f,f,f,
2702581,t,2026-08-03 12:17:08.007623,668ceaecd35a185124265f83f38668df60857206c62c14ee33d40272a1af5487,f,f,f,f,f,
2757687,t,2026-08-05 13:45:41.49844,7369e956e5970982231ddb99416578bc05b78b03fcdc2af6954e13f4809ea086,f,f,f,f,f,
2757688,t,2026-08-05 13:45:41.797192,bb48542de630a4a77d9b8653f5a655041a6101ce2dc4f62a584b4225ac40cb7e,f,f,f,f,f,
623223,t,2026-08-02 12:09:34.821969,8afb5f794d181b2bcbc165ad4cea6f88772978f8716425b3eb6345ab5de1db6e,f,f,f,f,f,
2930038,t,2026-07-30 12:38:44.641711,6af3db237fb1a9ca3a84891ea742dd66719b8f39f09e508f410ea84ee126959a,t,f,t,t,t,
3443739,t,2026-07-30 12:38:44.641711,82dbe30eb03ba56890308cc79fffd39efa50fba6902e2834729e560585f7f918,t,f,t,t,t,
3536139,t,2026-07-30 12:38:44.641711,c0d7503b0706b38140e9a2a2ccb92083a714314a70ba25912e0cb7459402ef11,f,t,t,t,t,
3019876,t,2026-07-30 12:38:44.641711,90bd16c7274f32512b61c97d53ab9731b1d7039a59936df4c5a69b5a46dc1a67,t,f,t,t,t,
2990291,t,2026-07-30 12:38:44.641711,cb14e59860b7b67313bd90456b01e9e4db28d668ed843ae39d7823102c614260,t,f,t,t,t,
3543978,t,2026-07-30 12:38:44.641711,fc5fa2d47d3269d79166fd52458ab17d8401764047a0a7789e269063374e1b51,f,t,t,t,t,
125787,f,2026-08-04 00:11:06.45208,de3e294bda2e4a39d20d06c5d7fc1f091fccbc88db978ed6ef39745a2a764b71,f,f,f,f,f,
3544490,t,2026-07-30 12:38:44.641711,774f4aa99b238306612b609962263dac26e854a0446e74afbbb5c54ee8b4d2ab,f,t,t,t,t,
3406885,t,2026-07-30 12:38:44.641711,dca1a2afdaea234fe66d820ff5b55a42d967dd0a3ffe27dc6bfb874290911f29,t,f,t,t,t,
3100746,t,2026-07-30 12:38:44.641711,5dd254f7ef01c8b5d5085ec2ded3d50dec6347aa06ef8444186642c2c9cdc165,t,f,t,t,t,
3069525,t,2026-07-30 12:38:44.641711,56a5d1d05382688cee0551843df6322428d6b774eaa31cfccfc9a0735fb822f7,t,f,t,t,t,
3546624,t,2026-07-30 12:38:44.641711,072951d33a201ea22594095392ac404b058ae7d4c185c4befcfc545ad4a479e1,f,t,t,t,t,
3544636,t,2026-07-30 12:38:44.641711,8fa2850278f4dfdf0457006dda81dba7f323aa70e32bbb7d5ba5d5a5203a1e62,f,t,t,t,t,
2717590,t,2026-08-03 15:08:40.041412,d0525cf7f5e8ed8f98717ad786a605bce35407bf165f8dea616e40adf68176dc,f,f,f,f,f,
3543994,t,2026-07-30 12:38:44.641711,df7ab28ca3d4d2b71ce3947f9ac24892810456778de49f0b36a8929ef8f1aa92,f,t,t,t,t,
2930702,t,2026-07-30 12:38:44.641711,2d2d5610eb759ddc7bb32d1e48d59bde102307d3bf1a0ab0b5ac881ffd39344a,t,f,t,t,t,
2804474,t,2026-08-05 14:02:50.614081,eceda999d6974973ed18e16e6549f9253f8bdf17b9240ed8ec37e1083fe9cb08,f,f,f,f,f,
3535524,t,2026-07-30 12:38:44.641711,c35d0750f4f8a94cb6a37a8e7d120f16b6614c040dc8b7f6472e145fb569d8c6,f,t,t,t,t,
3531540,t,2026-07-30 12:38:44.641711,cd94eb7f791a35892c9525e5c795c449314d3110add33ff32bc1b5c076ca568e,f,t,t,t,t,
4013606,t,2026-07-30 12:38:44.641711,7cd27e8ed73f0d0555992aa2c2bd2e984c0fe57bdb54c9522a9a4b1593b4c47e,t,f,t,t,t,
3540291,t,2026-07-30 12:38:44.641711,3b2af736023b7196a4af7f30252aac915826818ec244690d743b345857ba0c79,f,t,t,t,t,
3544376,t,2026-07-30 12:38:44.641711,8ffb16785b39db1ee46f6c339e11bd79554674d453078191974f7d1f31782d73,f,t,t,t,t,
2905170,t,2026-07-30 12:38:44.641711,c184bf2a284c5c617928a96ab5ba3cbc83516b19c48b8ba622edcfdd4a3f4cfd,f,t,t,t,t,
3543262,t,2026-07-30 12:38:44.641711,03d1ebe66a61b5261bb92bca239970295aac4aa86ccd71622b9b0d7fe1d5cf80,t,f,t,t,t,
3547638,t,2026-07-30 12:38:44.641711,997582903ef1694fd6d81819cd08fd93407f15204058c07c6ba991b08ece4ce7,f,t,t,t,t,
3532493,t,2026-07-30 12:38:44.641711,841d45c16ded3ef90f7892a59ad207d36cc3058e50f91c927f81e6a3b3adb1f9,f,t,t,t,t,
3536555,t,2026-07-30 12:38:44.641711,06e3de32f852d2e606c2100558a5c3c72b94934a76883cdf342892cbe6fde200,f,t,t,t,t,
2995934,t,2026-08-05 13:42:03.705075,7e0396d1cb8690a2f46106fcce311589bcaf57f525151e5489edf1dca3e298ee,t,f,t,t,t,
3546554,t,2026-07-30 12:38:44.641711,55b05644094617a2838f863a542029d5def72d9d813805a9d54a36b3c8920455,f,t,t,t,t,
2905205,t,2026-07-30 12:38:44.641711,c4ec8f07c3d66ba0d5660ea48d31b8b9459ff1d277c25611abc76114e3ef31dc,f,t,t,t,t,
3539791,t,2026-07-30 12:38:44.641711,6b61944b44ff5e1ee2b13a0810755ee457d95c742e7ffe643a13c9dbf5a9b874,f,t,t,t,t,
3547899,t,2026-07-30 12:38:44.641711,9c747eaf2855a7bc0b3f25c96ff59caf7676db60a460fee2353e8c8ba2e57bce,f,t,t,t,t,
3540175,t,2026-07-30 12:38:44.641711,cb0955635cc3a86ef3fb61d9b939b64a96bf9734e3f64684e3d02b1b3a45fd04,f,t,t,t,t,
3448288,t,2026-07-30 12:38:44.641711,e09045722ddc77e5127eaf69cf2171c919873326f376f7d6bb7ddfd104b3873c,t,f,t,t,t,
2753005,t,2026-08-05 13:45:18.3939,a90999103462b75212a0a798edfd31c029921711424e302971bd5fb7bd2890e9,f,f,f,f,f,
585522,t,2026-08-02 12:09:23.157014,80fe95720aa4d73c08a1a4538f22a9f080e8565dc22c09f9cbd41ceb4d668a63,f,f,f,f,f,
587289,t,2026-08-02 12:09:25.523384,b11da7ba3e633346022b4ed9bfdc70d89d9eed7649fb9160255ac1a2cae5b41d,f,f,f,f,f,
1318353,t,2026-08-02 15:08:27.393982,6e4f56714bfaac1a10f7dcd26bbc85c07a3f5f110ba0f25935035adeb69940b9,f,f,f,f,f,
825295,t,2026-08-02 12:10:41.630375,3b6669266fce375f18986bba9bf274c644083a9326edc1b53c0c7cedef0ce02b,f,f,f,f,f,
1989501,t,2026-08-03 12:02:50.601555,2de57e8b9d7895d2ae32108676cf60f3b5e335abf27bb49deef33f46a6f4e950,f,t,f,f,f,
2706817,t,2026-08-03 12:22:36.145803,bfdaeac2f63f2a2c775dd9db762f71aace4cbd7df08fcb1097974f99af926fb4,f,f,f,f,f,
2592013,t,2026-08-03 12:09:39.345307,ebf6c49df125d6514e9dd3b2b87a049f1c7995a19977e7f551e073b23c8ff1a7,f,f,f,f,f,
2607445,t,2026-08-03 12:09:46.548787,9c14ebd1dd10445cf8bd3c4c999ebb7ef051e138ca572749ee4b9473b731b159,f,f,f,f,f,
2553644,t,2026-08-03 12:09:16.533186,38d1434adc50b59891959720def16b8a5cb716001d3df766b82a44e96704e025,f,f,f,f,f,
2551386,t,2026-08-03 12:09:15.929912,bf11d0f744be2741242e18e85d15101c0297538ee4138236a039ad20d089024a,f,f,f,f,f,
2531222,t,2026-08-03 12:09:12.92886,99023cba482251b4caac88aa6b5e34f45910dd35725628812b841b2b02c033c9,f,f,f,f,f,
2414791,t,2026-08-03 12:08:39.671746,5da028f3395ec7253c259f326cd598675575349428a0488c58decdc9cda68a0d,f,f,f,f,f,
2670860,t,2026-08-03 12:16:31.090358,935a0339ae0c7a1d06072a93fbbad2a84bb194437228f0866bf344b40840c639,f,t,f,f,f,
2774694,t,2026-08-05 13:54:24.72033,b8c1cce2f01584c59af377fa5d7ea9237f3e890613be9eeac3be4f6f5d9a86cb,f,f,f,f,f,
2845593,t,2026-08-05 14:10:01.212529,7c799b697ebc02d2b7a18b0c0b9bdc391b08524d3bf8d5a6580e548b419816a1,f,f,f,f,f,
2721490,t,2026-08-03 15:08:43.887976,b92a0687a60fb7dae0cd3a14b733eea1a15b993d7a4ac3fa88ab182a4bb15566,f,t,f,f,f,
2721544,t,2026-08-03 15:08:44.197165,cbf6900e82b484df7d3dd02b52db5179fcdde6846e0ae911324dfc6276f52279,f,f,f,f,f,
2757975,t,2026-08-05 13:45:44.200508,a4b59116d87f5b2d7bb64063ac9bbb963d0db8e919140acaf2f165de3e69dad8,f,f,f,f,f,
2758001,t,2026-08-05 13:45:47.502183,e83cdb010a3c41ce99d09c5d5aa00c993044a6abc57838c3ed701dbcdb7f9e6e,f,f,f,f,f,
2759968,t,2026-08-05 13:45:51.450021,89bfc804edd0a45145cdd16a982be4376c4d4b662fc54f5b2ecad6a64f9b5336,f,f,f,f,f,
2891818,t,2026-08-05 13:56:54.916879,a775d43c84b5c8e0b65eea86d4af713f353bbe85da59f4b11f04548ffb954de6,f,f,t,t,t,
674023,t,2026-08-02 12:09:58.872947,f1485fb9cf6d6373bd978a512089dbb65c6f304754449ea6bbdee12676f08796,f,f,f,f,f,
2717933,t,2026-08-03 15:08:40.599209,4264e40d893c73d144cd976cf0e402882fc917a7f7ef8bc803873d2ea991a892,f,f,f,f,f,
2016127,t,2026-08-03 12:02:54.245938,17984635a15006579de3eea4dbc5845741c349cabcda7b3ca8def849fc9f140b,f,f,f,f,f,
125768,f,2026-08-04 00:09:56.089274,a50b25b80acafa72ed74b3ff2ad266709d138f627ec8502b6949534cd3b86f94,f,f,f,f,f,
3547763,t,2026-07-30 12:38:44.641711,9e5a21de9d2fb2060392805464e4828d03c3280b52081e08d1eca1fc682dea5d,f,t,t,t,t,
2773857,t,2026-08-05 13:46:35.835538,2685f744d129051c8dc3afa807878aaeb213f06c243fd49dde3e57498caad99e,f,t,f,f,f,
2819996,t,2026-08-05 14:03:03.193775,d1db6793ac698f86ae9bb51f2ab1e9ba184cbac5bf961315cad2d6700f25332a,f,t,f,f,f,
3560307,t,2026-07-30 12:38:44.641711,10fa6209d08a39e84c67eb0ba84c86ec9123a10a3c39b8dfee75498811e02109,t,f,t,t,t,
3536518,t,2026-07-30 12:38:44.641711,99e956a1640eb91254d7812ae9493d7b9e86b5edb32387744cd892800971abd6,f,t,t,t,t,
4024895,t,2026-07-30 12:38:44.641711,176353cc9963a5b9eba65e6ce00c00527d25b97cd48f5f8ef812c4e26830e3b4,t,f,t,t,t,
3537620,t,2026-07-30 12:38:44.641711,0162d9f83facb6441ee6ab5f1b98ab0c1b9e760125e8e0bf38e7fcfc4e724160,f,t,t,t,t,
3539434,t,2026-07-30 12:38:44.641711,7ddf09a5c8ec2f9b9fdd21ba0fd9e069a689e1dfb52b145e47c46a8834fee029,f,t,t,t,t,
3536945,t,2026-07-30 12:38:44.641711,4c2e19d40933a4c28701c4c4b4f8189a3b1e3b09489ffa54823178720197265b,f,t,t,t,t,
3537135,t,2026-07-30 12:38:44.641711,c61a1279375b22624d853150ec4b501dd75338e2b91ddf9c25ea466598d4e343,f,t,t,t,t,
3534252,t,2026-07-30 12:38:44.641711,f8d82183d693648ca12aa9e38de3099a0a846493d270e0644e7b666f1f451be7,f,t,t,t,t,
127975,f,2026-08-05 22:44:20.188052,338ff00e2d35db6f89ef5489f90f3a239a067f10ad813798e48517e428236edb,f,t,f,f,f,
3534228,t,2026-07-30 12:38:44.641711,f6e050f1f3ae9c84ffe01dbd4dc40f4c1ac1aab0ddab3927b3ba3ccc25ef2e33,f,t,t,t,t,
3540838,t,2026-07-30 12:38:44.641711,cc63b1e4c7d2ebd579452136781227a14376cbafbb5f50ce5f3ed00521a071cd,f,t,t,t,t,
3536121,t,2026-07-30 12:38:44.641711,3a01b2051a026dedb7a369ea9dbdb4d89f05efb8c00b1ec9ca6000a2f189f622,f,t,t,t,t,
3547649,t,2026-07-30 12:38:44.641711,07232babc285b9d131eb48c38f283d6af09ba8e1096132524d3709dc3594d066,f,t,t,t,t,
3536303,t,2026-07-30 12:38:44.641711,ee3786e37514405c7857a5882b7f19a3edd233922de483cd58329315296dc9fb,f,t,t,t,t,
2753134,t,2026-08-05 13:45:20.193556,ef72f50a4cf45637dd2bf684796c582cf0aa1f0ee29e315351bfaf26534d46a1,f,f,f,f,f,
128758,f,2026-08-05 22:48:29.793815,ff24426e869e296dd8d0ebd5a4a67c4cc9610e149b8c62b581e6ed7585c1c0eb,f,f,f,f,f,
3535775,t,2026-07-30 12:38:44.641711,9da121b700a3ec3c77d33d90461848926c9fe8941551be38464c166f02a7d6eb,f,t,t,t,t,
3547675,t,2026-07-30 12:38:44.641711,4c52ee6eb35224d332bb1ee80ef3f79a0a4ffefc9f45609c7b3511ded95d57e8,f,t,t,t,t,
3533380,t,2026-07-30 12:38:44.641711,cdd5a833f07ccdd357e91e4679f8c1f6e40382bd11f8f1c62f82b46153b1d4be,f,t,t,t,t,
3536558,t,2026-07-30 12:38:44.641711,7233f4da2d51e0e499eebc2bdfddddbb2b62a953ee15db0ba8083b0c4711b350,f,t,t,t,t,
3533806,t,2026-07-30 12:38:44.641711,d97a32a2f4d513ea8b0a4baebe8609c171d66960c3aa68d13f48ad99a721553e,f,t,t,t,t,
3540230,t,2026-07-30 12:38:44.641711,7c72ba2780e4373362f709492aa989fdfb68fd44e8cf8fc981fdccbda4baef77,f,t,t,t,t,
3535266,t,2026-07-30 12:38:44.641711,25352b0bf65d5935caa67fa1c873eb670b9acca594f3744f94f396cd52736512,f,t,t,t,t,
3468980,t,2026-07-30 12:38:44.641711,20e119114d41a9118c3c10c59a4634ed3431890ee8179e6141ab8f0412553c09,t,f,t,t,t,
3536899,t,2026-07-30 12:38:44.641711,295958a79cbcc8d831ecf942721a5f7bd64adf7b99a73619653b32462fe5c896,f,t,t,t,t,
3536028,t,2026-07-30 12:38:44.641711,57548f9ceb0e793c0db343e7fbef569184079a1151c06bc7810fcf5522c172d8,f,t,t,t,t,
3102105,t,2026-07-30 12:38:44.641711,57643275a5056823a5fff30ccf8d1f392f0a665242d66697c02fa7df70023e4b,f,t,t,t,t,
3534136,t,2026-07-30 12:38:44.641711,c9931abb3536f0a88478edb896786cfdc5d333e91327e173921e9ac3cf7ae234,f,t,t,t,t,
2752790,t,2026-08-05 13:45:18.100778,843c893edae037b864bd4085390c2bda1c03ce99e0bc0a4aa979252983843058,f,f,f,f,f,
973640,t,2026-08-02 15:08:13.004922,345c2831db40e6e8debd1e100675a593a9d41841a96b44cc845b8f2935a81aca,f,f,f,f,f,
128370,f,2026-08-05 22:45:47.734447,041758992c58102b7c88fb693c701a45bc73ecd140d77a380076aab74f297b03,f,f,f,f,f,
131037,f,2026-08-05 22:54:36.923998,03c2df256393f3a71f775f81daa355cd1e7f5d3135c59ce892806b49437cf468,f,f,f,f,f,
475197,t,2026-08-02 12:09:04.506312,fdd1238844ea78856dcb46624fc94b3170cab58d2153bae212febe80fae808f7,f,t,f,f,f,
138981,t,2026-08-02 12:00:47.874414,bbbafcae2224511ec92878bf553192339bb671451054491560de822e24c51419,f,t,f,f,f,
142816,t,2026-08-02 12:01:31.787934,eb16f2b71091c1693a39c39f5592f81a780dca96053ca820b45b095b2db154b8,f,f,f,f,f,
596860,t,2026-08-02 12:09:26.415828,6858edb95e2ab6c84e53adbe9d4f1b1f437798408e433814f7fe1bec5b5ae715,f,t,f,f,f,
125588,f,2026-08-03 00:05:42.027388,e82a19c9d9af181928d5f88df22ea1d13bd107a9d996c9c279a7d918e55803b7,f,f,f,f,f,
1852913,t,2026-08-02 15:08:48.057335,a2757f35d97b559fe3c950fd9c6b3b7cf38334610b7aea25132789a48ab45146,f,t,f,f,f,
2774703,t,2026-08-05 13:54:26.517114,b28dd4a64ded122f15ceee2c8d7a713e9199d75a03a20b58a32610cec90650b1,f,f,f,f,f,
2685333,t,2026-08-03 12:16:42.491352,1fc85b3d9a36ee9aaf2204f1b44136ab8d3d2ac69bd88481c4b124fcf3ce7bf4,f,t,f,f,f,
2782914,t,2026-08-05 13:55:14.589972,159bcef312833faef2edc63a986d630ef111fdb5e8d1fb59f3ab62e1d87c69f3,f,f,f,f,f,
2685473,t,2026-08-03 12:16:43.691863,6b7da40abfa390558c81038af14f3323eec9bffa57798dee1fd9e237a9dc0c70,f,t,f,f,f,
2687777,t,2026-08-03 12:16:48.500074,a06d9ab0c0b5766186532cfdf5554d73e3c777902113ab1626b40f3fb5decc3b,f,t,f,f,f,
2687981,t,2026-08-03 12:16:50.598312,c92b7810ba9924fe2de95707cab11421285f5422ad053b92e91671e6ae7efe76,f,f,f,f,f,
2913251,t,2026-08-05 14:03:59.382243,f4ab2a3375615273c13b04a1f5424db5fdbc72787bde9a2c0ae04ccaca3072ab,f,t,t,t,t,
2913269,t,2026-08-05 14:04:02.681992,579f116a45309d896acd7aa7f2e019d4002e4b06acb21e390e8b59c10fe2ca8f,f,t,t,t,t,
2913304,t,2026-08-05 14:04:12.290072,01dfc4614dc92c8f333383ba639a4d2c4cea7ec710063ecb7224f8b3dd45d075,f,t,t,t,t,
2913606,t,2026-08-05 14:04:26.451749,6059e6bbc53f548c2ff0d6070d2086acfeca4c45803b14e86782ff826ff67ac4,f,t,t,t,t,
2833823,t,2026-08-05 14:09:50.401853,ab351ed05c0f91b363af1413ed2006398273e722dfe9581b9e3c247c8a3c72be,f,f,f,f,f,
133930,f,2026-08-05 23:02:46.283868,1a0e854193222a6f3da3435d3d8baef7f3d640ef0169379503fb0b9e6a01ba44,f,t,f,f,f,
2891853,t,2026-08-05 13:56:55.818811,97f92d16a73194ed15932487f26e4b590c626a5d828690903ef29fcfca944260,f,f,t,t,t,
3536448,t,2026-07-30 12:38:44.641711,651e1145b7e21982a4f2ba9b5e5564b97cfe09f7c8b46298e398e1fd7a287334,f,t,t,t,t,
3534594,t,2026-07-30 12:38:44.641711,a14b8eb7600a12ffe522e6d93c880002f5cf784971b749141f29882999364c89,f,t,t,t,t,
3534792,t,2026-07-30 12:38:44.641711,d2355aa4f4e86a8916acf13fd03ac88cd954e68b9b62c319cb8f3966300243e8,f,t,t,t,t,
3539614,t,2026-07-30 12:38:44.641711,444a364a2ea9c6fc6475d9f301ec644d6b388ec11d1f3dd3495817c3e031ab8b,f,t,t,t,t,
3532680,t,2026-07-30 12:38:44.641711,313ba37c2d011816465a6dd9d0af7280a3557813e4be45ac9435b01afd28eda2,f,t,t,t,t,
3535211,t,2026-07-30 12:38:44.641711,e43fb441b59cf547b964123fa4697e1451afe5532c3791e6987513e3eec6e7f4,f,t,t,t,t,
3532463,t,2026-07-30 12:38:44.641711,fbcbd700d9d99a9bdde6b36db1dd34f0f115ad133db81c25413235728874f5cf,f,t,t,t,t,
3534426,t,2026-07-30 12:38:44.641711,f161401193ef358bc96e13f4b9010b1d040f61b06848afc2f3ca051a973c7cd9,f,t,t,t,t,
3534172,t,2026-07-30 12:38:44.641711,4a3c17578d900c8263c62812a3ecbed24266621b3980098d9089d9f1bbe32ef3,f,t,t,t,t,
3535300,t,2026-07-30 12:38:44.641711,d6162634786f21be91a194b7d23f1f88762a4ba3a2082daf5a8a9aa71b5c7e8d,f,t,t,t,t,
3533836,t,2026-07-30 12:38:44.641711,be8eaca4109563f7e4802568590e8342e5f816e9dcae0ce8a30b82e2829672d4,f,t,t,t,t,
3536383,t,2026-07-30 12:38:44.641711,ae4125821fce67f4f1618221154312305c3adb54a6497d31cadd5c25516bcbdf,f,t,t,t,t,
3534557,t,2026-07-30 12:38:44.641711,c3e79814f4c1079691d83f8ed135aed5816d03d4081138da787ae2067fbbc252,f,t,t,t,t,
3539795,t,2026-07-30 12:38:44.641711,e38701731bb5602ba41670d5c8952f4febf64fea554e0cbfbcd03124053482c9,f,t,t,t,t,
3542959,t,2026-07-30 12:38:44.641711,701d2bd77c1e3039b4203aaf79ac4b3e13a9ec621ac43813d1dfbf20794ec28b,f,t,t,t,t,
3532998,t,2026-07-30 12:38:44.641711,20097b61e01507ebd252ee1a0e9413ec4f17e918aee01c639e004f3bbc12f40a,f,t,t,t,t,
3534570,t,2026-07-30 12:38:44.641711,c343954789d085bab24e877cbd865479ed23d7e3285019f85e01dcb41eec1955,f,t,t,t,t,
3544739,t,2026-07-30 12:38:44.641711,b2895d85c40efa5ca5a38a1bf800f860253a6ff13cbe7c555101e2da96993d9b,f,t,t,t,t,
3533423,t,2026-07-30 12:38:44.641711,f01c5131f58bedf4c777c428179f88b5ca5ec5356be7d765a62f745e94db930c,f,t,t,t,t,
3547676,t,2026-07-30 12:38:44.641711,47f637a9d1f178e2e58e4803400379c40bf9fac48c843bd47990d0317ffd4472,f,t,t,t,t,
3536590,t,2026-07-30 12:38:44.641711,92804abd7baf6c402b431bf258c76830587fa97e7a1f0be52330b1fb772e752d,f,t,t,t,t,
2753136,t,2026-08-05 13:45:20.493068,f101bd2232d7fc1478af950176b05f48c47a1bb4bb4bb554cde2a61b0d28b628,f,f,f,f,f,
3537696,t,2026-07-30 12:38:44.641711,a782f21b08a7e4bf19a2f19bdfc5f1493b176a225b66352544f915f81573f7ef,f,t,t,t,t,
2764847,t,2026-08-05 13:46:25.023616,c235bf35c8baf78555593bb3a2e3c8602adaecbc6e5fc585a2317b012594bd50,f,f,f,f,f,
3532662,t,2026-07-30 12:38:44.641711,160477080706dca32477ae44812ab6ddb7490a7ae96d6a7fea0dda8a33dbc3bf,f,t,t,t,t,
3101948,t,2026-07-30 12:38:44.641711,a2198b78e115a02b0d1efe209e846a82a35e28c219da3258d6626719a4f0a924,f,t,t,t,t,
3069527,t,2026-07-30 12:38:44.641711,b08d5a7048244aa1a211da9ff8a38a6649e8b4d6509ca70339efcf762285501f,t,f,t,t,t,
3540330,t,2026-07-30 12:38:44.641711,4fd8a291e384289207eb5b590ab09b84e12f7251b30b1a4464bb49480c771a69,f,t,t,t,t,
3536895,t,2026-07-30 12:38:44.641711,6ad73a90a9ff71ed74befea18b338082564b2caac6239cd929a215f0c0cba6e9,f,t,t,t,t,
2930327,t,2026-07-30 12:38:44.641711,416603003815e89cae94eef054ea361ef9a477d30ee8a27d1154f6c5eadc1a81,f,t,t,t,t,
4024894,t,2026-07-30 12:38:44.641711,b95ae56d7165c33a0db74a53dc552b39ec49e0caa2ca4be0b4cb3dda6233b642,t,f,t,t,t,
2930321,t,2026-07-30 12:38:44.641711,c7ac27b51f3932ad1ff7d938f0fd5edf28383dc0763104dab8a82ac91ca989ef,t,f,t,t,t,
125770,f,2026-08-04 00:09:48.885311,2dbb74ae60caeb239095ae083fd520e6439396b144b24725a5e7dd7d20091d87,f,f,f,f,f,
2764935,t,2026-08-05 13:46:25.623311,75c5a2b4bad2322b169bc7f318cda57606ddb211882003360f27dc6e058b8d35,f,f,f,f,f,
2554069,t,2026-08-03 12:09:16.829144,b2b953892bc4017ee790e497c63d7737eb105e760d95e1a52404cb6aa0747fb2,f,f,f,f,f,
131272,f,2026-08-05 22:55:00.70297,5e7726b08e4d17eaeb4db2bd28b033d639ee59b24cdd2e2639fdadb95de5a32a,f,f,f,f,f,
125669,f,2026-08-03 00:08:52.103224,30a095e5cd3f1c51f952dd6320c39129cb9df2d2bc63e7bdf0f319df899db5b2,f,f,f,f,f,
585605,t,2026-08-02 12:09:24.616592,d19e1b55e4e778ccbdd521a64c788d77b0a8386412cb4e9f1d35d9db9ca6a1a3,f,f,f,f,f,
623156,t,2026-08-02 12:09:34.275995,06cbc0d43f677b0f93a83b38e458a3323554adc45a0b41cb0c8e3188c4d3f92a,f,t,f,f,f,
125619,f,2026-08-03 00:06:58.989714,40a911509672c2766c44402ccecdffcd9a6ee47713c790e90f499409acd51d47,f,f,f,f,f,
1869883,t,2026-08-02 15:08:58.005952,4257cb803cc0c51e8985cb4f5917c7567a51a14a0bde296d8bc5633642724968,f,f,f,f,f,
2534281,t,2026-08-03 12:09:13.823191,ffdb324c494a1ecde06ebc980e9574eb691e4e58fec3d56c52055e680b49a00d,f,f,f,f,f,
2685261,t,2026-08-03 12:16:38.590747,553ed420b052150b178ccd86eefc3693c6749a9ce61201954ac0da2ea0f75771,f,t,f,f,f,
2871151,t,2026-08-05 13:56:33.304238,6d17048b1e6b90d45ec6628534c32a8ed1c767f76b057b10ed29bcc4456ae904,f,f,t,t,t,
2902806,t,2026-08-05 14:03:24.261153,57b9f6df995e412c57e2237d51eac4958c933b2db7608ddfea9797657b414a5d,f,f,t,t,t,
2891889,t,2026-08-05 13:56:56.425338,a6bd14d9ca3761f681ca913f65e0e871fba63b3a0ce5ba4554ecbafe6e1ca381,f,f,t,t,t,
2905367,t,2026-08-05 14:03:29.960835,0ed4b1a4ca148a97506c1b18e456b686dd8d819d1346878ffacb0891c2a5475c,f,t,t,t,t,
2908698,t,2026-08-05 14:03:39.569642,1681e81b82682381b1509961ce66d16603c81bd94e9b68194287e23c81a7900e,f,t,t,t,t,
125691,f,2026-08-04 00:10:26.237124,3706b440e1bd45cb2a43871640625a40b95d1655d29e807c740fca751c781ebc,f,f,f,f,f,
2913594,t,2026-08-05 14:04:25.247769,991c5d119e598c8400d17163d41b9382f4b3d48f3a951b95946994327ce3a87e,f,t,t,t,t,
2913643,t,2026-08-05 14:04:31.254404,0bcb80b38221dca52fdd6d704d0ec2dd8c0196b6783e8fd3ea9128b520317906,f,t,t,t,t,
2913653,t,2026-08-05 14:04:32.449793,9e4875f1272aa75718f9f5ee05e6648ad77f5be8d5cdd4da161f89ba780972c1,f,t,t,t,t,
2837775,t,2026-08-05 14:09:51.300064,15733f36fd1b7fae3517ee9f9bb82f586a2d6e03281fb87bf3889cb4d1dbd13a,f,f,f,f,f,
3543234,t,2026-07-30 12:38:44.641711,d8f9e0e927cf4011deccc50d3361bc3bd912679b86599664405c1da9c473a0d8,f,t,t,t,t,
3536831,t,2026-07-30 12:38:44.641711,43a750621257abb6331d03ffc1fef803ccbd58cb199110ca2a9f5bbd8f4451d5,f,t,t,t,t,
3532991,t,2026-07-30 12:38:44.641711,536c11ee1727ac46c9414a14fc0d0060fa127d54dd45dfe018baec945258ca1b,f,t,t,t,t,
128293,f,2026-08-05 22:45:15.945394,be981438beb76fb4fe520e48ec9ee0ae8f47223ae2515c7668817bc7abf29e9e,f,f,f,f,f,
3536440,t,2026-07-30 12:38:44.641711,6cc240cd1d6be4d0abe7103159230d9497d5b61f5b9d1dd469d06e2f0607d4dd,f,t,t,t,t,
3544518,t,2026-07-30 12:38:44.641711,961df7f5a70bf42dde917927d005ddf54add606759e28a473ee889a0b8692e28,f,t,t,t,t,
3535713,t,2026-07-30 12:38:44.641711,fb19363db903ff00cebfbebefb21603e98b2487bca3d55b66c985f2a0c735960,f,t,t,t,t,
3537835,t,2026-07-30 12:38:44.641711,71eac96df2f939a486817bf58bfab3b2489b0fdee78168856f0c5d43aa62d42e,f,t,t,t,t,
3536481,t,2026-07-30 12:38:44.641711,f34727c1a5eab71f11048a543f769e70af408c4d1721fb0da322bb84430836f7,f,t,t,t,t,
3535596,t,2026-07-30 12:38:44.641711,7def59c73bd7e2db5a3e7e14f77723d00ffcc845b4f87c1ee007afd40238ef88,f,t,t,t,t,
3536757,t,2026-07-30 12:38:44.641711,f6ad4351ba13497bb9852ba0a4f1f14821b38828f1b2ba7094c708673b8d8adb,f,t,t,t,t,
3537693,t,2026-07-30 12:38:44.641711,d447d7d70386695a4cb0d4b07c576809d838887437dab5cf2dfa197b93f0b6ab,f,t,t,t,t,
3532635,t,2026-07-30 12:38:44.641711,fcebffb0a2db8a39262c79c55cebb93a5c36b647320b0b13bc2721ae6b28b8ec,f,t,t,t,t,
3535798,t,2026-07-30 12:38:44.641711,807c5ffdc601332cee60945700755bc7adbb0edf49f4b831239ff96a2b3bd804,f,t,t,t,t,
3544074,t,2026-07-30 12:38:44.641711,151d81044ca82c2af86222a631a2f2b449282d749b05d3eaeb2530ef064f6398,f,t,t,t,t,
3547852,t,2026-07-30 12:38:44.641711,36698e5669dc43fe1a83d18484b1810acc00aa36a1c0aba9a93b7aaa16967383,f,t,t,t,t,
4016961,t,2026-07-30 12:38:44.641711,efddefbf6e7d83d6e24753ccd15f9429d91e2f54d19e550c5cd6b5b9fefed7ec,t,f,t,t,t,
3536519,t,2026-07-30 12:38:44.641711,5423dc7724beba4bb6c5697948028f9c6eaee2a6c1e8ee9da3567b99ed64d1a4,f,t,t,t,t,
3534346,t,2026-07-30 12:38:44.641711,514b0e3e129eaea76c1e90b63c4f5fd4257a64b477ceea605aeb430428048aea,f,t,t,t,t,
3083920,t,2026-07-30 12:38:44.641711,07bb605cfb04872f1eeaad4f68f604e7fa438dff7ea7733817932eb99ae3b479,t,f,t,t,t,
4007956,t,2026-07-30 12:38:44.641711,cee6d1dae2f9b2c9e528fd8f44b181064eb1d08392f4d057fbf7ae0d9dccbcce,t,f,t,t,t,
2928847,t,2026-07-30 12:38:44.641711,7401df4806d256895b18cebcfcce86f13f54cb0a794b8163a10c7ce66908fdbe,t,f,t,t,t,
3537624,t,2026-07-30 12:38:44.641711,631df177350f7130d59cbee4d8ac17623275913fff97bee67e82486dc254e269,f,t,t,t,t,
3535741,t,2026-07-30 12:38:44.641711,3d1e1874aab9d7f2beaeae69dd88dc132bf1ae7873a69ba4cc84388245033cba,f,t,t,t,t,
3533366,t,2026-07-30 12:38:44.641711,7c6043df64dd8871412879295cb7693627c290e90fc03cf2b90f87a907fe65f4,f,t,t,t,t,
3534254,t,2026-07-30 12:38:44.641711,f6d6393d2c158a973696427d0173e593a4c85946a80eb700a9ac7198905b7d5d,f,t,t,t,t,
3537689,t,2026-07-30 12:38:44.641711,7f7f84d8909ecd0d550fa26b213f739220a5172a6a666398d56ea30d4fdcf2ce,f,t,t,t,t,
2774696,t,2026-08-05 13:54:25.318452,6185f216c277023d7e53d1f39675ae477ecfbc3223588c1257baa8bf7b3e2278,f,f,f,f,f,
3547877,t,2026-07-30 12:38:44.641711,6cc1555ab1ad18d132919ad75513c3956f80381f8c67ed4fcb75f2100cc14abb,f,t,t,t,t,
3533526,t,2026-07-30 12:38:44.641711,20d438335bcf5ad76f866f22bacdbfa4edb85632af6a8b50fbc9e2504f8b8804,f,t,t,t,t,
3533428,t,2026-07-30 12:38:44.641711,3a135da57485aa533b02a4d8fec12dffec033b0652b995e24413afed714d6a37,f,t,t,t,t,
3542939,t,2026-07-30 12:38:44.641711,6263825feda0f539e9541457e0a10c85000a84a414973e8ff7302f87d0ee23fe,f,t,t,t,t,
2753118,t,2026-08-05 13:45:19.905143,ff194f4b2fc4934b171311bb275353d50e87f2ccf6ffc78bc290d6f1ef00a3b3,f,f,f,f,f,
3536758,t,2026-07-30 12:38:44.641711,35b0131ba1a03b745ee52c7f21c79e9cd230d66cf7a91862e3352c3fa36e1946,f,t,t,t,t,
3532465,t,2026-07-30 12:38:44.641711,cfad25e54bbd455ae7cfd4f58ba82d9be158f758089e03396016be9d7d022c47,f,t,t,t,t,
2784104,t,2026-08-05 13:55:23.255594,72ebc45b61b62982a1a5e047b49dcf72142f4d53ab41a8fb6df311c4b7a68c24,f,f,f,f,f,
3536552,t,2026-07-30 12:38:44.641711,425aa5da726266d6477cc16263ded89c94146f042dc539cc3a74ac3fd5ebc289,f,t,t,t,t,
3532542,t,2026-07-30 12:38:44.641711,f6b750af90ceee9e33a559f45c7bef7d909226c52c8a4038116a32f4573f6217,f,t,t,t,t,
3533670,t,2026-07-30 12:38:44.641711,bbd6aa8c45264a891d5dc482d53484697fada11fa5d18ff002bcc82dcf123787,f,t,t,t,t,
2775513,t,2026-08-05 13:54:30.119047,cd626c1af3457b182b90052bc68e7bb92a254434326914c955cdd1dab73e8f70,f,t,f,f,f,
3547666,t,2026-07-30 12:38:44.641711,a5ac8423fd7227d45e44e2cd06a29d6d38599977bf41811eb3622d8a75985661,f,t,t,t,t,
585615,t,2026-08-02 12:09:24.91856,e744ac8adb4993c83c861af33fc06c3a102f18fe123c1c42e37d6ad2f61b9525,f,f,f,f,f,
1037300,t,2026-08-02 15:08:18.631728,7bf25cbd365bfae910570524ed5aa9820503d3d8fbbff518fea626dc9080ba5f,f,f,f,f,f,
2913306,t,2026-08-05 14:04:12.886511,a5167f6c9d6462407ccd15b3dd1e745b00526920523887f460aa66eeef41ddd2,f,t,t,t,t,
623201,t,2026-08-02 12:09:34.530237,286c82d415c182c0269b1c25986bc6aed6a7fce27272e18ed69401c542088fc2,f,t,f,f,f,
1852918,t,2026-08-02 15:08:48.357274,bb4d508f2b15174c42cf183fd3150fd34bb1ba6e998ec05d4b18991390d21676,f,t,f,f,f,
125636,f,2026-08-03 00:07:27.2126,f4c6e6c889c5af1909d08fdb9c7cc0aefcfd372fd00bbd8a7b2a948b14dffff7,f,f,f,f,f,
1470072,t,2026-08-02 15:08:29.739243,541e89292448e1de86f70a236e3c090718448a5b8c5c3ba6d7fb64f79b47f9b9,f,f,f,f,f,
2595938,t,2026-08-03 12:09:40.241352,43805302d6fd3d2d02eb1f2b37050e16a2b88077ac1a4f48dd88679c7937bb75,f,f,f,f,f,
2628999,t,2026-08-03 12:13:29.342774,8bb94b5f446975410cab734a98f446b52d657284187304e9a9134fff734eaded,f,t,f,f,f,
2670742,t,2026-08-03 12:16:29.586929,bb01abd33d40b4830669412a00d0c9b84cf185ad253fc102124ec0a24896f0a2,f,t,f,f,f,
2685554,t,2026-08-03 12:16:43.992988,e226163bb815169e140f5cbf3f24fdeea4234fc6a6fc0e9baec7b607eca6031d,f,t,f,f,f,
2717126,t,2026-08-03 15:08:36.386083,a937d7607d733c584ea03ed469fc677b8c68208a95e5e8b05c277cd26fa0aec3,f,t,f,f,f,
2729143,t,2026-08-03 15:08:50.801569,b3ef2d42adec2ef2338874d6d8a7f380db0e62462489eae3c6000c262b5e5248,f,f,f,f,f,
2747862,t,2026-08-03 15:09:34.927865,0ccee6f9d6cab90f52e79aae59f3ec7a30a0c91960ad1bd316c68065aa286176,f,f,f,f,f,
2820641,t,2026-08-05 14:09:43.795195,93dacd728936de994326480f935db2861755e3eb79314d061dd1bce136282bd9,f,f,f,f,f,
1798704,t,2026-08-02 15:08:38.489107,71eb1dfcfe8b31dee26165baeabc1942a7d99d40da55e1a23153cd0e69d919da,f,f,f,f,f,
2759995,t,2026-08-05 13:45:51.756324,40f90385d419fef6364c75e1229e465e8549e031f778a13f7124b72de0126518,f,f,f,f,f,
2891927,t,2026-08-05 13:56:57.323079,441e581a9e0abe2865730aecacc9866117a00dc99c45ddc11f2f3cbd6d5cb74b,f,f,t,t,t,
3547880,t,2026-07-30 12:38:44.641711,7c5c79d8d92ffe34f013784d4fe3434550410b3934269ee4e98f85130d78944f,f,t,t,t,t,
2927544,t,2026-07-30 12:38:44.641711,91c7e3402de6984bdfb82e686755f93f196f4131ac038a3bf36081a4a16058f9,t,f,t,t,t,
3592123,t,2026-07-30 12:38:44.641711,c333056e906de4806936058765e716f063a6e41ab808212894219f8772d27be9,t,f,t,t,t,
3535794,t,2026-07-30 12:38:44.641711,5a29c9498639f4b431ab88a15c21a260151d5c588ad639605eb8e09701d0a44d,f,t,t,t,t,
3537806,t,2026-07-30 12:38:44.641711,25ce4ad7a2da7f7d552a16353e5b17c97a4982e7bba78dbcf59912cfec2c8d96,f,t,t,t,t,
3536938,t,2026-07-30 12:38:44.641711,0aaa2b754a9f705db8c6fad5f45c703dad2f077d892aa4868e95e2c86eface9f,f,t,t,t,t,
3535139,t,2026-07-30 12:38:44.641711,ada20cb0e5d93268e3e413d2a60316cd51503048defb12c4427dca5b4e6e6a43,f,t,t,t,t,
3537686,t,2026-07-30 12:38:44.641711,e86afe5dbb7b081fa9d9f7b3b9aaa901104b60feccd36c774e7f8766b54f8e73,f,t,t,t,t,
3535808,t,2026-07-30 12:38:44.641711,a907a023332c10d1c9a14efeeb0a3c9722efd09a9d7aa9994e011dcce497eed1,f,t,t,t,t,
4010290,t,2026-07-30 12:38:44.641711,bccd9636ba7e729df8713e52a81e0b72c6644cb021ca3849b5e311451bab4c6d,t,f,t,t,t,
3351277,t,2026-07-30 12:38:44.641711,0a8c432ac6dee991d8c3b3565c768f888417e8c545b97eca7237fb8662ffee76,t,f,t,t,t,
3533850,t,2026-07-30 12:38:44.641711,07fad40545e9d6146bd5d1647adb8e4d939896b2bee149efa1ce67b732072754,f,t,t,t,t,
2930352,t,2026-07-30 12:38:44.641711,bd6f9811559bfacd2c5b553c1b4083295a6b406a0b494f17447cfb2e3ce4d876,t,f,t,t,t,
3017549,t,2026-07-30 12:38:44.641711,678e941108290251df1d7d868f8ea7adfe01b51deb866b6f97e84e915526a146,t,f,t,t,t,
2930362,t,2026-07-30 12:38:44.641711,dc6c9c88a2f2a8e003e2468c0988bf84e1a321f99bab7a9d2ff94a0b76fac971,t,f,t,t,t,
2927601,t,2026-07-30 12:38:44.641711,705d729e1443e3d6665509b02efe949755f878a45910b345cd297bdebc4e6896,t,f,t,t,t,
3538351,t,2026-07-30 12:38:44.641711,39bb3582c25ef029f526f1b31e0e999702c410f8f25e67fa1ffc4a531f822127,f,t,t,t,t,
3535799,t,2026-07-30 12:38:44.641711,71a0f24478320435095781b75c6d6e6dfae76c861fb7e688fec2a53f0dccf947,f,t,t,t,t,
4010293,t,2026-07-30 12:38:44.641711,264f0dc1f20700c5a257f45bb5921035e63c61fb9a11813d8330107bce991c98,t,f,t,t,t,
3536362,t,2026-07-30 12:38:44.641711,689e846b6cd16d35f4d77615b72c3365bf13b585d201b74401f4306faab53a78,f,t,t,t,t,
3537703,t,2026-07-30 12:38:44.641711,8655208fd763c7ea72e64e0338c9ff3b1c86ae920079f3f581570218359bb993,f,t,t,t,t,
4010287,t,2026-07-30 12:38:44.641711,316e7c0e65f654d71a013efae158f13fe7e5de6af6eadb5c3ecae90b3532af8b,t,f,t,t,t,
2925502,t,2026-07-30 12:38:44.641711,d03891de6c99ee6816e29abd9996eef2b1d52d8aaa2bb72b4bc947b003da93d3,f,t,t,t,t,
3532563,t,2026-07-30 12:38:44.641711,144f89cc57a26ef6a02e0466df4ab151bfdc5df2ee50ec84a538bd4740254d7b,f,t,t,t,t,
3534096,t,2026-07-30 12:38:44.641711,3111a766f16cbec102717f3201e0ea5e5166b00c3b378ef7d263f9a7b2ed91c0,f,t,t,t,t,
3532590,t,2026-07-30 12:38:44.641711,32c9dc774a86e4e47b0c56c0d063bbe0f639aa7be407d93ff55a66c55ec18e49,f,t,t,t,t,
2760023,t,2026-08-05 13:45:52.046727,4849c2d98df148b5e07d5b163256832d0a97a3f50f84430c8356204171dcc31b,f,f,f,f,f,
3535436,t,2026-07-30 12:38:44.641711,19c922808ebef546ab52a606f769b8c251f27d21a1fb6ad211a38d6bc9a0c80c,f,t,t,t,t,
3542629,t,2026-07-30 12:38:44.641711,665975e7f587466d4fb0008e7f7b19a08549880e32abf0ae65d6904265414de6,f,t,t,t,t,
3535672,t,2026-07-30 12:38:44.641711,56d61be58ee08390036ece9c0fd833afe47e77d7a8a396704ab99bf79997324a,f,t,t,t,t,
3536411,t,2026-07-30 12:38:44.641711,07f765249b216f9f78cf75ab502cac7d6de95eef6b31d1ac9a19c4a8fa8d702c,f,t,t,t,t,
3533884,t,2026-07-30 12:38:44.641711,849f6edbf563c5437f475b2e52ee85f20181a2dea0deb1d54d60b93d2789c1a7,f,t,t,t,t,
3535335,t,2026-07-30 12:38:44.641711,41defc98c2bd43aa6b688073aad5cd5e317c3cfafab994f7149c1e4b43900876,f,t,t,t,t,
3539177,t,2026-07-30 12:38:44.641711,d2ce73a4545bb9e3456c92648101860d24f8cec1b9a1a623855757d8fb3a4f8c,f,t,t,t,t,
3536080,t,2026-07-30 12:38:44.641711,0a2fba832a947e4951a90357885045005ac6496a9df83fc494e02c2b8850a372,f,t,t,t,t,
3536384,t,2026-07-30 12:38:44.641711,44866da4ecfbd347caf3b548ca8ebfab585424953ca4cee434c1040683b5a1a3,f,t,t,t,t,
3542654,t,2026-07-30 12:38:44.641711,b5196991b4f6125d9846d86f8990274514a275ac147121b099b5589cfd854665,f,t,t,t,t,
3535673,t,2026-07-30 12:38:44.641711,2d8860ddf6bc6711211e9fbf0514f195903290ec0dfc268a4db321f5f52ba2ab,f,t,t,t,t,
3535836,t,2026-07-30 12:38:44.641711,98c608feddd6a6a7fe2d583971d3c4712921d4b55c2de3238840637e38c96280,f,t,t,t,t,
129339,f,2026-08-05 22:49:47.823945,8af31c02e3470cb7d2c2fcd3212e883b69958785918c8467fbd4ff92eab9ef0b,f,t,f,f,f,
125736,f,2026-08-04 00:08:08.431311,bf214af3206db7b5d1c0486df67dfeceb9521a269778970742dc0e676a40e9c7,f,f,f,f,f,
125766,f,2026-08-04 00:09:40.841754,dca608243eea46221618b82a07b09e94a42e647ed2f0a3caee600cf0d37070ac,f,f,f,f,f,
2490115,t,2026-08-03 12:09:01.823741,f2d251f244fe0ed9af4de2b54af8cc5b6a021009bf98cb4c0a5f268cd249d2b9,f,f,f,f,f,
2714729,t,2026-08-03 15:08:20.185477,f9365d2fe28e485a6d06583a91121f3243930464e00480f227a0f84196a8d82b,f,f,f,f,f,
2760305,t,2026-08-05 13:45:53.254029,75c7a5a492828d88039d98de757f0951095f3311b5261ded416c3091336c6fc4,f,f,f,f,f,
2760309,t,2026-08-05 13:45:53.545545,b903b42ed14eb5f0d56664465e830023bc32c5c01afdf2ec13cedbd089648eb7,f,f,f,f,f,
2761271,t,2026-08-05 13:45:58.604231,9359a7a3a6e8b1f19b774293df6dfcc7aca07f8205a3b3073f0be3945946469e,f,f,f,f,f,
2913297,t,2026-08-05 14:04:10.790126,cdcd56a32edc93bc7b6846f9f4cdbdaf78170971151d2e9faebd9db11b243068,f,t,t,t,t,
2891940,t,2026-08-05 13:56:57.91701,0b0940438f6ccdcaa28474484e8513f15f7c52b85a8e166b05951665f3bd6626,f,f,t,t,t,
2913298,t,2026-08-05 14:04:11.084032,1f0bc98ee5dad3b71fbd940aa71876a525864f03e887dc18314b571c335544b5,f,t,t,t,t,
2792307,t,2026-08-05 14:02:15.749967,40a25525a71857584d95c2279ceae7e69659324d01e77d347a781cb76451bcf6,f,f,f,f,f,
3090853,t,2026-07-30 12:38:44.641711,c7f6582fd9dd4e47ed7c4995c0555ddf7944218c5fe6b2a3307e0f0788fa9686,t,f,t,t,t,
3533780,t,2026-07-30 12:38:44.641711,93aa3ae45662a73628dad4266cbed6ae53072d063980a7152141dacf11748d93,f,t,t,t,t,
3535858,t,2026-07-30 12:38:44.641711,5390ac6f2690bf20e5d92baa121ed41281b2325c48b61182667489d81ff563d0,f,t,t,t,t,
3536521,t,2026-07-30 12:38:44.641711,53b421a5119d6006782e96b464f94416a41e0a97ebfd68b9b97a807686ede039,f,t,t,t,t,
3069499,t,2026-08-05 13:42:03.705075,6a1c3dc356619b27514f51b0c36d298f96ca683101e6eb32c97858b7134f257f,t,f,t,t,t,
3540321,t,2026-07-30 12:38:44.641711,e134cb200a91f7c1062076d71ae9a86c71423f7b3b0dbf8918aada22183c975d,f,t,t,t,t,
3537735,t,2026-07-30 12:38:44.641711,21032d401067dcd1e67c1d787b18ebc33ea8f8279707e199ded3da10dd7e8b22,f,t,t,t,t,
3540945,t,2026-07-30 12:38:44.641711,f5be0ffab9745f5ae6c3bf3162dacc0864b73dcbd37db8aeafbfdd8a7b9567ae,f,t,t,t,t,
3535334,t,2026-07-30 12:38:44.641711,bac476520fe2f87c5502fe6a70a91cd9f757549c591349ba02c796eca838b20e,f,t,t,t,t,
3535210,t,2026-07-30 12:38:44.641711,7e8ce69a9e505e699874ca5a7b9080a4ed0ed28daaa234ef5ca82411e7414726,f,t,t,t,t,
3532568,t,2026-07-30 12:38:44.641711,8abf876b1fa0b28dbeef143590c13fbea2c8b8a1ea9e66ac8f9e23e0c6295794,f,t,t,t,t,
3534790,t,2026-07-30 12:38:44.641711,0cfa518ccec9f08d0f4f6976b311ba94a9a017bdcf5801f6b057469f86738a55,f,t,t,t,t,
2868612,t,2026-08-05 14:10:08.11586,e575125b614611109743021f070e92888e6c56648074f6a92b942d8a7e0627db,f,f,f,f,f,
2930349,t,2026-07-30 12:38:44.641711,a2405238a810e60e6472e767991d70a899f9750690298e8d4a049cbcdb64b138,t,f,t,t,t,
3532216,t,2026-07-30 12:38:44.641711,725c7146068d217b7a6ec57bc7fafe809bda4383cdff05355c26b91ab7964006,f,t,t,t,t,
3532559,t,2026-07-30 12:38:44.641711,9ed207513a5de06ca945a3ab15f9b39bea2593fa682474fa5165980713fc0009,f,t,t,t,t,
3534140,t,2026-07-30 12:38:44.641711,f86d29e593fbbc6c3125abca7b30a9c949a4eb13aa8d307810e9a0e743f0dfed,f,t,t,t,t,
3535772,t,2026-07-30 12:38:44.641711,fedee10fb47a4ee200acb401f1ae76c24a365654d03971b554e1b0b8dafcb83e,f,t,t,t,t,
3536902,t,2026-07-30 12:38:44.641711,b270fc5a55e26406617752bf27a1e61af8f1c6fe758c0ad5d6d7369398a73f95,f,t,t,t,t,
3537664,t,2026-07-30 12:38:44.641711,72253d4368598a599bba6498b6736ede5e6c65dd87706f56d0f9502e0843dfbd,f,t,t,t,t,
3536170,t,2026-07-30 12:38:44.641711,f8f058649b65039e5f24040253b38026b4384296d286cadac01151c66dcc2fb6,f,t,t,t,t,
3532988,t,2026-07-30 12:38:44.641711,9982c24adedaf421aa3d4a9fff2be3c150ef441048c1f716cf2cd0e8b027a0cd,f,t,t,t,t,
3547635,t,2026-07-30 12:38:44.641711,be4824f7981ddba9d3448ecc9fbe8e77f683f75a67e5b2b955898d2b8e9d04a2,f,t,t,t,t,
3535427,t,2026-07-30 12:38:44.641711,ad4614465810b0c36bae569757abc53384af547ac10c4ecf8bd778342dc47a4d,f,t,t,t,t,
3535197,t,2026-07-30 12:38:44.641711,feb707be602d4734d8948f031e89e303808682de778153d9745dc84c4f9d7537,f,t,t,t,t,
3535268,t,2026-07-30 12:38:44.641711,f803c92964f3d165ce86c06a40bca117ee0bef2226632b7a47cdc32302d38806,f,t,t,t,t,
3536182,t,2026-07-30 12:38:44.641711,f1c5a09bdf2faa63ed6f3d57fe29954147f9ab8816b39834bdf54aa7fe83a6af,f,t,t,t,t,
2913810,t,2026-08-05 14:10:56.550956,63baf0b28e2ccf2253dbe8ab0c1d9b58bcf9a1aee01b783b8890fd128634aa1d,f,t,t,t,t,
3540459,t,2026-07-30 12:38:44.641711,8c8d870ff60baea2714d98e56e8e7ed7ac7d742ebd613c70a37d3a4b699cd225,f,t,t,t,t,
3536522,t,2026-07-30 12:38:44.641711,cfae652d2b272ee35ba4bf74b0935cdea95360ec6b40ba5a790784da2dce2453,f,t,t,t,t,
3049864,t,2026-07-30 12:38:44.641711,b404c672be589ee3ba783dc8e1eece32625fd359c65c16e668bbe817852401a9,f,t,t,t,t,
3535297,t,2026-07-30 12:38:44.641711,3bdfc255c75c886b9c8fae91fe27e400ab6c42f93576e514cc3b1a0ec5094675,f,t,t,t,t,
3069502,t,2026-07-30 12:38:44.641711,02f1206095b786711c01a64e9a4e16343c7a9d165d57ec526e570f593d1ff200,t,f,t,t,t,
3532423,t,2026-07-30 12:38:44.641711,36db6f8e4c1b8887b33d668e2f6f074b285112deba422c638898307c6bde1438,f,t,t,t,t,
3535610,t,2026-07-30 12:38:44.641711,c510430e8de41061bd005aca29c8851456aeeaaa58f64f3b8d1a85a0c3a6a157,f,t,t,t,t,
3533451,t,2026-07-30 12:38:44.641711,ff0260b5563d2011421561087338daf55a81cabf7edced87c28e54b67b69ccd5,f,t,t,t,t,
3069529,t,2026-07-30 12:38:44.641711,2a3b213d10241088d57b70fc15994bf247a78fa8b4ec69110235ff2d1eeaf52a,f,t,t,t,t,
2892102,t,2026-07-30 12:38:44.641711,211958621b75ded60d1717d2d680b14cc166057810bbd49652a5052051983a0f,f,t,t,t,t,
3536882,t,2026-07-30 12:38:44.641711,cdbf77b3d3608027a00b0cc7f3350de553076da71762c461659d9bc2187e2801,f,t,t,t,t,
1864402,t,2026-08-02 15:08:57.665255,6f34e536444339455c4f511db7ef4d5d136837f5c770af22a6811fe84a25c156,f,t,f,f,f,
139223,t,2026-08-02 12:01:13.036005,1b98d774612a9476ffdae34b99612ccbf0f295f23f94717b71c5f35a150a8b00,f,f,f,f,f,
2713396,t,2026-08-03 15:08:09.367012,c8e89771bf2a5abbaf8211aa93a54dce4bd5282983c16358d88d917df964a420,f,t,f,f,f,
2672249,t,2026-08-03 12:16:31.391507,38dab6479554f265c227c71b329e3291f139646d954f1546adb54a3d072b7712,f,t,f,f,f,
2555010,t,2026-08-03 12:09:17.131765,f576f5f5d636cde2df6701732d7c07be459d14a57a66b561cd6ce49be66246bf,f,f,f,f,f,
2543724,t,2026-08-03 12:09:15.033755,8c8459cf1b8a5bbe512159aa24d74072b0c848d3b7a14943594f94a4ca7d78d7,f,f,f,f,f,
2628967,t,2026-08-03 12:13:27.809984,a6676e160184dc28325035812d210566da7a150ceeea9318c1be01b3ddaa04b5,f,f,f,f,f,
2662628,t,2026-08-03 12:16:26.505248,136ec64302918dd5b45e50f0b164bf38c4ef1c9d7522d67a33478e8c613ca1a5,f,f,f,f,f,
2672343,t,2026-08-03 12:16:31.985997,93722dfeab9a97fa9aec44b6ac697d58b5dca81510e1f6125564c74036c92a2a,f,t,f,f,f,
2685291,t,2026-08-03 12:16:40.09173,2f0e5248d51e112b4311f92098a1b8d66a8e26db9537c009443faf1ffc18d69c,f,t,f,f,f,
2685300,t,2026-08-03 12:16:40.693776,76ce63260b818050bf05507628115acdc41b0b5cb4f089a9fd001325ef88196d,f,t,f,f,f,
2714533,t,2026-08-03 15:08:12.971974,4824a78c529bbdbc75442a167207180882a52d3719f01158c403ff3ce79f8087,f,f,f,f,f,
2714611,t,2026-08-03 15:08:15.675325,a6339c5cc03954366d0a494ee17da99f0a23a1490676bbfbcc2d82f146724ace,f,f,f,f,f,
2775525,t,2026-08-05 13:54:31.318941,8747dd0ce14846e3e088623a283ee91562451fc6b2173a63f5a131a908e299ee,f,t,f,f,f,
2781674,t,2026-08-05 13:55:00.731255,946cfef09e4f0e4f8bd5e7c49421062b867cf8749c0d5cb8fb1c757f4215a476,f,f,f,f,f,
2922605,t,2026-08-05 14:11:10.964828,0378c992baea2e2e292f45ae67482ed36f1599f0233f29e0fc3242a547d0b862,f,f,t,t,t,
2910006,t,2026-08-05 14:03:44.668353,79a7f3414c997e24c73b4f5735489053ebaf2b9740712a7a966b4cc56fb2f1a9,f,t,t,t,t,
3021124,t,2026-07-30 12:38:44.641711,b48aa02932a2ad37049e3393fc1f4e60767411de8f4552b07ea46691416d2527,t,f,t,t,t,
3534175,t,2026-07-30 12:38:44.641711,c09062240894df4ff4277bea4925e88bc83b8e4c9b790d13365ef68a4b58e0d0,f,t,t,t,t,
3547909,t,2026-07-30 12:38:44.641711,86b0941fb4b391caa261477159eaeb56566f6476c2639964eef9872b41189f75,f,t,t,t,t,
3533674,t,2026-07-30 12:38:44.641711,d1a6f318b56c929d657464916d5343a8ae334581bc7410470d31f6db57912059,f,t,t,t,t,
3533415,t,2026-07-30 12:38:44.641711,787d44b55b723169a01f518d7160663259cf3f9f80fa2c25ad4f05e302480406,f,t,t,t,t,
3536554,t,2026-07-30 12:38:44.641711,2b3172cad4ad64385c899fc23462f63ea5af11a0a65861b0735bcb4f6b7f3fe3,f,t,t,t,t,
3540290,t,2026-07-30 12:38:44.641711,4922af86da50dad72dc731e4ba33fe4418d9859d1049e8e0edb1f5a3a59ec7d7,f,t,t,t,t,
4007971,t,2026-07-30 12:38:44.641711,a5f2b94d58a14825ee5d857463ec263556fba0378bd142291f3fecb7f225096c,t,f,t,t,t,
3541983,t,2026-07-30 12:38:44.641711,b689c58d2949c6bc973b8ee2ff0b8290de2371f7d394749c430b59f908fb1dbb,f,t,t,t,t,
2930359,t,2026-07-30 12:38:44.641711,7402c6e9c5d1ff4711d51180d237eba625f4ea1bc32e8cd885a6a866a53b4514,t,f,t,t,t,
2930345,t,2026-07-30 12:38:44.641711,10f15cd02d9b9afe231da8184fbfc9c6f856564be46d25ee153403c3f7f59e00,t,f,t,t,t,
3536410,t,2026-07-30 12:38:44.641711,192f4d1898be1a62d311dfebc3a7d6896ca49f6877e249063726f5f828fe0d36,f,t,t,t,t,
3535302,t,2026-07-30 12:38:44.641711,e7f087730ffbdb9fad5a5cd7d79567485ae3b5feb2575e5332b2b01d5b2b2259,f,t,t,t,t,
4024892,t,2026-07-30 12:38:44.641711,0c8be885e186d9d6954db9cc68857d76492edf006935fde53e24eb52857f0bae,t,f,t,t,t,
3543317,t,2026-07-30 12:38:44.641711,0e8f8ae0a9ec82689b17357fefb24da0278a722abeb0acc4bdeaae2992950017,f,t,t,t,t,
3535298,t,2026-07-30 12:38:44.641711,33d092a6eae94a0cf25800e56f4f6250ef28c86284549a4559919b97a0bb2c02,f,t,t,t,t,
3547941,t,2026-07-30 12:38:44.641711,f37293a32c70bffd58263836f2c7aa8fb12671affe69c18d7c4f148f444f516a,f,t,t,t,t,
3544102,t,2026-07-30 12:38:44.641711,9f1cc90991381d873cd5b1e374541f39bf5dd4d0c941a3ecac89888bba09ce55,f,t,t,t,t,
3536759,t,2026-07-30 12:38:44.641711,ae5cee5ef57ec8034f17ddaae95007c96189771b6335b6c253726d40c2cbab57,f,t,t,t,t,
3536347,t,2026-07-30 12:38:44.641711,6ecfb235e8037983502cb98d1df48ec36b51dcd8afb6fa086c2edeaba842ca86,f,t,t,t,t,
2892089,t,2026-08-05 13:57:00.921904,8bada296ade9260947286e5de548504176f2490f089b9b7d57e95a455c48357a,f,f,t,t,t,
3536081,t,2026-07-30 12:38:44.641711,960210703bc602cdffd4500355992c1743f77e3e0a0a2abdc868ee33df233a30,f,t,t,t,t,
3536138,t,2026-07-30 12:38:44.641711,45b5b81c58d4e7f7c178eb053d2e0c98e791ce67c03cc1aa4391d45e8f0a2feb,f,t,t,t,t,
3530952,t,2026-07-30 12:38:44.641711,9ebaf569ddbd65cb94940e7f0d9346709cd68579accb5d8edfd66d6cf54b0363,f,t,t,t,t,
3547776,t,2026-07-30 12:38:44.641711,75770cbd4970c09e6794a0d5e398877b88c3cef3b663e7aeff23dad9e08d8d17,f,t,t,t,t,
3532403,t,2026-07-30 12:38:44.641711,df8f7f2a58ac07821ac5bc31b4447d659c537568a8b2c7326f22ce58f756c93d,f,t,t,t,t,
3535729,t,2026-07-30 12:38:44.641711,6dbac31c77b6db113b9a1fa35f250022e8569e3b2ddbadaf5389dec26c57db04,f,t,t,t,t,
3539443,t,2026-07-30 12:38:44.641711,22bd2b0ae141c936d371186211bd23dd39d8501e49af72f492c7a3c13ef2317a,f,t,t,t,t,
3539787,t,2026-07-30 12:38:44.641711,6f717a1f9806ec36b9dc505ddee1a2825284dd9dc6d837accda76b5dec90d484,f,t,t,t,t,
3536905,t,2026-07-30 12:38:44.641711,904a3a1d33e13b550750f118477b511c05d95c5f233d9836b226b244a0ecaadb,f,t,t,t,t,
3535757,t,2026-07-30 12:38:44.641711,9e8cda21b42c1ed00b686b9e0c3d66fff24a5aa4e62221a874bdfbed405d4168,f,t,t,t,t,
3536412,t,2026-07-30 12:38:44.641711,daeef41ed4471a5854ecfa7fa76980d05bd1114d672a236c49c12a96b1d6c7e2,f,t,t,t,t,
3536907,t,2026-07-30 12:38:44.641711,97a78a44445efb9c6dc60d29f153740a774895ad2067d3365dbc532ceefffced,f,t,t,t,t,
3536761,t,2026-07-30 12:38:44.641711,b7edef3a843cb8e9e1547d68ae5e56ff03481d6e191d264237d7305e1df41767,f,t,t,t,t,
3536259,t,2026-07-30 12:38:44.641711,823f986125f865c6392e4bb0298fffe4ff7cf5283c0f651ff4eb78f0770b4629,f,t,t,t,t,
2772889,t,2026-08-05 13:46:30.427925,cefcc1ff4b695bb5da3be9f70066f216def848a76c1fc2d1ebaaf7cbe996ded6,f,t,f,f,f,
3537854,t,2026-07-30 12:38:44.641711,4458369fb0439ffd82d1dd535d987663ecff557bea87c6099290aa99b32ee831,f,t,t,t,t,
3536329,t,2026-07-30 12:38:44.641711,1ce44a37c7536d9c21d801ab8bbde574714a774e1ea37b5f8aeb732e59ec655e,f,t,t,t,t,
3536399,t,2026-07-30 12:38:44.641711,ba02fbc3341a8f1e48c51391839d5f56963cca2c0e7224e19d662882f7d82434,f,t,t,t,t,
3536914,t,2026-07-30 12:38:44.641711,3c017e267a9cd27dae4ccfbcf88c0bb1631e1386582ccbba49ebdb1a7ee78803,f,t,t,t,t,
4010292,t,2026-07-30 12:38:44.641711,49d2487955c6eb7f86a192064a3e81f76d20a9d0e69b78ecfdb0e7c037c2c039,t,f,t,t,t,
2871178,t,2026-08-05 13:56:33.602353,2df5bb91c6a2d21edd8ffa1f75804b3c63f11c4e0c1d52afc6136052168fed49,f,f,t,t,t,
585526,t,2026-08-02 12:09:23.428091,ed1baca093096398f76fb4d0cf1fb7ce48a45211288ef3890a7b0557da31caf7,f,f,f,f,f,
2499926,t,2026-08-03 12:05:46.775282,a716e22ac5da1ad83b8a7e88ad98dc4a3c4cb51ae2ca373f01de31ffcaa2beb1,f,t,f,f,f,
1846248,t,2026-08-02 15:08:46.555236,bf60b9c92778259ead9d6ed969320c60e9b2a2c93a6f78cea06f43ad97ba7858,f,t,f,f,f,
2685584,t,2026-08-03 12:16:44.295663,c851411e84c7008894ad8161c6514e02355d1ff602ea03e2b4a951a18cdf680e,f,t,f,f,f,
2714644,t,2026-08-03 15:08:16.574584,dd46f1b7b5f675833528b6f0061683b7cf8669d69fb0370367dfd5acedebbf65,f,f,f,f,f,
2687788,t,2026-08-03 12:16:49.097238,803875b529d69f51a9924fa995f01a869ab15b8636d625ec19a07eaf637cf335,f,t,f,f,f,
131862,f,2026-08-05 22:56:41.305965,37695a3b4d59c5815a2cf5696bb76918e5492ab743abdb7cdc8800cf98214c8d,f,f,f,f,f,
2714842,t,2026-08-03 15:08:22.580074,9cabb072cf5dc413d0b6784c608f1f5ed72f088d037885880d1027307ff7ac74,f,t,f,f,f,
2892127,t,2026-08-05 13:57:01.527327,5cb963704bb37be0cf8aba9a8050ea8f5e84a617857774111fb655e5d0e45eb4,f,f,t,t,t,
2913651,t,2026-08-05 14:04:32.155297,aaafcc2f1346b53adcba2bae593b080b37efdb16a41619cf66977b9676ff04ce,f,t,t,t,t,
2821072,t,2026-08-05 14:09:46.194394,62527771b3f4e29ec0bd41b8d5f4920bf668e0da474d60497cb55e73ecc00698,f,f,f,f,f,
2913890,t,2026-08-05 14:11:02.859189,5eab9d9cf3806b6d1f70872bb2564bc4f4f7dc9d79f2ee56a12504489fa58227,f,t,t,t,t,
2809298,t,2026-08-05 14:02:55.670848,36bac16d28ffcfc9a275c2c1238dcb58fa502118b7a15eafe1e2c4cb85a3239d,f,t,f,f,f,
4010286,t,2026-07-30 12:38:44.641711,8f160eaa949fc2a548d247b74bdafef1086fc08e684b4c574b4aa3b1e1c0e973,t,f,t,t,t,
4010291,t,2026-07-30 12:38:44.641711,05576f9075a7c175057ba67cf811cbbe724e95a4580b4828a3f583980fece82e,t,f,t,t,t,
3540644,t,2026-07-30 12:38:44.641711,57d7eb09c5eac4769c54c4b236e26e76daa95484ca37b7add25eba36fde13bff,f,t,t,t,t,
3547611,t,2026-07-30 12:38:44.641711,2b87711ee74e01577fbf064323a8ec6127c1ca13ca091ad873fe0368c32aeb36,f,t,t,t,t,
2930348,t,2026-07-30 12:38:44.641711,82c64f9fa209177f8ffe189970076484ff33ac8696020b4160de521bc5b97db9,t,f,t,t,t,
3536414,t,2026-07-30 12:38:44.641711,6a29332d9c75ba256ca303bb2fbca6600f5d94746b5a8aa1064458fbe5c0e172,f,t,t,t,t,
3102026,t,2026-07-30 12:38:44.641711,a8899833db1705ac6bb45c119c889092b07b2ee50b50e42d4ad7bd3d2c8883c1,f,t,t,t,t,
125791,f,2026-08-04 00:11:14.665104,c4be1d86289c143174f197c99d2b0ff4286ec1ebb2070eb1ae3619021203921c,f,f,f,f,f,
3533723,t,2026-07-30 12:38:44.641711,e66b9f3faf0937438f5e09db66674c764ab494f6d6695c632a6f8f1e92e5d005,f,t,t,t,t,
3532710,t,2026-07-30 12:38:44.641711,9f706d309d306c23cfa8dfccf07d8192e282a54a1dcf17c02c83e3ceedb5b7ae,f,t,t,t,t,
3359671,t,2026-07-30 12:38:44.641711,0212988ef1700d595d15e82710094b5f72c193053f13b74899629f5c09d5f662,t,f,t,t,t,
3535627,t,2026-07-30 12:38:44.641711,c206cda682cc376b7294959df839b3d984a9cad746f5d00cb84bd046e246ec2b,f,t,t,t,t,
2773834,t,2026-08-05 13:46:34.927194,a9ea0bf56442d94b051a6dc89586aea1ef43c7ef428d130c51e302d10b3235cf,f,f,f,f,f,
3533414,t,2026-07-30 12:38:44.641711,f6057c929be07c090492b47144008985642822846b841b973ae57a993a4eff72,f,t,t,t,t,
3539350,t,2026-07-30 12:38:44.641711,eaa81a9e333d0edbf41150c192fede4a50ab5d9c52c9b50971618ceaf774f4f8,f,t,t,t,t,
3535259,t,2026-07-30 12:38:44.641711,ce4074764b240ea4b074cfae6f247be668a8f263a6ac2e35cf8864bc385f8146,f,t,t,t,t,
3536413,t,2026-07-30 12:38:44.641711,f069a10559093c694fae95546616f9463a0f64deff7024c1f509e7d71aab930d,f,t,t,t,t,
3532273,t,2026-07-30 12:38:44.641711,283e0a4b9c642640140837c92470c812a1c9f729ff81cd3f4463a887427d6be3,f,t,t,t,t,
3541941,t,2026-07-30 12:38:44.641711,254f788346364ed8c8d75abb2145a1f7fb3975f397859f920c54e9937ac2e6d2,f,t,t,t,t,
3536900,t,2026-07-30 12:38:44.641711,ab52c2106cecf16e07b51d809acb60e3833dd9e1bfa28d84b4e4194e1217eeaf,f,t,t,t,t,
129585,f,2026-08-05 22:50:20.910569,6472fc94e2311717f4fbf7d10b746d1716204d9f7a8a25b3cbc8ce4c6a7db71f,f,f,f,f,f,
3533498,t,2026-07-30 12:38:44.641711,577314168dd89857b80c21a3e18c455ae66cc9bde8ac86e464f9a73c6612f090,f,t,t,t,t,
3535806,t,2026-07-30 12:38:44.641711,8f128b9b80ca1f7df84113ed56b5596e76cfac33bd91ebdbdf0ccb8951e2e2f7,f,t,t,t,t,
3537880,t,2026-07-30 12:38:44.641711,9b1bc4cbc3cbc73674f6697b71945003a0781790935122b52563559fa55eedd8,f,t,t,t,t,
2892269,t,2026-08-05 13:57:04.522883,dbbe35763745731c8a976cff6b521c2050c98d161ffebf8eb08a8d472c861553,f,f,t,t,t,
3536424,t,2026-07-30 12:38:44.641711,e0710602dc7176e2bea0e3f8c205ae7064862666aa924b030a5b9a77a1f44d0a,f,t,t,t,t,
3534147,t,2026-07-30 12:38:44.641711,4197bac67cab8ed974225ea8e7a17dd277ec9aaafb5aa4ee81805139ae86214b,f,t,t,t,t,
3534304,t,2026-07-30 12:38:44.641711,3a86d249b8418d99426b93fdcdfcb0675d8e5dc69d338ef3e3390526c1017d0c,f,t,t,t,t,
3536043,t,2026-07-30 12:38:44.641711,7debee83544749303474ba6a655d2202a45cbf43a3c7d40cba9ae58861d8978a,f,t,t,t,t,
2869009,t,2026-08-05 14:10:11.115778,2ebcde7cab3cbe6cf21f351fd2c68f5a9c39e1b85fc57b259bd003630542ea0b,f,f,f,f,f,
2930355,t,2026-07-30 12:38:44.641711,86664ce9826eacac31f3e71d1a9edb2aa0b1a2980370b993a8c5f8449ca46c5b,t,f,t,t,t,
3536774,t,2026-07-30 12:38:44.641711,59013c7bc6bf43120984fa187cc3398e3fe8662cc9b2ac3e602537669e876d69,f,t,t,t,t,
3533542,t,2026-07-30 12:38:44.641711,b594ac9fc4c5ee5525dd6e1628b000e658e427de185ac1aa2c7b947895289636,f,t,t,t,t,
3533699,t,2026-07-30 12:38:44.641711,42eee142f71c5577d64d15ed45b181d35698f470a6ff965b6c48e169ca5925eb,f,t,t,t,t,
134338,t,2026-08-02 11:58:26.357907,b856ce51324e11201ea020d81fd59e4e97a00a170204073259d845150e550fe8,f,t,f,f,f,
1913089,t,2026-08-02 15:09:05.772221,c48faed97be9111b48d3f3df03845faee7757e5f3a5a314a326ce4b984fbfac4,f,f,f,f,f,
2913299,t,2026-08-05 14:04:11.385158,96b187a072f79d2d4d233d9bc46a8dab66498a94a9513ed45c4a71fe12649913,f,t,t,t,t,
2870203,t,2026-08-05 14:10:12.609285,694415ce9cdd58913424aa408a2ee435b49db64a34a68eab529638e93e7507cc,f,f,f,f,f,
800375,t,2026-08-02 12:10:38.326855,d71f2c5580747c2f0266198c261fe102acb7fd8fe167bfcac37857ba85bbe11f,f,f,f,f,f,
2704789,t,2026-08-03 12:22:31.940449,5b4fd28090cce8c98db0a582bdb78ccce9b49fae5cac2efd526f9b267ff3790a,f,f,f,f,f,
2501071,t,2026-08-03 12:05:47.990798,e267ba09e2de53fead3c43c62897cec354982d161e37adf5440006aa78a672c9,f,t,f,f,f,
2603352,t,2026-08-03 12:09:41.144783,32b4405bf6e2a862caa9d36ef3f9f703a30c1ef7fd80ec3a35cd326dc59576ae,f,f,f,f,f,
2647026,t,2026-08-03 12:13:35.006468,8b96d94aa77e25bbda009743de60d7beaebc205839529147477412a32ba47890,f,t,f,f,f,
2704780,t,2026-08-03 12:22:31.337511,ca363e636f47dd11b866855847360d67a1bb7e1c0eed29c9781968681d648475,f,t,f,f,f,
2672339,t,2026-08-03 12:16:31.6894,fb0633ca544b0d8d6f416e514a94354895dbb75176343274e150266f68dbfef8,f,t,f,f,f,
2685248,t,2026-08-03 12:16:37.994177,1f1656b5729d5154499fd327d47194f3aa900b06f637f255e1693ea9884f5d00,f,t,f,f,f,
2685310,t,2026-08-03 12:16:40.990029,63332df111cc565a4b48b199b17a9c0ae7a8ebdad0f008a10d1009886b3621ba,f,t,f,f,f,
2685587,t,2026-08-03 12:16:44.605842,75a2c84dfcd7e7e81702c95bdfaf00f8ca31827193538007c4b845d63c48994b,f,t,f,f,f,
2729266,t,2026-08-03 15:08:51.096198,573b167f5e080ae35c10e3f8c0e8b7a59a8d2c78abc6cdd49a461bc5a5f61921,f,f,f,f,f,
2913922,t,2026-08-05 14:11:04.663588,32b234ff596af38e370d351add3c87e48989e9de868c57b939aed9c101a175a9,f,t,t,t,t,
2714720,t,2026-08-03 15:08:18.375109,38a8d241c6f095c02c5fd889fd1d26b84624950a308090dfdf6ae0520e111113,f,t,f,f,f,
2715230,t,2026-08-03 15:08:24.9904,07a3d6bf6e86060dc293ae775b2e7d6340aebc19366dacc55bd3474cf6a98c30,f,f,f,f,f,
2715231,t,2026-08-03 15:08:25.288838,2dc9afb0c623042e91b3994d19c9fbb61c948673fba58a129e05ffe23c1bbefa,f,f,f,f,f,
584282,t,2026-08-02 12:09:22.821377,02e1469660ac881e2ef2c727c4840b173eb9ca0a5452548dc9e84a1f952f7687,f,f,f,f,f,
2903367,t,2026-07-30 12:38:44.641711,3c88328c67abd9bdd283997164e3608820032c84022c7a6361f370b4e30eeca9,f,t,t,t,t,
3538157,t,2026-07-30 12:38:44.641711,4fe4291b2c1b2368736241fbb218a0a3e787eeddbd19c7e6a7d46bf58ccfd8e0,f,t,t,t,t,
3532659,t,2026-07-30 12:38:44.641711,58d4363872fe77bb4ba8d140ed529c8d71d76b5b65dc50cc84f381a1d22ee4ac,f,t,t,t,t,
133927,f,2026-08-05 23:02:22.013004,fb1d084bdec30a6ed187f1c34f1d6215eba4552f1609adc48ab780836d6bf710,f,f,f,f,f,
3533861,t,2026-07-30 12:38:44.641711,d467f541488bec0e5234f26a42d2ed03d5f9105e4e4e95f045dc99b8f340e7ed,f,t,t,t,t,
3534143,t,2026-07-30 12:38:44.641711,646a2b70643bf043257784a889200163801b4a2fb153f57d147f62e92a5e6e93,f,t,t,t,t,
3535260,t,2026-07-30 12:38:44.641711,4ff269dbbd6f318673964cefdcc493cf8381bc9b75462640f67b1d78fc2c7f87,f,t,t,t,t,
3535768,t,2026-07-30 12:38:44.641711,dfc91c11d403c7388ad48e800d1cc64ade4b41eb46ef20a954fd8cf46e1bf142,f,t,t,t,t,
3536483,t,2026-07-30 12:38:44.641711,bb6b3f4e246f6d5dbafaed50973c70294daa110e4b788bb42ec8e455a724fe12,f,t,t,t,t,
2928154,t,2026-07-30 12:38:44.641711,d09999331dd97249cfbaa1947e9ee2f43d6e90c05b85d30731f6484c39825015,t,f,t,t,t,
3535199,t,2026-07-30 12:38:44.641711,0669b5a8eaa5a8d666c36afda6d558ecca3388c9e150b8f62bc4dce63ff477e6,f,t,t,t,t,
3536375,t,2026-07-30 12:38:44.641711,bcaa4d08d94e1467ce9236240e2e20761b59e76ffb8dc06b1f71e44554793d3e,f,t,t,t,t,
3534765,t,2026-07-30 12:38:44.641711,9a7c16e178618a79ee88eca36fa499f13f88f66ed285e53da5cdbf52a7bdc7f8,f,t,t,t,t,
3538419,t,2026-07-30 12:38:44.641711,4f30e2af08fffd25f84b531abec4bed95c507fa8d47d7af89bf09c33080daa11,f,t,t,t,t,
3533766,t,2026-07-30 12:38:44.641711,3a399829882e2e7c41b99252e4c9c20c9d2138bdf4b8c864efb9e3aff23d0f5b,f,t,t,t,t,
2943818,t,2026-07-30 12:38:44.641711,ba7d15918fc191885cb371da8e5cf2c35ab8d3b500242543b5a6dc887848588b,f,t,t,t,t,
3534703,t,2026-07-30 12:38:44.641711,19dfca2c04c542aedc7084163ddee2290bbfa8b63e227296584c15ed78c1a23c,f,t,t,t,t,
4024890,t,2026-07-30 12:38:44.641711,595c40384e30a83defa461b374432aacd498492a3cbc83388644e64f5a528743,t,f,t,t,t,
3536360,t,2026-07-30 12:38:44.641711,acd6b99be3935037171ca0b0de84f417cdacc0f98a8aebdddcdbdfc143e27a6d,f,t,t,t,t,
3536915,t,2026-07-30 12:38:44.641711,51321b15e3a6a1c5aefb0c02d369754e514582cfc807e6e882942d92600e2f31,f,t,t,t,t,
3022827,t,2026-07-30 12:38:44.641711,4b4f2cb5bbb373b47d2875f33640351cb3cb0576960a6133d091e8831aa11686,t,f,t,t,t,
3535269,t,2026-07-30 12:38:44.641711,26fd143d71b7e52a4628652cb24a7f45948a4f230410f96cbaa6a64720f05a28,f,t,t,t,t,
130703,f,2026-08-05 22:53:37.258664,9474b8479b385c244614c30d4ae91ff53a565b07065db782df656848f510b13c,f,f,f,f,f,
2781684,t,2026-08-05 13:55:01.034097,9e14f01a4f4479187163d5119d6f0a4ffa0ad05ae5250fe0e5e86099dd90e089,f,f,f,f,f,
3532543,t,2026-07-30 12:38:44.641711,eaf62dfc31ebb09f92eb0f9e3a2d9d024cb16fc0bf783bd5ccb0b715b99c85d9,f,t,t,t,t,
2774687,t,2026-08-05 13:54:22.914907,10d493550e3cda991a94ce92a6b922b1f5b8b184974f76da544d8321d5db5539,f,t,f,f,f,
3543287,t,2026-07-30 12:38:44.641711,f5b6cfdf06cc4c0e42de02c6934321df2ccbe801ee7ef94aa85d6b7ddee4aa67,f,t,t,t,t,
3547821,t,2026-07-30 12:38:44.641711,5cbf2ee748c1d350077e95d8089574dcd740f7944709bd0753e061cbf091994e,f,t,t,t,t,
3538297,t,2026-07-30 12:38:44.641711,1b696cfb9c63c4b6efac238c0b7a3c602d7e5daebc0d4a2d0a2dfd71e179a28d,f,t,t,t,t,
3536783,t,2026-07-30 12:38:44.641711,0bd6350224585c976a66f40f35b0b74e2e6d53eb815bdbb77e39605e94052fbf,f,t,t,t,t,
2870295,t,2026-08-05 13:56:32.707999,812726c56b1e0cfb4457b8904e34189aea1ae4623199f104e8c0c497119014cb,f,f,t,t,t,
3547789,t,2026-07-30 12:38:44.641711,09fda6623ed1879308fb68cc60e355e341335b3289be95bf9081fc4cb3bfe158,f,t,t,t,t,
3537708,t,2026-07-30 12:38:44.641711,4af09f8adc72c7388afc5500c78695862dcab5fafa7d1ac629bc28ba25057ca7,f,t,t,t,t,
3538983,t,2026-07-30 12:38:44.641711,73f5245c277c35f72b2d48b832f0ba18213b25c7f6ec4347dece08e0f56046a1,f,t,t,t,t,
2892750,t,2026-08-05 14:03:12.850639,e7dc8467545dd8194d05409268be0ff9e4dd888c62c6991e7dc390033bc1ae7c,f,f,t,t,t,
2022049,t,2026-08-03 12:02:55.407795,13c216fc7777bacab994c10bcefe0f839232301b2d10d9b3f3647673e4763e73,f,t,f,f,f,
133934,t,2026-08-02 11:57:59.479955,7c441f807924f66de6f18f3f65c9a16f2e9b14f7fe3b16ad7f2a7d4990d7f0e8,f,f,f,f,f,
585585,t,2026-08-02 12:09:24.013329,bca462d55cf6feb41c689bcf3fc6cafec70add0205eb439ada56e4dba07d5580,f,f,f,f,f,
2511700,t,2026-08-03 12:05:50.67551,39481070be1d959163a73cfe5ebf33ee2c35795a870035bd0f95add22c2c1517,f,t,f,f,f,
133931,f,2026-08-05 23:02:33.65877,7fd01f5846478537524c712fd95a78467c5a48321022b9c53cd844fd18734279,f,t,f,f,f,
2713848,t,2026-08-03 15:08:10.578185,c1a53bf686242b0ee1ad1597cfcbf2a84feaf99ed5ae18d60c207afa222b1f67,f,f,f,f,f,
2385664,t,2026-08-03 12:08:34.267526,c8061b6a1f4093da1437206c728d47e777e4ba60ffdf7a648320bc0102931fe4,f,t,f,f,f,
2479573,t,2026-08-03 12:08:44.470975,db51d378dc96e76ced23d128db2b19aa0f97f17ca6110c0f7cb59dcf55e9cc46,f,f,f,f,f,
2670838,t,2026-08-03 12:16:29.890202,994b4bda7916fdff9115266c7a3361e859c2ecdba948e2218316487947064178,f,t,f,f,f,
2685278,t,2026-08-03 12:16:38.893679,edd17a8ae66f5d7b412a3a5844fe0997dea9568f717387da4f8d5ce3f542654e,f,t,f,f,f,
2685627,t,2026-08-03 12:16:45.497056,47d0d1c1711cef67cbeffd57055b7bb27fa60b2540dffb565173bcbdcbd7a1aa,f,t,f,f,f,
2715249,t,2026-08-03 15:08:25.884905,f1d47f8dcce643b4de54cad8f74e37006ab2c491d08128992bcd5fe94cbf1254,f,f,f,f,f,
2903398,t,2026-08-05 14:03:26.355727,0b71b44d944f624dc7b58fd69d8057263cfc8a31b1750c7a8b41af8ec34fec74,f,f,t,t,t,
2717121,t,2026-08-03 15:08:35.78699,02b58cdbd86d3412bc3ba9c6907dc697b9e62831a2c5ecf11080c409e6f5d726,f,t,f,f,f,
2723687,t,2026-08-03 15:08:45.391434,3246360d031094dcde4d9954c7418b2d592d530578ab34e8873c2667098c2c4b,f,t,f,f,f,
2729401,t,2026-08-03 15:08:51.398444,08350f40ffa60b3de38e74c5d93274e0b51442edd4707651389db64f55439aaa,f,f,f,f,f,
2731193,t,2026-08-03 15:08:55.008615,41fbdee64e841953041cc51bb12674e007d300a5b8d0cab49f8e50858e95dbb4,f,f,f,f,f,
2733999,t,2026-08-03 15:08:59.813091,285b123d1326ffa049e50d61313ab0b837d5b90ec1fbd4570c1ffed6cc907aea,f,f,f,f,f,
2913239,t,2026-08-05 14:03:57.882914,736d4d69a6925007620abf78ac8a7ff7de5e91cc711d3d03314dfe010375c0d4,f,t,t,t,t,
2913302,t,2026-08-05 14:04:11.683338,ae75bb1f8d8ac2376c636b21e03d945d7c0e1a92d9b8bd5f21ee8a7a9a10468e,f,t,t,t,t,
2913307,t,2026-08-05 14:04:13.187351,82b44fcea55d765ff282ce12156447680fe37e92d571aafd425334ef633f175c,f,t,t,t,t,
2892906,t,2026-07-30 12:38:44.641711,b2278c17456ec84139d3e5c816faf9518eedbfb71491b11204f605afaed7f238,f,t,t,t,t,
2913235,t,2026-08-05 14:03:56.978372,f0392f2ef2300082b70bf0c87c897ec8ebb27df249eba55693ed175511cff9cc,f,t,t,t,t,
2892780,t,2026-08-05 14:03:13.155851,8ded295a58f194c7098e4bda8898a1cc7c0a9c5839e56baa1944092fa5a9a006,f,f,t,t,t,
3544605,t,2026-07-30 12:38:44.641711,03e2f46739f686ec259a159c03c61e6f1ffd66f021b0fe1c3c69bc0061db9a90,f,t,t,t,t,
2903472,t,2026-07-30 12:38:44.641711,f70dcffaed73284553a23f284d5c8a497f29ff9e9020e99cef60340e1407cb63,f,t,t,t,t,
2930342,t,2026-07-30 12:38:44.641711,a097d2aa3977801074b634bf5c6cde26c02644c216f9d79f0f0dafd9e6f0fbb5,f,t,t,t,t,
4024891,t,2026-07-30 12:38:44.641711,18c4dac084dec13a4ca595459d51f2eb9c39f9b2be0e0748505948f045ef9192,t,f,t,t,t,
2930440,t,2026-07-30 12:38:44.641711,32444729793725fdf9f0ee0038ee8449cb3975e5c9799c4c78f4942078719df0,t,f,t,t,t,
3533694,t,2026-07-30 12:38:44.641711,ba5b5c8361348351caae0edd3ebd829409341195b9405387c00825029280731b,f,t,t,t,t,
3536808,t,2026-07-30 12:38:44.641711,a2bbed74eb30efa9a665518ea75313b45279671519d731ab78b0e51598accf72,f,t,t,t,t,
2930365,t,2026-07-30 12:38:44.641711,7f2be600aed876f318ed028b05379edea5b99388678e21a60f2ea8829950b497,t,f,t,t,t,
3537319,t,2026-07-30 12:38:44.641711,764b640a4f25d45b35e37c2cf6f4fea5e33e9ce740abbd666230b8803f4c4142,f,t,t,t,t,
3532217,t,2026-07-30 12:38:44.641711,42d6e1276e392b7bc9ffef1e9c37e04574d5752b7ffe54704aae97a0ba8ce353,f,t,t,t,t,
3534516,t,2026-07-30 12:38:44.641711,d4acceb0ab61f79e02e2d2cec5f61e04cd66e23fc95a4340acc86378927adad9,f,t,t,t,t,
3532274,t,2026-07-30 12:38:44.641711,cf8c8bf5e6f216aef6455fea7a19daf2b5f10f27937e00198cd4fae307411027,f,t,t,t,t,
4024888,t,2026-07-30 12:38:44.641711,aca71395f19119ca1507063e74eeba26b2094e3bf7907e6a74a8cf4089ec520f,t,f,t,t,t,
4024889,t,2026-07-30 12:38:44.641711,a29c753ee1ddf1d81545d4efb573ceb59e6eca74b7c79f6b5577419e2d26ef1e,f,t,t,t,t,
3537795,t,2026-07-30 12:38:44.641711,377a801f02438941350dcf5581cdd52dba075d1ed4581954f4e8a2150202cf15,f,t,t,t,t,
3535146,t,2026-07-30 12:38:44.641711,db461552a7b038b77d180e01281ff25117c62ec2254b48d0860e6dfef96acd68,f,t,t,t,t,
3537760,t,2026-07-30 12:38:44.641711,48e8543918abc86c7a789135136d32595407065b8cbaf3012a78bcf85bb20677,f,t,t,t,t,
3547803,t,2026-07-30 12:38:44.641711,efc8e5b157139c46d362f3a32e95c59c916bbeec39d79d94dfc159b3a4aba44a,f,t,t,t,t,
2685233,f,2026-07-21 22:34:46.847283,57c3047e3f0a55aec75907d7f64dc287109135af726a47ec2b79416ac5bf9eea,f,t,f,f,f,
3539408,t,2026-07-30 12:38:44.641711,2a4b2d29a7cfa4bff321b68162b6e4d3df77b813380f5883883d6d512a886958,f,t,t,t,t,
3539426,t,2026-07-30 12:38:44.641711,67d3ce94804678caba7b3aab07378a8bfb14f63a872e1ac25c4fef996850317c,f,t,t,t,t,
3536818,t,2026-07-30 12:38:44.641711,676f6df0dbd9aa39d9d75a409b092fb781d0c98a66dceec8f44a9a126e927e60,f,t,t,t,t,
3534095,t,2026-07-30 12:38:44.641711,a4a45e2ba7ec0a6e4dd0e6b30d2cc4b4d796ed6afb8d417bb63d2ca8dbbb0a06,f,t,t,t,t,
3069526,t,2026-07-30 12:38:44.641711,5f03c393b03dafc1a121589f73e32b915400f68da3849cb93a36504a0c87e7a9,t,f,t,t,t,
2938685,t,2026-07-30 12:38:44.641711,8e992bad23ad4b9a69a0ae3f9f7c35fd3cb686f68aa4a92bfbee6a6d5c1f7666,t,f,t,t,t,
3544731,t,2026-07-30 12:38:44.641711,6c8194d3e2b0f485bb9a0eb04b872e96c8c60be3d5f6a7ddeb32b81a1ac4eddd,f,t,t,t,t,
3543260,t,2026-07-30 12:38:44.641711,654f5e6a440d483ddb19bd030570cd894408601eba69227beb16911f57caa9b0,f,t,t,t,t,
3548786,t,2026-07-30 12:38:44.641711,b2ba7f0065c916feb0177a35ed61c553f84add52a387d5d909e83eac5c833e34,f,t,t,t,t,
127722,f,2026-08-04 00:19:11.960328,0b1c84f4033da69fd120389d71ed41c8a3c028b7ea4068d27cfdaeecbc9cff1a,f,f,f,f,f,
3538144,t,2026-07-30 12:38:44.641711,3d536e1187500deac5ba8718c231879936a72adf14dc4ba74d200312025a5227,f,t,t,t,t,
2930361,t,2026-07-30 12:38:44.641711,94ebd873c434c26deaa08b3fee899e47c41d050f124652e87084dc2280bf8878,t,f,t,t,t,
3569194,t,2026-07-30 12:38:44.641711,911a4dab92c8bd084af9629753b7c7304b067aa66d762a9e0a6fba1e54b87e67,t,f,t,t,t,
3539984,t,2026-07-30 12:38:44.641711,466679cb416239e9ad6f212787b7f74ea33e6ce5fd317465bbfd5dc4c4a68937,f,t,t,t,t,
3532545,t,2026-07-30 12:38:44.641711,7695ed796d9e96ff6580c723f6e672067adff41773509c5125038e533ca535a4,f,t,t,t,t,
3534103,t,2026-07-30 12:38:44.641711,8c5848727d5a910a24ce87d6e510d0054f99ac36501a9c86e77cf8178837f97f,f,t,t,t,t,
3535323,t,2026-07-30 12:38:44.641711,e0b27d84d127c19a65214174a55f58bd34984aa76fb4363c2987fa53d7242105,f,t,t,t,t,
3536397,t,2026-07-30 12:38:44.641711,16cb18022182cb14ccfb06aadbefbf4d7d8914e0d4867244fb6accd76d2c58c2,f,t,t,t,t,
3538535,t,2026-07-30 12:38:44.641711,ea13a83c33756674bde17ce6998698b4d19ea608421aaa610b7181f7082f499a,f,t,t,t,t,
3539766,t,2026-07-30 12:38:44.641711,91066892776daff9346a9f8c90713bab7148dd62cd7ead5e7ce3154d8c46adbf,f,t,t,t,t,
3534811,t,2026-07-30 12:38:44.641711,d9adbad98ff4027598984602db2bdb3dc36d61e6d9ad1616a773c76e380ada65,f,t,t,t,t,
2791912,t,2026-08-05 14:02:08.851463,2d8369e9f03e17f2e5450ac9b376ad607340e3e851f200ef347316c58b68d497,f,f,f,f,f,
2871268,t,2026-08-05 13:56:34.803751,6cd5e84fe66be51b539d1626e53bc6c9182e40174e332ea4c7c3b6c2651cb08d,f,f,t,t,t,
1009525,t,2026-08-02 15:08:14.427135,ed19e83f718f2bbf8af35faba900bd3a2448565b2697485d522c80220eeab9ac,f,f,f,f,f,
1855941,t,2026-08-02 15:08:57.064439,d0e815f9edf8f98afcad6be89aa3ea2c067210ab42e1110c3e355e7b7328f98e,f,t,f,f,f,
2685606,t,2026-08-03 12:16:44.898838,fbe304a65b0e962521967462eb5cfc6626efe122dd7a2240f9e33675a5a83300,f,t,f,f,f,
2714439,t,2026-08-03 15:08:12.071019,8c996835c2a4d7d57bbf3232fd8ecd7b219e80fc33bfd703913330193ec95d9c,f,f,f,f,f,
2727741,t,2026-08-03 15:08:49.595066,fb1567696b32311503a195ba4117f142731cbf6eb3dcc30596f2a213c78dbe06,f,f,f,f,f,
125749,f,2026-08-04 00:08:45.401653,ff7b1945b94bb8905cab865f53cde2092d6b0bdc8ddefcf59ffb3a7112c445d2,f,f,f,f,f,
128359,f,2026-08-05 22:45:52.566846,7ce1fd441bee68b24a9536b4be7e81a6d571377f545d2b240c5f0b3ff6d53b64,f,f,f,f,f,
128728,f,2026-08-05 22:46:48.296525,124a66332e851205a8fdeebb4d98c030d4d60f5f5cb7bcef50880992691b2a6c,f,f,f,f,f,
2776857,t,2026-08-05 13:54:41.225453,d500d757c3648a06ee9638f955daadd4f4909649ab4c4fc1b6b495fe64be20f8,f,f,f,f,f,
2804197,t,2026-08-05 14:02:49.367215,da575cdafb608b3f086ca800e87163a0bafadacec5deb6d575ef9c4d5bc6149e,f,f,f,f,f,
2892312,t,2026-08-05 14:03:05.948354,8a4771b33b1cd8c126b2506fdd9a4787db90236c4eaf4f2a5754c5533ce82ebd,f,f,t,t,t,
2893863,t,2026-08-05 14:03:14.951749,cb1c48e0582081aff1cd8d6876de2fb95e6eb88ffc39a6d247924b39f223073e,f,f,t,t,t,
3537621,t,2026-07-30 12:38:44.641711,d9ef732b01e6c6740e07202224b940cf065c1374b933de78c1faf099d4259fdf,f,t,t,t,t,
3537616,t,2026-07-30 12:38:44.641711,5bd2dd137de379e580b88e906151407ba28e6dc10965da7826e45ecf3f6e4088,f,t,t,t,t,
3544351,t,2026-07-30 12:38:44.641711,e12b1354217c25dfcc9f65fa4a6f1c49199c99e83635f202ae479ceccfbf3267,f,t,t,t,t,
127922,f,2026-08-04 00:21:10.918802,a726b9fdf183b61324009164beb9dfde8de0a7348ba6080a200d8456a4c3174e,f,f,f,f,f,
128176,f,2026-08-05 22:45:03.449855,e9109ee733365a3982ddb6fd93bc88d72dd02a32e180eb8420ea7fe425e325d3,f,f,f,f,f,
2761649,t,2026-08-05 13:46:02.855456,5c7d1bdb2a3abd3798f5fc7c07e0da9ba237742e027a0816aa8018c6845a72d4,f,f,f,f,f,
3536398,t,2026-07-30 12:38:44.641711,dd3fe0408bf576e42e52c22b45a279bfaa0c6701aaf9623c68761b9c9767c44f,f,t,t,t,t,
3072085,t,2026-07-30 12:38:44.641711,02c42e8e9aea583506cf134b8bf87268c0117d542ba370626141a34e9a79d012,t,f,t,t,t,
3102078,t,2026-07-30 12:38:44.641711,650c41cb82f99b6068b362e44347c7a6f5bb7fb38e56a24beb22513a96d7526a,f,t,t,t,t,
3544610,t,2026-07-30 12:38:44.641711,197e8c8b15ca6012e8dfddbe3de354d9d83a19e7b50228982567b1843fdc45b0,f,t,t,t,t,
2903492,t,2026-08-02 07:49:53.028378,0f89fc86cbbc9058bbb8df077ffcc7bc8a3255fcd5774acb5d3ed845b3155c10,f,t,t,t,t,
3536332,t,2026-07-30 12:38:44.641711,a36d9682aca03b16798987bc38c1b83aaa3ab7d3db04a7e1bb64f3fa8aff2bb0,f,t,t,t,t,
2761751,t,2026-08-05 13:46:04.315871,e9d5db872a71312bc931f81d38156877f4df9e4c27a87cd668bc90f2aae17cdc,f,f,f,f,f,
3535538,t,2026-07-30 12:38:44.641711,a3a0baab77e0f7dd4183984e8ae926eb364eafc325c23e2586c13fe4fee8cef8,f,t,t,t,t,
3547912,t,2026-07-30 12:38:44.641711,29fce520ed86ec8845779088d4548663e09d1ae37365d47a89cc72c81adc0ad2,f,t,t,t,t,
2685445,f,2026-07-21 22:34:54.556766,dea544d561a965bd7a7111e74b2553817c93e5e209c46cf83831e818d59e2708,f,t,f,f,f,
3535651,t,2026-07-30 12:38:44.641711,9c1aa2f9629cadd424b7941f1ffcbc401f69ffb8a9eedda2fda444fe49bcd7ae,f,t,t,t,t,
3532721,t,2026-07-30 12:38:44.641711,6acbfa906c5d61ef9b231fc8d3eb40b3d23bb0241a2294bb4db1da9ac4627604,f,t,t,t,t,
2929266,t,2026-07-30 12:38:44.641711,1e4ef3dcc720eed79fe1c0fe32ee67d1154ca2e1de1ccd6ff3c7a7f6245dbe90,t,f,t,t,t,
2761824,t,2026-08-05 13:46:09.120624,bc5d4280126b124ba554744e3447e4170a565a1ad7375974c27781be2c9dcfaa,f,f,f,f,f,
3534253,t,2026-07-30 12:38:44.641711,c6f8c65ecfe8ecabdcb22f5ebde57359511469f53d272a0dc2f6672f52f4f917,f,t,t,t,t,
3541854,t,2026-07-30 12:38:44.641711,e73260f5af53a4812ea1c755db4f471ec59823f7591c7ab2be309d611bc02ffd,f,t,t,t,t,
3537855,t,2026-07-30 12:38:44.641711,30a73a7aaf3d35675e6bccd705448c25280a6fc760b7881bc1d6a0bcecc8a8d3,f,t,t,t,t,
3539761,t,2026-07-30 12:38:44.641711,fd0410b446128f36644f2c7af41c16a8ed4f8474eb010215ca5ef72eb5fba42e,f,t,t,t,t,
4062752,t,2026-07-30 12:38:44.641711,575901721136db400dd2fff2f3a397b7052dcd3b13c64467aa6051651d8d486b,t,f,t,t,t,
3532396,t,2026-07-30 12:38:44.641711,c17b7b7341e5005cdc2c2fe6edb05ffa7745b02ec0620b8a0dffda8b911c3381,f,t,t,t,t,
3101940,t,2026-07-30 12:38:44.641711,785d022df4a0582eece5bcfedf0511eea9cff3cb90a57d57b49e6aa695d497e4,f,t,t,t,t,
4007975,t,2026-07-30 12:38:44.641711,4b66b3b2b590b4b136bc3d4c47273fe12341ae7e033231eb26e556ae0c1319a5,t,f,t,t,t,
2930369,t,2026-07-30 12:38:44.641711,5a730a272b03c40d5ae149923e63786bd554de2a5dc6ab0165a850f550dc6af4,t,f,t,t,t,
4007966,t,2026-07-30 12:38:44.641711,bb4aee061543b45c38c0c70f488c7af5d33172717faf662066fb862e39ba8ce5,t,f,t,t,t,
2930372,t,2026-07-30 12:38:44.641711,dadf5c85b8edcc642cb43ea0c9da211dceb6718e61e159d42b62be6b3322c816,t,f,t,t,t,
2930793,t,2026-07-30 12:38:44.641711,42ab5cae9cb1c121596a1577c3f5bd874e2493844f21f6bbabe6b46cc571efb2,t,f,t,t,t,
2930333,t,2026-07-30 12:38:44.641711,444d2519d16b70e86534b0826a8800057a8eebe1f08600c39777ba9051a7439e,t,f,t,t,t,
3044626,t,2026-07-30 12:38:44.641711,e2c948f9dc181a234ba7852116e57c37271e84eb26968d3fbe58aa47729777e4,f,t,t,t,t,
3533679,t,2026-07-30 12:38:44.641711,4b2d92a52eeb13fbb8c42f6c1e32fb3f5262f6f5b5ef0d87929489bcfb46adc0,f,t,t,t,t,
3544682,t,2026-07-30 12:38:44.641711,588d35625e0058495e36feb9d3976591c0efa0c567bb0883c33da2a47ddd472e,f,t,t,t,t,
3535689,t,2026-07-30 12:38:44.641711,61a88b3307773415ae26523faafbcadb1fa7f6157775f0bc10db5aafa93eb238,f,t,t,t,t,
3534424,t,2026-07-30 12:38:44.641711,141bbf6fd54d6cc2a20e91336ed309a6717882708e0565a23a6541381ad70839,f,t,t,t,t,
3536830,t,2026-07-30 12:38:44.641711,e38a256d2c9dd82207e1f378c430e2bddd30f1355908996818bf2e57f27c8733,f,t,t,t,t,
3535724,t,2026-07-30 12:38:44.641711,32715e11481bb26814dc6635c7fac3836cb27ac89d78505b79541cebf676686e,f,t,t,t,t,
128724,f,2026-08-05 22:46:44.57135,93f118a79df05264032cd0e4a415d8d1e4e16780f1d1225a6e12278a0b0e554c,f,f,f,f,f,
3537606,t,2026-07-30 12:38:44.641711,04581f6bed21ba372227a60cbf81a84e841b83c502e5c41d659c4c24c7a57711,f,t,t,t,t,
3541940,t,2026-07-30 12:38:44.641711,66866a35e3b4a824256de70e58213c1e5a5b34ce421e19b7967f0a59020a3e79,f,t,t,t,t,
129268,f,2026-08-05 22:49:19.229858,80f5ad63e21158260fdadde127ba95bbc448df24d2ad42d6ff58e9fd90e57b0b,f,f,f,f,f,
2871246,t,2026-08-05 13:56:34.505624,36e4adb0ca39c1ecb4c1e28b0a62bbc873f272d95c4ac4f382149d6ce3af0215,f,f,t,t,t,
133497,f,2026-08-05 23:02:14.916086,e24d2e5cbeed2326a0a77d9b4f9a6e66bb2055c19ff0597c182971c35769b04e,f,t,f,f,f,
623279,t,2026-08-02 12:09:35.120966,c9809b096b54dad88c0a5fb0659f0d0fe12762335d3a3ed9a8d156475e22b125,f,f,f,f,f,
133933,t,2026-08-02 11:57:57.579924,adf10ce1c1bc17ad65c43a32c8c39e79b76bf8780a02f2ec8dffcaffc0413163,f,t,f,f,f,
585591,t,2026-08-02 12:09:24.316356,b65b8086c4ac894fbe925a2e5c58ea7fc0f5349d0d4df85695a1e46f4c1335d9,f,t,f,f,f,
2670839,t,2026-08-03 12:16:30.193217,9d5f3b6b031c31ac3286c1da9df65d5cd4743b7e14149ea906350b5dbb1d1f02,f,t,f,f,f,
2670847,t,2026-08-03 12:16:30.789504,61c12701c6588b7983539aae7555e3727d47353b352bfe9be3ae573f217f7985,f,t,f,f,f,
2653056,t,2026-08-03 12:13:38.013123,a09e28ff07e7fcfe943203e1a432674706e7e2939a8121c885008c27b80cf195,f,f,f,f,f,
2744417,t,2026-08-03 15:09:27.434962,0107b5d4598024ca9a5bcb9c1827041fb377d169e03996e5177762210b8150a2,f,f,f,f,f,
2685281,t,2026-08-03 12:16:39.492841,5a2b5774c4ffe9cae7f7bc2094ef7fccdc260a6629f6f653f890c5939e50db87,f,t,f,f,f,
2685615,t,2026-08-03 12:16:45.199624,585834e655a12f45c39b3db252a6f7915a20db86403d66d66776f24f0cb0a974,f,t,f,f,f,
2685653,t,2026-08-03 12:16:45.794679,4e8c8c6df56f44b36dd18fd36cb6555d1739fe1159ed4856ec2d5d2a768e752e,f,t,f,f,f,
2687785,t,2026-08-03 12:16:48.794149,37cfe94bb3fd55b1ef8ab54bbeba48df8f6b22f2cba33d0c9bafbf408645a8de,f,t,f,f,f,
125750,f,2026-08-04 00:08:46.917455,1589191bd9a3e29d6f80b4158a8c14eba021ad8c1d53b117aaa880e76933dd5b,f,f,f,f,f,
624640,t,2026-08-02 12:09:35.425711,16e95a23cc52ebc376a4a363d10cc71b14ad17ec95aa3b138f45511841a04f6c,f,t,f,f,f,
3532232,t,2026-07-30 12:38:44.641711,09b9bef43ab4a66f577f1a7415542dbc59b2610daebd383c13857211024ec91b,f,t,t,t,t,
2930376,t,2026-07-30 12:38:44.641711,6434cb228a015ade5203e27fd05511865916a02f1f6f97f31c37b54b9f8d5e1c,f,t,t,t,t,
4024893,t,2026-07-30 12:38:44.641711,5e73d8091a1eadeca673b5aaf227e75f0068422713ed85cdf5f8ca78f852b998,t,f,t,t,t,
3535825,t,2026-07-30 12:38:44.641711,d216daff8a71bb7f8905d6bb4c42ad2e9b5fe9f6800dd5afd1d02e6239d45c18,f,t,t,t,t,
3534303,t,2026-07-30 12:38:44.641711,9095e66ed0e614e0cd7d204ecbb39eaa07056fd36cb52de1f53cc9926d71ec19,f,t,t,t,t,
3537137,t,2026-07-30 12:38:44.641711,1b09ab84dddb95c99f532aced1c94b7986ddb4a5ab2657695b7f325d5d111260,f,t,t,t,t,
3535756,t,2026-07-30 12:38:44.641711,7fba6f6317c5c31d8ec79759bed7c6c3ae6513f2196b8033aac557e571afb9f0,f,t,t,t,t,
3536901,t,2026-07-30 12:38:44.641711,985bd681bad8b29a1c9cb5249fc597c69a088ee83f0bda989414b244e84ce795,f,t,t,t,t,
3532631,t,2026-07-30 12:38:44.641711,98437bf2aada9efc1d84628ca2d6dea3457c44dde7ceebf19ce2aded1e38d455,f,t,t,t,t,
3539750,t,2026-07-30 12:38:44.641711,c2d29ccfe2f3a70cd4bf42a58cef0b6af7ff7da2e84ba6267fe94dcc97b8eb73,f,t,t,t,t,
3536439,t,2026-07-30 12:38:44.641711,2f7a485dd1560aaeb5a24b2d2591873bc5c7696321d6f7cd3fb768615b75a1cd,f,t,t,t,t,
3540971,t,2026-07-30 12:38:44.641711,f6b67b65a28360dde77c2dc5a6ce55c191f80a4eb8e024c391ad0c921ebdc9b8,f,t,t,t,t,
3535697,t,2026-07-30 12:38:44.641711,bfe8daf17ece2791c9e41c91dd5d32ac09d28d19c7de6a5b0ecfa700ea0dba7d,f,t,t,t,t,
3536457,t,2026-07-30 12:38:44.641711,5a40f87cd2b3ca71706f92e7b502cd87265f3ccc79105d02949ff1af3d77f84d,f,t,t,t,t,
3536848,t,2026-07-30 12:38:44.641711,4a7d2f32097ac4b2e92502abd4ba1aa2777f9ea7be49c3a2b38fdb04cd3a42dc,f,t,t,t,t,
3533715,t,2026-07-30 12:38:44.641711,8bc181768288fd42b9bb7604b66ee63932928b159c71d59bd7cc2c3e067039fa,f,t,t,t,t,
3536864,t,2026-07-30 12:38:44.641711,8d9ce20b6a4df7e331e677f690eeb549f5e6d984b731601d1983c37a99fa8b6f,f,t,t,t,t,
3536396,t,2026-07-30 12:38:44.641711,895522f301c35091ff8128c288467d3c5db74bf5c41d9364ec8abde5679a620d,f,t,t,t,t,
650442,t,2026-08-02 12:09:56.730851,f02bd5adfbb5dd3ef54f2183a0d1c3026d3b15e6e0da08fa4e79321fb000fd06,f,t,f,f,f,
3534652,t,2026-07-30 12:38:44.641711,3e069ff66d1409fc34a80d2971f8b845eb62df9d4c255021a823a7b800aa13e9,f,t,t,t,t,
2930380,t,2026-07-30 12:38:44.641711,bae6caffd64b4dc6fb29e83037025f85386dcd31dda33a7fd7de1bfd70da33e7,t,f,t,t,t,
3547805,t,2026-07-30 12:38:44.641711,28a70c0197b4691b8c9610114c985d2b220ff8143038949740cee894bada5a96,f,t,t,t,t,
3536482,t,2026-07-30 12:38:44.641711,39e8f16d0d198b69156e113c7e5d42bb416d90774ce03d9449740335d87ae65c,f,t,t,t,t,
3537193,t,2026-07-30 12:38:44.641711,c29c575c4a842fe07b6c1bb2c86bdfca702562f901e57ef2aa905c78a7572448,f,t,t,t,t,
3544744,t,2026-07-30 12:38:44.641711,93abf9a771126f4cba7d16fdc727775d3933c46a6c44a69a7fc76dba5e16b842,f,t,t,t,t,
2761834,t,2026-08-05 13:46:10.370411,c7f86ab8b087af8b4147df6839788459db8ef3950eeb80f06f4613f4da0b25a3,f,f,f,f,f,
3534216,t,2026-07-30 12:38:44.641711,1ceda729cf3f935eabc4cd7b157568bade9c8f1adb477d8ff187946d626ce1d9,f,t,t,t,t,
3537847,t,2026-07-30 12:38:44.641711,01d66b19387afa00b4568f2eaebd0b9595fbec53b4b9131a50b5b945626a6a2d,f,t,t,t,t,
3534551,t,2026-07-30 12:38:44.641711,dc4ae6079d0bed3f0ca380106df2008d6bf7486fb81345f16c02ee76a747d451,f,t,t,t,t,
3540952,t,2026-07-30 12:38:44.641711,12758175b7331e797c052b00aa14ec0eb08eb4298d99cc8cac41548a5cb52fe6,f,t,t,t,t,
2930341,t,2026-07-30 12:38:44.641711,2107430a57e0a040883067204f223617dbc828518e61232f0a658fe3ef71f0fb,t,f,t,t,t,
3536027,t,2026-07-30 12:38:44.641711,3888662b023b55a930cf8122221950c601f7e0e1ac5511f8ba73c8cca57c36f1,f,t,t,t,t,
3533403,t,2026-07-30 12:38:44.641711,e5ce6bcaf646ff8063db6359c297ec11cd35bb25cd037872a1e5adb6a8119c97,f,t,t,t,t,
3532370,t,2026-07-30 12:38:44.641711,1f439e27c154540281e21446380f5489d585ab44e2bc9b93cc72f82aafadb7cb,f,t,t,t,t,
3548872,t,2026-07-30 12:38:44.641711,32401f9881e4ea7a6151b45fd32e1172922ec02d27dacdb6516ee28f3443f56c,f,t,t,t,t,
3533636,t,2026-07-30 12:38:44.641711,a21cab1a43e2c5262763062317a198e0e8ae60f21a0bb4fd69ff229cbc468de5,f,t,t,t,t,
2761849,t,2026-08-05 13:46:10.614105,dc951acb328686e2c9f18df6fabeec4f6a73158741bdb62078955748fbdf8f06,f,f,f,f,f,
3535223,t,2026-07-30 12:38:44.641711,979d9f4a0a5f38cfe599c596e9a10498599e4787097c20c3788e30f8ef00cc8d,f,t,t,t,t,
3536155,t,2026-07-30 12:38:44.641711,d15bbf2ca07d24c861b7c572bc6230cc56c007b918837cae10880f092b04e586,f,t,t,t,t,
3545967,t,2026-07-30 12:38:44.641711,ba1226a20c0596f36e240cd790d06c5aabcb5bb953927364051a03706a606192,f,t,t,t,t,
598461,t,2026-08-02 12:09:26.722472,9de8b72d9ee9bc0d8d7a0fc05c11df66577ac771780f1df2359f343f313fc2e2,f,t,f,f,f,
791636,t,2026-08-02 12:10:14.741363,2f513e45db5ca81a42a63fee38e244f41b4718bbb4c0b9e7ff7c48dc9740a55b,f,t,f,f,f,
1870612,t,2026-08-02 15:08:58.272969,304d7eebf344b50be39d6ea98537e8d41b10ad8e5ef62aedd99278435a43877f,f,f,f,f,f,
2494745,t,2026-08-03 12:09:02.427848,d4f16ca7a231eb35338f3ead5a2cb70ce9af3a62e502f06860c665f0ae6a0778,f,f,f,f,f,
2396259,t,2026-08-03 12:08:37.272447,7f2d02377665f932367ea7a1e4af2ba11b0da36fc2945be16a1f6de3aef76683,f,f,f,f,f,
2685299,t,2026-08-03 12:16:40.388925,b7b05d22a1dcf124340a13b661616036f932f23d15f60aecbdf05f52df2c79f9,f,t,f,f,f,
2685665,t,2026-08-03 12:16:46.39325,0beb77d8163b2fd00642a9277400aecda71e12deae523cf264946956cf6fc3c6,f,t,f,f,f,
125748,f,2026-08-04 00:08:47.391735,9c2dcbe2bfced32157c580ae7995e6fff6c7f0c151689726053e4850032066bb,f,f,f,f,f,
2685320,t,2026-08-03 12:16:41.288448,9412da5db39a231a890b7d8368fedf3e0ea28e76894603dec75859e648decd28,f,f,f,f,f,
2687738,t,2026-08-03 12:16:48.195657,7c000c094ae4109532291029229729f11ef98d263f6cb6bb27dd38fa45d7250e,f,t,f,f,f,
2761865,t,2026-08-05 13:46:12.118481,034ef154b6a82ba33150b6446e085d2813aabcf90a9fb59aba7d4b69fa3dd9b1,f,t,f,f,f,
2775521,t,2026-08-05 13:54:31.018583,a6d46eadb48bec28114b53e95964d2a9f78d19e07497f1968ed0d1d90b269bb1,f,t,f,f,f,
2905520,t,2026-08-05 14:03:30.861375,78db247c06a2addc9fc8965d8139fc9c7a82aaf9876ab4e4f43c0c8d22d76bb5,f,t,t,t,t,
2872387,t,2026-08-05 13:56:36.006489,1bcd2b3a4ec237e1324670d5af29579dbc9d7e7dd3e75c979a22be708406b1bd,f,f,t,t,t,
2891773,t,2026-08-05 13:56:54.617612,911463bd8194f6a52d95f958b8d32903ab681f27c0995b9a983d372812ecc858,f,f,t,t,t,
133494,f,2026-08-05 23:02:09.312234,61508034f162f3077bcdc01e86aa4971604bf4fe82ea1bd315d992f4df4db3ce,f,t,f,f,f,
2925196,t,2026-08-05 14:11:18.167159,feef41bb6b0d373263d301b5a742fddbe8a6b8fd48196d324487d0593f60c575,f,t,t,t,t,
3535914,t,2026-07-30 12:38:44.641711,a72c64de222ddde825a96a51afa583645e3ceb7e203fe772eec5bfd004ae79f0,f,t,t,t,t,
3535304,t,2026-07-30 12:38:44.641711,7687e31c4bd522272cb6a2d502f8b68276a89d9e3b2acbbcb8288468e5b02356,f,t,t,t,t,
1874470,t,2026-08-02 15:09:01.658173,6f914ea6c22a2b3a116454ebec948bb6bbb0d8552c0a971cdddd1bbb46880dd1,f,t,f,f,f,
2747568,t,2026-08-03 15:09:34.024455,d53ee24176d543f93f9779a9e93d9012aff1d2aca5ea8aba79220cfe5eeb7899,f,f,f,f,f,
128571,f,2026-08-05 22:46:11.007055,e03d6d7998761dbf9e4771614b072d3c5c7febddee79ba06bc97547d9497c427,f,f,f,f,f,
128644,f,2026-08-05 22:46:23.058225,d1836908f40ee75dced6ed0ec84e0e23d687fc137ee5220c965c4d1b04711911,f,f,f,f,f,
3539720,t,2026-07-30 12:38:44.641711,3e4c10e1d41e558a5b3d5a3f2312550d7e4f781c511ce75e1cbff0bb44edd6e5,f,t,t,t,t,
3533002,t,2026-07-30 12:38:44.641711,33b5c81c5ca736cae22d4e70d7703e148765c50d1fe57e31bd26c300314f45c6,f,t,t,t,t,
3534299,t,2026-07-30 12:38:44.641711,664aab61238cdfe12fc3d8300fcbb328aff1dcafb9bb92e5ef112bdf00ef5aad,f,t,t,t,t,
3537850,t,2026-07-30 12:38:44.641711,24084c0895ae080bd48104ade2c9aa20b7ed98e46b1c09267574ab416636fc59,f,t,t,t,t,
2940823,t,2026-07-30 12:38:44.641711,e8628dc15766a47c4bbb3ff37277717a6bd537fb4695e06d577bd7bd36883690,t,f,t,t,t,
3535322,t,2026-07-30 12:38:44.641711,fbda0ce2bc3dc928beaf084300ba78fd40f6cd30589e1ebf18453205b9d82141,f,t,t,t,t,
3539451,t,2026-07-30 12:38:44.641711,753acda6443523606785b3a47442b0ee4d687a79153c45234c9ac01818b6186c,f,t,t,t,t,
3536200,t,2026-07-30 12:38:44.641711,916ecfb6fa64a8a752fb82d28aaff817670d41ffd7ef6a3b6369e93ee4304fe0,f,t,t,t,t,
3536240,t,2026-07-30 12:38:44.641711,9431cfb85c15c271f1213c35f047014610e083e71c0b4da26beb848b4ef579e8,f,t,t,t,t,
3535267,t,2026-07-30 12:38:44.641711,0414df199c004d345c407a91c3cef3900d5e184a49b2296aa10edea5f0c7aee0,f,t,t,t,t,
3069528,t,2026-07-30 12:38:44.641711,21794cbe6b8f7b04650e78711d903c9161db4c05d9f77627e2446e7f4044959d,t,f,t,t,t,
3541047,t,2026-07-30 12:38:44.641711,264e3ac83dd499d00079570a8d826083315fa32ed703db7943cc29ca72d2c917,f,t,t,t,t,
3532641,t,2026-07-30 12:38:44.641711,8bb50c61a3cf221ef68e90b879decaeae635d4767a5aa6597ae82149f04d3da5,f,t,t,t,t,
3547801,t,2026-07-30 12:38:44.641711,e3cbdd641943bd953cb6bc14e6e92001e04087dca1bdca229fad0fcab1225cf2,f,t,t,t,t,
3543415,t,2026-07-30 12:38:44.641711,9b50bcef51470a899f386e4c58e27a87a4f58bcba5dc7706ca004c6b65003b84,f,t,t,t,t,
3537153,t,2026-07-30 12:38:44.641711,9a8d1b5c7ca43c07bf5a073a8134aad8690738d2fbb025236f03fb77e6214993,f,t,t,t,t,
3535221,t,2026-07-30 12:38:44.641711,85cb5e345c85716ab0cf28642740d72df47fcf927a6db3c778451484656c7137,f,t,t,t,t,
3547911,t,2026-07-30 12:38:44.641711,4028e2537b55d21847723036a412af4a14b780f5c07f006a23205ae6b696afb5,f,t,t,t,t,
3536903,t,2026-07-30 12:38:44.641711,51992c812dfca5a8d8f20c7f24d1819c306a7de734b727cc6566db9b3fbd956f,f,t,t,t,t,
3540485,t,2026-07-30 12:38:44.641711,8684b8698522af19e130822a817bd6929be9015e8187ba306be4a92591eefa51,f,t,t,t,t,
3539784,t,2026-07-30 12:38:44.641711,5dbd1d5c471f3e6051f8c2e9a95d0b134547c82ccbd7455d5c8f1ab29460b7a3,f,t,t,t,t,
3539115,t,2026-07-30 12:38:44.641711,0e9af969ee627030dd1d65e985afe9211d015c03b6d5999677fec7fdbdb26efb,f,t,t,t,t,
129029,f,2026-08-05 22:48:49.878821,42f8b5f29d8b537dacbf5df101a767ee410fc3bc470d535fa53878fc06ab1c01,f,f,f,f,f,
3069500,t,2026-07-30 12:38:44.641711,f4916358dad7e5ba757ac9008917f9f04b416f5083f75d5e40e9abc36548eda0,t,f,t,t,t,
3536265,t,2026-07-30 12:38:44.641711,8f4ab4a4c6bb2514fcd7575177659ffeb1089832a76f3aa283c4083f865aa03e,f,t,t,t,t,
3535776,t,2026-07-30 12:38:44.641711,da7a406ebbf80bf250611932db9841a901a6257829ec914ea3ab6665c3fc85cf,f,t,t,t,t,
3536116,t,2026-07-30 12:38:44.641711,c9e05a5c3c68433d7f5513ec5208847fcf40fb7c990fc792fd62b93a59dfde25,f,t,t,t,t,
3535874,t,2026-07-30 12:38:44.641711,c330cdab35671932dc4c4ac24c3859cf63ead18f877e31c533aa5af4d92a1e0f,f,t,t,t,t,
3533671,t,2026-07-30 12:38:44.641711,aed5d9fd6aa1f4739ac78a60309fb05ebe0cf0943d27bd1a6a65826e56a8cf82,f,t,t,t,t,
3534595,t,2026-07-30 12:38:44.641711,d5204ee44e42d9fd10316291d1afaf4a31f34143c5660916bd61a2b15d031fa6,f,t,t,t,t,
2638566,t,2026-08-03 12:13:32.906342,e1a4a512f680dab6ec9c53cdbd1040db4d1635eba62d85212aec878e589ba86e,f,f,f,f,f,
2872467,t,2026-08-05 13:56:36.620234,a97ac45ae2323f79bea1120a14330ade9d5d7f15bbb082824d33407dbfc864d4,f,f,t,t,t,
130878,f,2026-08-05 22:54:15.126715,e97d5ba1ca8d215ceba199f854598229e32b7bcd2b1a4fd7ebc91ca8d308172b,f,f,f,f,f,
2774699,t,2026-08-05 13:54:26.216995,299fcc00196ebf907240976501ac4211d4327974065d10803c27fe225b56b518,f,t,f,f,f,
1625166,t,2026-08-02 15:08:30.651329,bed3a69f81f519aa2743565f761ddf71457ba022826a1ba1b47837d16ccb959e,f,f,f,f,f,
125617,f,2026-08-03 00:06:35.765213,0ade5a36f156d860f870f5e89e47ff61e529105dadb7fe067674ef3d4dbda25a,f,t,f,f,f,
1830250,t,2026-08-02 15:08:43.549911,6e83c4d9c5917e950cfefcb58076bd298d89ed3c9c93387ff2c1c053f6880bd1,f,f,f,f,f,
125699,f,2026-08-04 00:06:06.40519,eba99552c5a9161383ef96cb4b13aa079de124e1007a5d815c3a2bbbd10c7314,f,t,f,f,f,
3330805,t,2026-07-25 14:18:56.395725,0a9c7417e59d18866d76b04ea974ff010642cc710860cdfa3f97c7dac4158772,t,f,f,f,f,
2605193,t,2026-08-03 12:09:42.052226,41c4377a8cd6835fc8ad5e3f242ffd9e01a886f25f3cecf24865e84ed0c63cf8,f,f,f,f,f,
2635939,t,2026-08-03 12:13:32.007837,df2240514a2b4e4814a8da624b5d86f0bbb537309c420fb70f7b341211128c4d,f,t,f,f,f,
2685279,t,2026-08-03 12:16:39.194811,2d304871748ce68d10bbc17b11327c8c5e64428d7aadfbb702aee4f1ca262495,f,t,f,f,f,
2685323,t,2026-08-03 12:16:41.591383,2b0a2517ffda65ada5fb52fbf8fdf9fc00254b9a484521224b145cbad56b7516,f,t,f,f,f,
2685670,t,2026-08-03 12:16:46.695406,a1976a0d3d717c1a7ec220f6006cc21f546107e74320f5f2e4cff7dcb2a7354b,f,t,f,f,f,
131271,f,2026-08-05 22:55:00.127368,b7d2283078748c95588c1c720d62e38a74962608a81eebd24a89d94b42b12219,f,f,f,f,f,
2734012,t,2026-08-03 15:09:00.69885,011359de3d8b04136d6be1a2504b58e34697ac9e65be8678af459e910778d215,f,f,f,f,f,
2734022,t,2026-08-03 15:09:01.306845,33dac7eab346ef32b204add916a768ef8e0fe3f6d869d2226e09d5f6a5b64b86,f,f,f,f,f,
2734026,t,2026-08-03 15:09:01.602804,3962e93b41decb0abb4f0cca2b03be46e05cbd7797b2eb772fb711a5f215a926,f,f,f,f,f,
2873999,t,2026-08-05 13:56:38.14753,947308970e9487e7e6eb0c0532d8daedbf3193845be2a9d33ff7bc4fa5fb93ef,f,f,t,t,t,
132774,f,2026-08-05 23:00:17.136457,820616daa9fb37d3959271b46820faedc3cddb1a2211296f4eb7f9324a1bc5fe,f,f,f,f,f,
133808,f,2026-08-05 23:02:40.000875,0ed5ffa9e4c286c3c4e26e54fb94d6d3371fa1fe00d82874c95a2855ce339c1c,f,f,f,f,f,
3536819,t,2026-07-30 12:38:44.641711,8ad57322e33932acc55fcf4bc98e94b139e573fe790e3677b6d86d531bad423f,f,t,t,t,t,
3536916,t,2026-07-30 12:38:44.641711,ef2920a46f77b3ac4600dd43fe90f2b8ccb79567886b30d70ae94a773787dc4d,f,t,t,t,t,
658849,t,2026-08-02 12:09:57.670188,aa1de6017613ce304a89422d0ed61016bc24c3dbcde80ecffe797cba4749c538,f,f,f,f,f,
3539544,t,2026-07-30 12:38:44.641711,b2a8ea1f214c26012bb8ef0037df23d63306ce660c19a0b4accfbda2a3190b60,f,t,t,t,t,
3536162,t,2026-07-30 12:38:44.641711,008665d24aeb7f9a54e094737f98b79fccb801e00490d20729f7f950ccce932c,f,t,t,t,t,
3351715,t,2026-07-30 12:38:44.641711,973332b51c2c57da35894e5237e61b3d5586720431ace9707fc36e201e2bdcc4,t,f,t,t,t,
3535733,t,2026-07-30 12:38:44.641711,72b0804b57344570ddf986889be0ec7259b9d3adbefd342c464f5f19b8a51464,f,t,t,t,t,
3536056,t,2026-07-30 12:38:44.641711,3ac1646c6b5a6be410878c87287366be4daf0e93c403420fdec824283276ddb9,f,t,t,t,t,
3539789,t,2026-07-30 12:38:44.641711,2ebee969aba3c11f9d36b718b10154730929adedbd0e96cd78c9bdd8cb78d0bb,f,t,t,t,t,
3535451,t,2026-07-30 12:38:44.641711,d889e7443bd7b1623105a97f1590b5e9f0e3862d869d827adeb0f369b44f230e,f,t,t,t,t,
3416220,t,2026-07-30 12:38:44.641711,f4bf7e389f2f9c92ec94be05866c470659b833b94b67fd35bcd313708ce3a0f0,t,f,t,t,t,
3533651,t,2026-07-30 12:38:44.641711,75bda2697c44ca62915bd4216f136a23453de4d82059384af6a7593d6a71a16c,f,t,t,t,t,
3538024,t,2026-07-30 12:38:44.641711,433306abaaf93b37092eeaddcda94be5873ffe8b87cda12f240506420b569db1,f,t,t,t,t,
2808098,t,2026-08-05 14:02:54.471803,97221064852be30017e5ecef5e1973598fcb4e1a412c22d9e2d50cbb98d91b93,f,t,f,f,f,
3533668,t,2026-07-30 12:38:44.641711,5b79ee631552672725d0a65fef5ccc46a452ed4782fb2ce6afaf9a918b46df38,f,t,t,t,t,
2876196,t,2026-07-30 12:38:44.641711,d8e92c07ddc7731489acc9f0d19aae64c195657af9d6d6c6da5e2d3056951cf3,f,t,t,t,t,
3536274,t,2026-07-30 12:38:44.641711,453884ac3e328ec4cbf989657e7e9caafeba3cb94d898010607135f98d9bfa17,f,t,t,t,t,
3569108,t,2026-07-30 12:38:44.641711,f9c864a575a2e9a7967d6481a7d6de99c63f0c49f802994566807d21d4769745,t,f,t,t,t,
130123,f,2026-08-05 22:52:19.105524,3216a3c9e1389474ed92326a9d9a9a9cdcf5e10d38be7e6800fda8df08d4dbb4,f,f,f,f,f,
3102226,t,2026-07-30 12:38:44.641711,51467be96349d5a3889fdabe889e78d7c6e73d73e225f2f289723175c6df3c26,f,t,t,t,t,
2930338,t,2026-07-30 12:38:44.641711,0c1d3f51ffeda439a017f1f5b2d91ba5c65f21f4ef664f8af9bd6a325e3f1a4e,t,f,t,t,t,
3535807,t,2026-07-30 12:38:44.641711,c570ad4f66e3c26dc3c02691fc9aa230eb24f7f1a184e534a490bf1a24ab884a,f,t,t,t,t,
3535783,t,2026-07-30 12:38:44.641711,66ce5c78f474fc408f750841b689c398305936304ca670a45247b564fded3cbc,f,t,t,t,t,
3536449,t,2026-07-30 12:38:44.641711,2b90ea26c97857c456b502fc43e55f80924fa2d7641d681d3c00f540f3a07847,f,t,t,t,t,
3531662,t,2026-07-30 12:38:44.641711,02f81b8cb06289b46acc9311fb466e5685f0da4b2fb78026a609742ab4df6825,f,t,t,t,t,
3534245,t,2026-07-30 12:38:44.641711,97d62dba066b65c4482aa8195cc84e04d9e88f10d1eeb4a25b9211bacffc00eb,f,t,t,t,t,
3534104,t,2026-07-30 12:38:44.641711,d14e50d83276e79ddbd90aeeb4b4e4521bdbe9fdb852c800304752b003d5ba81,f,t,t,t,t,
2871297,t,2026-08-05 13:56:35.102281,a24127dff3d574fc80d43d2bfab73f59ae719167eca5e542e066a765712014d8,f,f,t,t,t,
3535276,t,2026-07-30 12:38:44.641711,288476862aff5de2249199c9a5afea47f6987da29823a20809add150cd0d309e,f,t,t,t,t,
3533402,t,2026-07-30 12:38:44.641711,07c5f5577e452bbb8d48381de5b3f766d10c7e946dec623058d058461df73aab,f,t,t,t,t,
3548869,t,2026-07-30 12:38:44.641711,5f1360fd7ededbd0b93236e14c4dc2887dc1eabfaa3e180d049e577ab8878f39,f,t,t,t,t,
2930183,t,2026-07-30 12:38:44.641711,4082a3c74fb264a06ed7df1fcc47fce1e7bd062b8c8277df242ea8d22046a557,t,f,t,t,t,
2922617,t,2026-07-30 12:38:44.641711,4cfb898276d16fda1de861beaf4b51a99ea9ac0f5d8ee30a58f277e8ba719691,f,t,t,t,t,
3534416,t,2026-07-30 12:38:44.641711,38d7cb6fff273508f4b4a02f876b94287341605189c55ad5f2dee6cfb5fc99d1,f,t,t,t,t,
2929995,t,2026-07-30 12:38:44.641711,68cc853c30caa292bdfe9cfe19fb2cfac052fab489b8ed76a6a4b2eaf56e0b37,t,f,t,t,t,
3536894,t,2026-07-30 12:38:44.641711,11febd3b852564102db10c07431735fdbb643196403bc0adf40bf9afee87aefe,f,t,t,t,t,
3539026,t,2026-07-30 12:38:44.641711,cb932e83f51d9661eada2608d6bf68838b3cad5c46bf42b9a4347ffe6254a06b,f,t,t,t,t,
3547640,t,2026-07-30 12:38:44.641711,c2c38f4a833a98577de3bf5f7706567e243233de8478eef16dfed7e6e620e713,f,t,t,t,t,
3576963,t,2026-07-30 12:38:44.641711,7f20d466be6927e79e5c889d6ca27962e91a32daa2795406fe7247adc6019038,t,f,t,t,t,
3536357,t,2026-07-30 12:38:44.641711,3f2a9ce91705df1e280f284fbc2233c257aaa1cf4f72b5ef9fe54b748f887733,f,t,t,t,t,
3534736,t,2026-07-30 12:38:44.641711,7d0c7435fb866d4cc02bc3fbbe2d079a1c1c63bbb5426b64c55dbbd5b735f550,f,t,t,t,t,
3537794,t,2026-07-30 12:38:44.641711,d6e4182e8ad3b25dbde6d7ee3ced50e1f58c5d55b3aa133581f7b22bac96638e,f,t,t,t,t,
2818352,t,2026-08-05 14:03:02.283249,a6c5ec2736e56d2ed5cb33e0761d96829ecea1604c2f3e8eb52de221bf48dbcd,f,t,f,f,f,
2734136,t,2026-08-03 15:09:05.206089,74aad38d735e4aed8c4ef1a574abebee6474e15d32c4ba85212210ee9a6975af,f,f,f,f,f,
264370,t,2026-08-02 12:02:12.709198,9ecc35dfbe11c8cf4d4755448842a0b6493b4f7edfe801a134d62833979f27b8,f,f,f,f,f,
2499936,t,2026-08-03 12:09:04.523349,0f2075602dc8b2aeb1fa26f8f9954aeb70670fc3d76e827ea1c92988e61e8ea6,f,f,f,f,f,
2685339,t,2026-08-03 12:16:42.795471,b1a449c45d0aedb952a724a98c3973c32e161ddedc945f5918ddd4b874a17464,f,t,f,f,f,
2685435,t,2026-08-03 12:16:43.092183,81cbf6b57933fb5e585be559cc3788a4f79b95b8933c7f4ed121707583c04bc7,f,t,f,f,f,
2687670,t,2026-08-03 12:16:46.99388,1feff9ef8abaa71a4d16d37559afc484d948faf73a45d4983bc6f3c0f1be07de,f,t,f,f,f,
2894231,t,2026-08-05 14:03:17.354716,6db5cec59c9d33743b64100798dd9055398f05fe320e55eb0814649b3eda8e31,f,f,t,t,t,
2734156,t,2026-08-03 15:09:05.50862,1d611b083dcf6855b884cf43def21376bfd9f1e17d496a7c179a8c9cbae49511,f,f,f,f,f,
2734248,t,2026-08-03 15:09:08.819194,b23bcef2e4e0657a7e5deeb037a5a8aeca9069c06ed6c809ef24e26b8a6fe248,f,t,f,f,f,
2913240,t,2026-08-05 14:03:58.179611,6a40a406d3c0da4aaa368867d739e7e519fe290c1026d0a60b3496514f4dcdd6,f,t,t,t,t,
2913615,t,2026-08-05 14:04:27.652888,40e76265cac846731a530ccc736ab107326600b722d342581ac64b5bc157bfec,f,t,t,t,t,
2930206,t,2026-07-30 15:06:11.046305,f04a25b6f69a51023c74154e1225ffe73e7f46c6923c32acb4caf62ce97453c9,t,f,t,t,t,
2910619,t,2026-07-30 12:38:44.641711,33674fdf12926ceb7e250822b9e26788b0bde641d0a94b2dfff02e79307903b6,f,t,t,t,t,
1950195,t,2026-08-02 15:09:12.071192,4de120a8c3e015ae00ebe73dac8432c90493fa1c2cdb1352a1793983145f290c,f,f,f,f,f,
3537133,t,2026-07-30 12:38:44.641711,3dc8991dc803c479a6bb52d152ac727b276d9fa4df7360dcfb7bdb899b8986be,f,t,t,t,t,
3535213,t,2026-07-30 12:38:44.641711,0ee39070828922879f0eac274925e5b24e23e5e2aa613d77b52b40b10e6a34b9,f,t,t,t,t,
3372157,t,2026-07-30 12:38:44.641711,d44c73ee2a0228b19568d3b5f661dc2dca4351631153d4b3c38aa9c8b5fa271c,t,f,t,t,t,
3537618,t,2026-07-30 12:38:44.641711,9377fcf66ecd07fcd2669a3b5088d47404734bd7bb878f552b80df12375e75d1,f,t,t,t,t,
139172,t,2026-08-02 12:00:54.422486,a9d121c18b0cca0f0277e98c835c9ebd63ed10653a601706d1d04b821999298b,f,f,f,f,f,
3548864,t,2026-07-30 12:38:44.641711,d676aebeee7cd063417284be1b7234ee2f37212f5b8f755fa4480e163ed6239f,f,t,t,t,t,
4010289,t,2026-07-30 12:38:44.641711,4ce1aa9867b00885ef1974436e98845e7c55866825ebdb263d5100d6e324e43c,t,f,t,t,t,
3539959,t,2026-07-30 12:38:44.641711,cd64b8585a29526782802dfd23dd65b3476accfb38f67a68d5102086b75e9089,f,t,t,t,t,
3532693,t,2026-07-30 12:38:44.641711,760fbb3f5379d7010a0407913bf9f7e019117db1e410f3d457d7d414d052d41f,f,t,t,t,t,
3536156,t,2026-07-30 12:38:44.641711,d5cd692314563f1d104c17dc173a721c4e270573365ec6aaf9df6663f6baec0a,f,t,t,t,t,
3534477,t,2026-07-30 12:38:44.641711,19d10aaea54fb48909324e8e021a5db4ac2ba88b4aee0757743fd59fb64fa3f8,f,t,t,t,t,
4007970,t,2026-07-30 12:38:44.641711,d3e8a90a977a15dc9ecbef2707c77b0b88a710a4bace930997be2a53aa6ec239,t,f,t,t,t,
3536422,t,2026-07-30 12:38:44.641711,832a8fc0a2ff9e37a1f5ba3a58f1ee9be81a6d1276bb7a0ef882c42b069e594b,f,t,t,t,t,
2930326,t,2026-07-30 12:38:44.641711,806dec4651960db15d133c5bb918d50ec11d0bc115642219fcff2de2f0b39fa6,t,f,t,t,t,
3044635,t,2026-07-30 12:38:44.641711,1e810a60a9ec12ad12fb742b882da7ddabc1f29f1ae8aa026a89fac36012232b,f,t,t,t,t,
3535809,t,2026-07-30 12:38:44.641711,a0035f01398dfa10ab7e6584339e317fed1f16dbe0d5b4f577b7f7b87a94dda5,f,t,t,t,t,
2761880,t,2026-08-05 13:46:13.321274,0b97cce0b9ec0b7de85d2ce183c3e14d4a4e926e15a17e34579ca4ac97c7a173,f,f,f,f,f,
3069551,t,2026-07-30 12:38:44.641711,497a2e0f2d3c0fdcd7ae7a397e47fa710501f9bd49ef01cd9e7cc9aa77282081,t,f,t,t,t,
3537692,t,2026-07-30 12:38:44.641711,d55b7b551e1985c05171224fef50771e19e4bffd790a983490e5bef7ff489ca2,f,t,t,t,t,
3534459,t,2026-07-30 12:38:44.641711,a036a8e29da2640829655f0d07c92c036253881cf634122bcb9e268e41a4769a,f,t,t,t,t,
3536523,t,2026-07-30 12:38:44.641711,885a2ba01913eba4555b7cc20d42dd22fd5d75c1e85c06c02ccab691e842a498,f,t,t,t,t,
3537953,t,2026-07-30 12:38:44.641711,a3a013e4b6c430339d2b9c5e8cf040515c7df643708ee66cde8883dcd8d6e58f,f,t,t,t,t,
3536423,t,2026-07-30 12:38:44.641711,98f6ab52fbcfb53ca09aeb82c06ca7bce35750c0432ecd595b003f5307d5f6bb,f,t,t,t,t,
3535116,t,2026-07-30 12:38:44.641711,ef658ad95c9af5a0e46d99d1bdcbd5a6488c5de08c5eb4988ae330df1aeff99f,f,t,t,t,t,
3533573,t,2026-07-30 12:38:44.641711,ed0ba3c91d707daed2a05cf95753f585c732517285ea0d310a67fe865d62d6dd,f,t,t,t,t,
3536459,t,2026-07-30 12:38:44.641711,b417284fc8ffac1600510fe8cbf0f88c0fe747761f31f9aaea5afb34eb51c07b,f,t,t,t,t,
3547819,t,2026-07-30 12:38:44.641711,76e1425e4c8589a86eceb4fba7545d506fad7bce99de41ee3b8f099dd257cab9,f,t,t,t,t,
3536553,t,2026-07-30 12:38:44.641711,2bb6e761347a25cdd2ac2c4b34ef8aea14b0016717aa1078faef81af934f5f75,f,t,t,t,t,
3536036,t,2026-07-30 12:38:44.641711,500b62f70144d8767cb7a2a3a270e8811849447c3eed8c69b78b05318a41bef3,f,t,t,t,t,
3536295,t,2026-07-30 12:38:44.641711,b37fcf736fbc0ea2da24b330475f594c282daf81f034b2c71dee0c0c6490fb53,f,t,t,t,t,
3532579,t,2026-07-30 12:38:44.641711,6d5f4920c761ce247959a142cff82e1e0810860f353f615de6263b782b171987,f,t,t,t,t,
4058991,t,2026-07-30 12:38:44.641711,f069ac1e1efc26c023a769e548631c0b8fc78dae3fa416e28cfcb29263643167,t,f,t,t,t,
3534229,t,2026-07-30 12:38:44.641711,a8a81484bb8a3171b10e076d60516913c7bfa6bdb601504934ecc1bc178b4c68,f,t,t,t,t,
3537663,t,2026-07-30 12:38:44.641711,775ff3bd62c3a5f2dd8cec9d9bece380b526f371d5f631394936c78b0adcb0af,f,t,t,t,t,
3536301,t,2026-07-30 12:38:44.641711,c9f23636756898a98eba0cf5d49a386bd5c89b07ac3b13b0a92b6329a256d326,f,t,t,t,t,
3536898,t,2026-07-30 12:38:44.641711,cad59ca90c390611aed5483d6a1d95cb82a19770b2c3975e054b1b4e66cb131f,f,t,t,t,t,
3534731,t,2026-07-30 12:38:44.641711,efe39fe3fa728a78b9dc4ec81ca9bcbf8469fa31fb15deccf9f26f73e5cbeaab,f,t,t,t,t,
3537931,t,2026-07-30 12:38:44.641711,eaf564e7e02f4e99f273de24b18575b012c190b68af2623a2676542ffe6257e4,f,t,t,t,t,
3103195,t,2026-07-30 12:38:44.641711,68a6e8a8609e23f5285c8fccbcc5db4c3a2144af574546579f4588e51f0d726d,f,t,t,t,t,
3535623,t,2026-07-30 12:38:44.641711,ff86787d86f2a1f62af8da6b0fd16088c0f19a89e9004f8f73dff963fd7d15ab,f,t,t,t,t,
3539694,t,2026-07-30 12:38:44.641711,f469901c5d711c024c3b16f8642343f59f7daf686140fd7aeec91aa100e030e2,f,t,t,t,t,
2687672,t,2026-08-03 12:15:24.916326,501bf7e7be41f8fdd3342df71590711029154d8f726f93641c305acc4b011168,f,t,f,f,f,
2687673,t,2026-08-03 12:16:47.308486,fe8709113b1a2180b722cc230fb659a9590b9af872c18386f674bb2a1108e0ec,f,t,f,f,f,
2734834,t,2026-08-03 15:09:12.409188,88ec785cf43eb6830c8722ada68c34b7498452467693ff13ef519a602c160603,f,f,f,f,f,
2761899,t,2026-08-05 13:46:13.917814,58ab70a660bb0c9baedc3ab1f7e298be3625cb2f8a8236eeb5ed37f65e7c0ba3,f,f,f,f,f,
2775517,t,2026-08-05 13:54:30.719998,1cfeb59787dc296b9ce0ffd0ad492401eb4c82646b36f8a7dffcdb22de4ba620,f,f,f,f,f,
3513492,t,2026-07-25 14:20:21.284562,5c30baa29c3200e3e269ebdbec0a38de557cd0e0ca1cdef47bcfbd4e9d82e674,t,f,f,f,f,
2874075,t,2026-08-05 13:56:39.308692,3cbc4fbdfcdc9951d2a6b23ef2b68438388c39eaf9486dff5d0718dccc31f711,f,f,t,t,t,
2903063,t,2026-08-05 14:03:25.156807,284b654b4b829330779fa03493f5881cf718ce123608034bc998b531d8670095,f,f,t,t,t,
2903357,t,2026-08-05 14:03:26.059598,8fca8ee3fdbbf2360c73f931751ab3e9baeffab05d0793daa20b3393b234d2d6,f,t,t,t,t,
2913305,t,2026-08-05 14:04:12.59237,635f4849fcdb40384e54cf19734fcfe66a74a29e334cafe1af2c7ad8c4f9fed7,f,t,t,t,t,
2913618,t,2026-08-05 14:04:28.249879,47a4786c2916f2e0c7d9819273ba884f6e41d3c993e8a3d5634e251c9863ef63,f,t,t,t,t,
2913650,t,2026-08-05 14:04:31.855414,525897183a8abfee551e9b000ff9754feda19d5dbfe6f2378345bec275389a49,f,t,t,t,t,
2844107,t,2026-08-05 14:09:59.402262,3c29bcf22a8e06f2ed30143b4cfcaebca543153c636a5e2abaaa4e93a09391c0,f,f,f,f,f,
585542,t,2026-08-02 12:09:23.71698,d9b77eddb654a1218bec182a5f2a60d845e6744007a9692003421f42bba1accd,f,t,f,f,f,
3069501,t,2026-07-30 12:38:44.641711,721868679d2ede12835a3b5ce730f47fd6b2b136a8d3d6ede961bb8cdf15faab,t,f,t,t,t,
610465,t,2026-08-02 12:09:29.722088,18c478dd2554fbe7437b8af33d3aa63983471cacf6644c6df6bb3e52407ffac2,f,t,f,f,f,
3533551,t,2026-07-30 12:38:44.641711,7a0d869a6f33aa3a84ea1ceb001677dc968d6356389a2fc27035e2610a9b8dae,f,t,t,t,t,
2033279,t,2026-08-03 12:02:59.304246,a69c713fd28b5b3d9c8e7b316d5056e538cf32166054c04714929df3a8f8be15,f,t,f,f,f,
3536888,t,2026-07-30 12:38:44.641711,86dee185477aec481ab6e7b10ccaca50e8d0834145780615501463b6ec2f9cd1,f,t,t,t,t,
1048785,t,2026-08-02 15:08:19.020733,01b2b61cb406a147cf8c4e85140bfd341b20b9b548b85d63daba262daf66d8f7,f,f,f,f,f,
3540179,t,2026-07-30 12:38:44.641711,d06ee18d86bdd9d42295fe6049dd32e01ca1c225d22aa4a64b06c245fbae79b1,f,t,t,t,t,
3537184,t,2026-07-30 12:38:44.641711,656c445cc855f4322b20b8123a9f9a03a44f39cb83003bfe76d1499a3b2f48e0,f,t,t,t,t,
3535862,t,2026-07-30 12:38:44.641711,430a288e5d7f37253adf1d2f56a6377d12b6ef9d5585a73b38b272a46a613708,f,t,t,t,t,
4064579,t,2026-07-30 12:38:44.641711,8f38a4949e2279bdfb7f40e9b4e14a85860285fac9c2bc4e5868b8fc24a842f5,t,f,t,t,t,
2781963,t,2026-08-05 13:55:02.233059,6a90393d493508b9f13b422a992c5d99a93feb925626ed35970ea817149a5318,f,f,f,f,f,
3535734,t,2026-07-30 12:38:44.641711,8455cb53820a2f22e6c195f0d7000a39d5a62fc146e4b3a8f12af705a4aa5d4b,f,t,t,t,t,
3534515,t,2026-07-30 12:38:44.641711,d21c8ac766dfb8b1ed4f78ef73a3d10fecd127b740759e2050205b9436a0bd13,f,t,t,t,t,
3069531,t,2026-07-30 12:38:44.641711,d88f15cf1783d152e84377e727e3a9df2d3513eee31e36fe7c60c50c1c650f83,t,f,t,t,t,
3540260,t,2026-07-30 12:38:44.641711,3c5a423c29dcffb8c5f2ac33bd8843738f36fdfd02964311906c557a460d94aa,f,t,t,t,t,
3536186,t,2026-07-30 12:38:44.641711,851c1480aefeeff168c0379c1c18e299984dbee2ecfbd3f698c6520fb9683ed4,f,t,t,t,t,
3540259,t,2026-07-30 12:38:44.641711,5ba1fce33bf25f3a889b75af1553d9da4bc3b59cba05aa034409cffb1e466ebf,f,t,t,t,t,
3536906,t,2026-07-30 12:38:44.641711,59cc7130834d619568003dfbe061b8c789cf1056bbcb570ed9325afe486f6462,f,t,t,t,t,
3534677,t,2026-07-30 12:38:44.641711,fd0dc9806ebdf57016cd0c2b2348bc36fde865885d222fc26ed8c3cab7bfed0f,f,t,t,t,t,
3537705,t,2026-07-30 12:38:44.641711,d44034a5b397a5ca2d7319fdfa001ce4fbbc53b27018a6b137fd8f58887da7ca,f,t,t,t,t,
3535899,t,2026-07-30 12:38:44.641711,aa832423d5ff7f892dd4526cb9982357cfdc38884d2392208ca99bdb977e87c8,f,t,t,t,t,
2757696,t,2026-08-05 13:45:42.702017,4c1dc52469c21e1e6214a145c0007f15da26b7661b8c9eb7546f9b4f301db031,f,t,f,f,f,
3539522,t,2026-07-30 12:38:44.641711,2f1f113f38d630eee7b7ac4881356bc0cce8541a993be4ee726565352c822d8e,f,t,t,t,t,
3535728,t,2026-07-30 12:38:44.641711,85b910d873d71dcb2e0b446c4e1f9ec4500a1a33ccf5e6b38a7d2416e8249acf,f,t,t,t,t,
3535195,t,2026-07-30 12:38:44.641711,87ed7d7753184f91a7afa9d5e4468b23658512a1bccfc916b5f39fb1ccf17c04,f,t,t,t,t,
3535303,t,2026-07-30 12:38:44.641711,6c45c1acf57f1139782b39aff85fede7606d6667f707154a4bfcc28d0b2a7683,f,t,t,t,t,
2757967,t,2026-08-05 13:45:43.607369,60b6c6d983b1f73dd365decd1052a5cb3140ae0567fc4badd743df9f17dfee75,f,f,f,f,f,
3538108,t,2026-07-30 12:38:44.641711,fbdc67687bca91c803ec804dd2a9e37b2f6a607d998e411eb3ebb4fb5683e6fe,f,t,t,t,t,
3539462,t,2026-07-30 12:38:44.641711,524cdf5383c11f889eed9b74059aa16ca40aaf9e78d829a278b26e03850e6554,f,t,t,t,t,
3029909,t,2026-07-30 12:38:44.641711,cfc7bafc3f173daab7e0e73806d8b81d020cb29c193943397ff20485cbbd4f7b,t,f,t,t,t,
3536556,t,2026-07-30 12:38:44.641711,a457a5898171bafc4dd64f0fb221253fbe399c99685610757793e4ffb023a063,f,t,t,t,t,
3532544,t,2026-07-30 12:38:44.641711,63b0897ba20a84b7e537cdd38b03d0c3ab0f32808add9f84976855b23fe372a4,f,t,t,t,t,
2946241,t,2026-07-30 12:38:44.641711,d9ed1c5f68b9258722c422dfffed75d9e08fa0784353f8de336c0dc39b47ebed,t,f,t,t,t,
3547622,t,2026-07-30 12:38:44.641711,41747cdfb978d0f31fb64c9b86a7e58d13a3d5b8fe9fc86c9c43a290198c9da1,f,t,t,t,t,
3536302,t,2026-07-30 12:38:44.641711,07c67df9cdc49a9bbd4b103a3858ea4dd1f61b6334e478be4377b3398cd5ba9f,f,t,t,t,t,
3355175,t,2026-07-30 12:38:44.641711,f97045afa7be366b649f6975c3bacc7e5d358176c9b1b68be31090ae105c9c60,t,f,t,t,t,
3544108,t,2026-07-30 12:38:44.641711,e2131e6ad28c0275586d8431a11cceaf1ac4e8c1dd54083aeb2ab6a4ba51ba99,f,t,t,t,t,
2391294,f,2026-07-20 22:46:59.645131,87e5534744fb5f612cf2ed199fed2a6dadfd273b6faf21a9a1c31c02870764c4,f,f,f,f,f,
3544733,t,2026-07-30 12:38:44.641711,8226b23dad791bf69d5983b3333f385c7a1591c9253ba526471cc8fdeb606edb,f,t,t,t,t,
3538399,t,2026-07-30 12:38:44.641711,fde014760a04c343494232103c7c852e8ac25ce0b11c1b3d8e5809e6d20e2f6d,f,t,t,t,t,
2685328,t,2026-08-03 12:16:41.894265,0387cbe29b8ebf32f3b3a94abaa312898060338fd644f442e6d3b90541548b77,f,t,f,f,f,
2605207,t,2026-08-03 12:09:42.644065,946b8041031f32072b7edc15d836366c9d357bb9ee4d842d7731eda68d64f0be,f,f,f,f,f,
2605196,t,2026-08-03 12:09:42.34233,d73a070b7daa7c90c7575e255687ee20e3e8b8d6936129dda8bf28c43bf9de75,f,f,f,f,f,
2672340,t,2026-08-03 12:13:48.522151,5739e391884453e51ed3e4f8fff17c226bc84762f0532572ed18878b52915492,f,t,f,f,f,
2714722,t,2026-08-03 15:08:18.677015,e2ffc0be1762d5e62cad64f0d528692700556ab1b67e71c32119b8b60a7ceca6,f,f,f,f,f,
2757968,t,2026-08-05 13:45:43.927136,59504c1c690f23fa0fd58a2b61a8521223d39b83cf5d756a71f02ea59c222320,f,f,f,f,f,
2687678,t,2026-08-03 12:16:47.599127,73ba81c3c974159394582f61f9ccc73c85bc87799d25922b097fc1dcad4aff38,f,t,f,f,f,
2687687,t,2026-08-03 12:16:47.896581,431d9fce6ceee258bc30bf50e98c0d75639a6fe01a7cca8474601a00496dbe7e,f,t,f,f,f,
2761980,t,2026-08-05 13:46:15.467636,262fe940ed4f75e481ee7cf45919c71fff5f4040bcf70f737fd0f70806e28eb3,f,f,f,f,f,
2773086,t,2026-08-05 13:46:31.630638,5bc98fb3db927945e732c2a92da2f827ced968072da9f97728c4fb93743b4d39,f,f,f,f,f,
2804293,t,2026-08-05 14:02:50.369496,9d65cd6df029c98f55b5a53a405454759934157b388eca89f7b397f7212bbf5f,f,f,f,f,f,
2874141,t,2026-08-05 13:56:40.506319,088de5419b7ca8d99c0fa192b3ac9877bf87f79e55b90b9fbeeeb759bff1a896,f,f,t,t,t,
2907693,t,2026-08-05 14:03:34.76215,ab335fd0bbca7adfceb0bc10d3c50e8d6e90bccd28c00742de0af99bf7b43d86,f,t,t,t,t,
2874156,t,2026-08-05 13:56:40.810159,71653031eb44740d3b981677496740076b593547ce3fd11e860c3e031876aaf7,f,f,t,t,t,
2913604,t,2026-08-05 14:04:25.844969,39fd8b3663e205db6661fa63560f1cda15fb155000811b333f3c592af82d3181,f,t,t,t,t,
2913811,t,2026-08-05 14:10:56.85058,5bd424e2a097e9cbc0c39d166f306b4614444fe3ad99b9ac4cb427b3b9d3864e,f,t,t,t,t,
2775583,t,2026-08-05 13:54:33.424532,6eea2971e1342b7dc88b1937dbec95465b4fc57cedb53c7fbe72ec1c8ac36096,f,f,f,f,f,
776838,t,2026-08-02 12:10:34.132233,726949a6453ffeabbaa798ef995d9d33bc8f7dd0841a8754467297b2b4784cdd,f,t,f,f,f,
1830871,t,2026-08-02 15:08:43.9093,a36378edb2265dd254abe4bb45fb456667a43746ec4c791093cf3c71e5b43083,f,t,f,f,f,
3536330,t,2026-07-30 12:38:44.641711,d6c832f8aa49e3f3668f48bca613cb9e32cdcb265960c5aa1676e0c5e7e59133,f,t,t,t,t,
3533678,t,2026-07-30 12:38:44.641711,8714989d15c5b9e725b94389df38fa827495ea234c151d5fdab33d428997efdc,f,t,t,t,t,
3537687,t,2026-07-30 12:38:44.641711,04ff8b9a647ca681f065a6c75ec997a1cd4c1b926b78c46759aa806e07ba957e,f,t,t,t,t,
3044649,t,2026-07-30 12:38:44.641711,18d0c4fd410bae8c50d2209f29dd84bcd564158ac8ba494655dac70b0d59358a,f,t,t,t,t,
3541981,t,2026-07-30 12:38:44.641711,94f1a1eb583f69114312f93f2d5d9eedec4230c98a34e1e0b6fbf2986a6ae4ab,f,t,t,t,t,
3534417,t,2026-07-30 12:38:44.641711,6d2b2978d50c78ea4e96e767d8ec0c46233bbbf7ba0f89bd3a46eb9ab00c80a4,f,t,t,t,t,
3540825,t,2026-07-30 12:38:44.641711,c9972b2fbedd882730f5282770b3f570f0d282982fb224f9cfec67e49998fda4,f,t,t,t,t,
3539009,t,2026-07-30 12:38:44.641711,4bdcd7ca8d71a154a987e361924c14d4d622509ebda354ac5e21a2981b5e7e7b,f,t,t,t,t,
3540395,t,2026-07-30 12:38:44.641711,bfd79732849e252ccd6db901f9b0f96a436555e03babe00457967bff7a04eacf,f,t,t,t,t,
3537713,t,2026-07-30 12:38:44.641711,c74b6ab0acf6a6d78563a2035b2eae2ffec04680565c0b00adec7bc628206d97,t,f,t,t,t,
2930997,t,2026-07-30 12:38:44.641711,f31de0fa46221b987da79d4c9c14ae9869f92c5adc1d7aa20fc5362b6c13232f,t,f,t,t,t,
3548812,t,2026-07-30 12:38:44.641711,c6bc9cc2eb0b168aa9e39f5e15dc7d76d2ffcc56197fac11458dabd37fdd0deb,f,t,t,t,t,
3532668,t,2026-07-30 12:38:44.641711,71e6799cb1e894dfa400b3d9f2d69157e4728aa624f193a9e9e04995f0506e0a,f,t,t,t,t,
3534841,t,2026-07-30 12:38:44.641711,5136e8da1174072973494e4814dd093e5f9e5408173beeea927b44d0b0171efe,f,t,t,t,t,
2757981,t,2026-08-05 13:45:45.102116,440a41242f3f8a07220889ea440e4ef16715efbdd58e0963a83757db08572cbb,f,f,f,f,f,
3532541,t,2026-07-30 12:38:44.641711,e0e81107d279783deda592a68f395b2b4a5de872965d1355f12b9d49fd8ebf22,f,t,t,t,t,
3533789,t,2026-07-30 12:38:44.641711,9d44710394ff3c69a9e86e8984c94a4f8bd1bf9144de28454b4740ed467fa365,f,t,t,t,t,
3532749,t,2026-07-30 12:38:44.641711,8d775e707211fd623ec4f959999659fe888a1055cb9c1b8a6b078c30cbb62deb,f,t,t,t,t,
3534767,t,2026-07-30 12:38:44.641711,20f03961339221a25cd5409c6bf632013cda006ca13861dce870a60b9cd38358,f,t,t,t,t,
3544319,t,2026-07-30 12:38:44.641711,398ade70f9ebc860e6df4e30070dd8fa28b0308efcbc659853643995d211c3b0,f,t,t,t,t,
3535301,t,2026-07-30 12:38:44.641711,ca69fabfbfc1c36c5c099389ab692cbbcfb0013aa299722b9e1b5ef3250164ad,f,t,t,t,t,
3536409,t,2026-07-30 12:38:44.641711,f0a4e87d6abcca375a48491c12e6604898bef5552c39ac13d39dbea49685be3b,f,t,t,t,t,
3534453,t,2026-07-30 12:38:44.641711,3aa69d47d7cd86b47d9a243f341c08f7584f78a9de993030d7b2d605983c97bb,f,t,t,t,t,
3540044,t,2026-07-30 12:38:44.641711,b0f8fd8e80b7e6eb14787d5462504a9f2f91fd3a7db27e76dbec0646d2e24498,f,t,t,t,t,
3542992,t,2026-07-30 12:38:44.641711,6e945bddf4173866e42daa539757746db3a946a7657af4ec990a717bcfac6141,f,t,t,t,t,
4024896,t,2026-07-30 12:38:44.641711,f1f4a773d4b9d63eefd229f0cd27ea49c4a591c7ac01276810ce435701057c19,t,f,t,t,t,
3532526,t,2026-07-30 12:38:44.641711,3c5fa4fd56cec506010e6c6652ca02901dd8ce2fe5a6308740b9107ab8e6bd8b,f,t,t,t,t,
3545716,t,2026-07-30 12:38:44.641711,3238e8a4cbfc01c8b3b7fa17bcf06d29a78c92b03b7608b8c14a238cf548daaa,f,t,t,t,t,
3534423,t,2026-07-30 12:38:44.641711,8a88f02931eec282c055652b1376811118e80efce6de0ebd5f1cbd6f09e988c5,f,t,t,t,t,
3535508,t,2026-07-30 12:38:44.641711,e2fbc485999771da04765847baef69c32b14fe79f310c985901a17df4d7ea5e7,f,t,t,t,t,
3469420,t,2026-07-30 12:38:44.641711,3692fcae6317d2e8fc09af884b4bd94d1bf24f849d689e44a72259b3d85e709b,f,t,t,t,t,
3537637,t,2026-07-30 12:38:44.641711,43d198647152cc4991344d1ac6fe8df1cd36704bb35d11033d82f8280c405b25,f,t,t,t,t,
2930354,t,2026-07-30 12:38:44.641711,c8a685e1f1e0eb03194302c053d48ceb27de1979243d138d11902f4a197944fe,t,f,t,t,t,
3534425,t,2026-07-30 12:38:44.641711,1adc527863f4a34b3c98bc0d354a506f7d652d61d9df25c16ee9c511dd1a9e27,f,t,t,t,t,
3535176,t,2026-07-30 12:38:44.641711,8a6ad7fff0e6aea2f5e927cd52704dd473ddf3fdeae157cc8290c2adf397849d,f,t,t,t,t,
2757984,t,2026-08-05 13:45:45.434124,2f3310a7e20e6243553a7b247595022493b54b2553f8eb4cda1d059a2906bb67,f,f,f,f,f,
2757990,t,2026-08-05 13:45:45.7045,5eb58de3f71deeeb3f5915d05bd36ddf50c55fd66ca4c84dfa1dbd468fca8d78,f,f,f,f,f,
2044505,t,2026-08-03 12:03:03.562346,4c5769a7a24e5dea6cceaa67ae8a210a2036be239a1b5dd8d6e804f7c452e2d6,f,t,f,f,f,
2574209,t,2026-08-03 12:09:37.541739,dbdd0d29f1dc35588168ab82f900eb85a4fb4c73ac299b95f304eb90130815db,f,t,f,f,f,
2550106,t,2026-08-03 12:09:15.626016,c12d0ee1764109aa7f363e2cb718aed3bba0cd2ea948f1dd43f5ebdc4efa182a,f,f,f,f,f,
2651624,t,2026-08-03 12:13:36.814485,2a0c6d4bb484ca1738a8f5a16fe4ec98a8e882381a9479d3178d3d0dd8eb1d81,f,f,f,f,f,
2514873,t,2026-08-03 12:06:57.92599,1bf129f96622479749a32e637957b19c4dc6e4ff819273f503485d924cbbbe95,f,t,f,f,f,
2533423,t,2026-08-03 12:09:13.526627,6c6379fefac7df03bf8540732cc59e9d1664869e40b6a0ecb2e3664187437877,f,f,f,f,f,
2721547,t,2026-08-03 15:08:44.495138,b9248015b60f2938335a2d260fa94f5f77a81f674dbfcb33124f0f639ace20dc,f,f,f,f,f,
2390089,t,2026-08-03 12:08:34.872615,446128ba9e0767e6c5675ff00545f3c9dad46a8cf199acebdceca35725b891ff,f,t,f,f,f,
2399147,t,2026-08-03 12:08:38.173055,ae96dcec34464275d263e0c214a2eea5bcb88913585ed5e52a99fc2b5edf39c6,f,f,f,f,f,
2773828,t,2026-08-05 13:46:34.626565,75ab52529eb856c2f07d2ae989f01d8548b6918d487ba3356ad0373d7571c23e,f,t,f,f,f,
2637983,t,2026-08-03 12:13:32.609312,168a1dacfe8093c8cd4d54d4b418cf2351f342cda0d651eeddac6a134093139b,f,f,f,f,f,
2685259,t,2026-08-03 12:16:38.292422,e699ed6be0bbb88f702cade8525e7d082fd1351b80f299abb19d8b338c34cd16,f,t,f,f,f,
2853386,t,2026-08-05 14:10:03.642382,9b70adf990465189d74066b0fded5a0f41c094bd530060d615c142ce4794427e,f,t,f,f,f,
2891704,t,2026-08-05 13:56:54.018126,12607c4fd0e9cbdb23b82831e6d0ed3587737b605d0d14128e4be20863bec503,f,f,t,t,t,
2899189,t,2026-08-05 14:03:20.067066,6bad8f06be67d588bed84afc0031d011543b2e3b144e4086505c5b44e76ba9b8,f,f,t,t,t,
2903089,t,2026-08-05 14:03:25.473298,ec5adcf212bd11f0a6532a190a97d5fe831bfabce1f6304dd709cc30777bbd75,f,f,t,t,t,
2913828,t,2026-08-05 14:10:57.454437,398dbdec53da0119b7000bd2dcd8f539100181c1397a6182e92be2c4e01a3b4e,f,t,t,t,t,
2514013,t,2026-08-03 12:09:07.231308,f99789d78149034d9aaf48b4295740c12bd6fc60e044d458274483762aa3d808,f,t,f,f,f,
2913714,t,2026-08-05 14:04:36.053625,fa90a1700236c5c3b21b08246d04e66109abadd7044e4ff631d2838becfce2d7,f,t,t,t,t,
129882,f,2026-08-05 22:51:25.243249,b7f8c53a27404cfed6928c9fd869947639cf2cc87809e0baed1ece08c617cd0a,f,f,f,f,f,
2711056,t,2026-08-03 12:22:55.655794,fa81a77d9af226a499404e975b12ec7f9c66133dd8f7285c17193a1c063e4ed0,f,f,f,f,f,
3537737,t,2026-07-30 12:38:44.641711,825d9779d84ca1654adff067f9d50551fbe3439f40c82494c7c406ecffd1369d,f,t,t,t,t,
3547826,t,2026-07-30 12:38:44.641711,4026ab35d5c697cd8adef9afdae46ba21663339d9280cb6a64d4dcd35fec5563,f,t,t,t,t,
2757997,t,2026-08-05 13:45:46.597924,aeccc08270410ce42806978af690e6112fd0c09e8e4b3674bd9cb7e35ef560ae,f,f,f,f,f,
3544745,t,2026-07-30 12:38:44.641711,f8990f51dbddd642cb07285fadaf8717f63ca5000c82e550b766d8c2e425e466,f,t,t,t,t,
2757998,t,2026-08-05 13:45:46.900618,1311f4e67880a380bbe3b5ec465dc1948804ee4975d8e4cd20b531b7025daf5b,f,f,f,f,f,
3022773,t,2026-07-30 12:38:44.641711,7d2f80d952a46fbb3fff2279bd9b5f95048d7d0d76acf911613d310992d8062f,t,f,t,t,t,
4084764,t,2026-07-30 12:38:44.641711,2f731d92aa41550a2417cedfa3e013f183b0eecf2bcb636b8ccb52de24db88d6,t,f,t,t,t,
4010304,t,2026-07-30 12:38:44.641711,91e3a36aab57e786938415ddb094e52479100cb2766b4d7ccd559cb53fcb84bc,t,f,t,t,t,
128602,f,2026-08-05 22:46:19.422861,1239874f7d5f29bfbb92f660a816ea90ec14dc38120c1d88d7919f5891ecba17,f,t,f,f,f,
128999,f,2026-08-05 22:48:04.739758,b21db3ba791599b7ea7ad9a09838d9d13927acb2409ccd206376fd04b34a2127,f,f,f,f,f,
4077499,t,2026-07-30 12:38:44.641711,1df2f7ec45f6172d6cda11f83d18ecff9113c1b0588b76f2ea9cba31b86089a5,t,f,t,t,t,
3049910,t,2026-07-30 12:38:44.641711,8421ee4e6dedb86ebab7548b37b54cef357e6ea5b061a1008f35fba931af9758,t,f,t,t,t,
2809929,t,2026-08-05 14:02:56.873899,215ff237b5025d1b3b1bfa6462f9a2c07b37a02eaa7f51db44b2193640d14f0d,f,t,f,f,f,
2874418,t,2026-08-05 13:56:43.811959,8482ea7b0c0140e9b8733123ee4e072d9cbc5687d832cb76c5464067c6bd6bd6,f,f,t,t,t,
2774430,t,2026-08-05 13:54:06.104141,7b2b740d5bafdc14eb9d167800c6be35648f279efd254e29293362568ad92d15,f,f,f,f,f,
133820,f,2026-08-05 23:02:47.965404,43e0650a5bd21e8ea859419a9272f62294714640056154fb4202c18baaa60afb,f,f,f,f,f,
2929494,t,2026-07-30 12:38:44.641711,2959fccd067bde901e5f8a898d2f35c068bfdc19773ee5810247596c14e5850e,t,f,t,t,t,
734219,t,2026-08-02 12:10:30.530114,a8fc29b9346a580129a0c83d3836d557e2de9deef1a0b09fa7a7c0fd0d8570c8,f,f,f,f,f,
142819,t,2026-08-02 12:01:32.763123,037bb0f32dfac13fcec28943851e2152901d97663758f99d49b95e052548cd11,f,f,f,f,f,
1012454,t,2026-08-02 15:08:16.23987,55cd6019dfb5a9a2048540f5c07a49cffa62a84003c044e3a5ed8f2275219239,f,f,f,f,f,
2903018,f,2026-07-28 12:28:01.83144,1f2a582270cb4e6dc35ece31f29d9d8ffac2909bc3a7ecdc0f90e4a0b4b4fb6b,f,t,f,f,f,
132776,f,2026-08-05 23:00:25.757385,058bb9759b50e34ecdd9361e985664f0743c563270f631a258639416858da7cc,f,f,f,f,f,
1772807,t,2026-08-02 15:08:38.158889,1b333c2db0d596e69a5b017f6f91d816a01926cf44df53ae54830a84eaab7329,f,f,f,f,f,
2714889,t,2026-08-03 15:08:23.181295,c19a853fb61ba6ca67084b135e94ae53e95a3f3770d757ef8fdb4c01eb9f559e,f,f,f,f,f,
2717128,t,2026-08-03 15:08:36.685962,697bcaa0962d43fd6b71d2b2e8a0912266082c6b5e19cecb0453cc774da4c756,f,t,f,f,f,
2515153,t,2026-08-03 12:07:00.332007,1de2aeba22a785b415170b8048dec3336798ef34ec7134a458eaa6f6258da655,f,t,f,f,f,
2712723,t,2026-08-03 12:22:58.064355,f5639f162147b9b7836a0993b2550e00b2bf63089a94bef0cc325097491748c9,f,f,f,f,f,
2364045,t,2026-08-03 12:05:23.070625,a1962a4644f04ca5ce39bb6fa73f3457de30485c63a5080da51f3b0455e6dc5a,f,t,f,f,f,
2513999,t,2026-08-03 12:09:06.622649,8b9bac9ef5b981bf970d6e9a3efd950833597324c92286863540dfc9db824af2,f,t,f,f,f,
1012186,t,2026-08-02 15:08:15.375868,75bc8b80ff42b598587f0b52ab34145662855057d55e7deb1cc6ea65dbd2d73d,f,f,f,f,f,
1012247,t,2026-08-02 15:08:15.630233,72a95df5b0a3f28d17055385cdbde964e066565830aa9057ef1289d9e8c2ede8,f,f,f,f,f,
1012259,t,2026-08-02 15:08:15.937043,248b0a791569be0c87a4082116460fd02db3fa7963f0a282a2f3b8bc8fc4fd52,f,f,f,f,f,
1012487,t,2026-08-02 15:08:16.530968,68a3274bd311d2703fad83d221f3934850318059fa38a4692c68bf792fd9405b,f,f,f,f,f,
1012531,t,2026-08-02 15:08:16.836991,c676bff63833968c5d722b7dcd808489e938db43c268d54b88c853ae9d24c122,f,f,f,f,f,
1012554,t,2026-08-02 15:08:17.141304,508d753e61c7653a2b1fcf282969745f721865b456ff9e8148e9c744b2907ed4,f,f,f,f,f,
1012593,t,2026-08-02 15:08:17.442672,940be69216f940b04e2328a95e5ee4fb85dcce361951bacaba1d5afbfde84fa5,f,f,f,f,f,
2595489,t,2026-08-03 12:09:39.64873,bd72b4aad64e77abd536cb1bfe103c994c9991c25b511325fed071eb89fe0b31,f,f,f,f,f,
2735607,t,2026-08-03 15:09:15.713132,136c2589953a3094a3c75468e45c8d8e52a43d4fc70696d650c908cd8637064e,f,f,f,f,f,
2702478,t,2026-08-03 12:17:01.403208,b20e52a14f67b976e8ddf832d4bf44a3772bd367d4b2ea19ee1f2e51a8158db3,f,f,f,f,f,
2674182,t,2026-08-03 12:16:34.090429,c9c196bdaf44460cdca3aaa20022c92f767bb7d9417204da9c5932a7fe247a81,f,t,f,f,f,
2702453,t,2026-08-03 12:16:58.404687,ed37caba1634dbb093b7b0a7a6abd8a940d2eb443020f01f55fc3b8fb1c5575d,f,f,f,f,f,
2702497,t,2026-08-03 12:17:03.504618,dfde74ddd3ec15f46563102fcbe3cadd60b6a1abcce3f468a39bae969e0b2c12,f,f,f,f,f,
2702476,t,2026-08-03 12:17:00.802759,5dd10f9db041e728ef33ab623ada516b060e3cc39fd5497ca013280038531038,f,f,f,f,f,
2735620,t,2026-08-03 15:09:16.006084,84922af88259abf6080b8b4992871c12b5fa73babce4f8f81c4cfc087fe8281f,f,f,f,f,f,
2714641,t,2026-08-03 15:08:15.970453,a36a6d46c12dd9453d92c1ea97f4fcd0430ba52ee1dfcb80a03e75ec02682bb8,f,f,f,f,f,
2714642,t,2026-08-03 15:08:16.276922,96111fbb6300eaba2293b3226f7dcf64f36e4f512717f1594b6edaff9d341202,f,f,f,f,f,
2913716,t,2026-08-05 14:10:49.565816,172e9ca2c4d3851b84c2fae7cc15e97b65e36f309125f923865397a2c00963f6,f,t,t,t,t,
2913809,t,2026-08-05 14:10:56.256296,bccbc89f16406ac3a62b33f011edb587d76b518ba7c99da13377907ae2defa21,f,t,t,t,t,
2925236,t,2026-08-05 14:11:19.075819,c78335f9af6926ce8cd3bfbd7c357a3b6809de0d766c434483fa31ff26e530ec,f,f,t,t,t,
625718,t,2026-08-02 12:09:37.820096,ac7830f26104fe5268fe5b15c7abb54ba58c61df711cbd10af332b1f2168183e,f,f,f,f,f,
132780,f,2026-08-05 23:00:54.191085,b63d40bcef941bc4eaaab8c6b1e21219641138f69aa0d3bf4ba6c93f399da70c,f,f,f,f,f,
2913280,t,2026-08-05 14:04:05.684177,ccbc01f560efbadea32ab92262123875eeff062dba28deb01f46bbd6e85c2c6f,f,t,t,t,t,
125792,f,2026-08-04 00:11:08.922946,073ba9276ed0a64052a9867b4fb586902572a3b58de6d9876776c55e3bf954db,f,t,f,f,f,
4010303,t,2026-07-30 12:38:44.641711,7415708b7d47823d17a15473f1da4f730bf5a2edc36afebc392c8e051e78bd61,t,f,t,t,t,
125793,f,2026-08-04 00:11:27.925451,c7ada8566aa870aa3cfddd50328045236e291a4ab648ea4e1db70214b108136f,f,f,f,f,f,
127020,f,2026-08-04 00:15:38.409478,343486cd76bea4f760837d3f185accde94b1a5bf9000151f445092af5b64ab4a,f,f,f,f,f,
3304231,t,2026-07-30 12:38:44.641711,dc2ef7fe920b4b1c0fcdad588365f4c33b76d5cb1ca0b85718874b7513049ac7,t,f,t,t,t,
2929520,t,2026-07-30 12:38:44.641711,363f74d95979907384d10f8d681b1f0e44f1af30852ecbf9d3bba9984c079340,t,f,t,t,t,
127649,f,2026-08-04 00:18:55.997586,600f5fcc63684f491927094c11deb6c4bc42bee3627e4b748c542d637de877ee,f,f,f,f,f,
2928940,t,2026-07-30 12:38:44.641711,3e4126a664eceab01e9772b8b6959e9573e2d79a81a568924111458a3bc250cb,t,f,t,t,t,
625555,t,2026-08-02 12:09:37.521139,cb735f8bdd02857b2e6d5ec710ef91a44aac3395544bd3f77dcdc99db8e4b131,f,t,f,f,f,
129176,f,2026-08-05 22:48:53.397608,91126873be843a1c078f6d5f8091824322b46b1b972c6f96c8fe52b41b489132,f,f,f,f,f,
3022726,t,2026-07-30 12:38:44.641711,b965c04bb7590aee721fe4a59332596bbd082055e306ba271fd8d7319d119caf,t,f,t,t,t,
1971306,t,2026-08-03 12:02:47.307913,5c548652b5ec667975f0a82dfbe8cc8c633b26617bbd7be413b113ba492e15cf,f,f,f,f,f,
4010294,t,2026-07-30 12:38:44.641711,f45d48decdd40ce9b73128837b0cc076b62ed50ac3643e7ca44f6b5437edbd55,t,f,t,t,t,
3044613,t,2026-07-30 12:38:44.641711,f3e339bbb3fad1434054a01fa3d1cda242fd7535d33f73d6c76581d02a449b3a,t,f,t,t,t,
2929559,t,2026-07-30 12:38:44.641711,7d7910a20f9de0227760ad35ee6169789e6d8ed0d67ba2150d877eff1ef6c8a1,t,f,t,t,t,
4084819,t,2026-07-30 12:38:44.641711,015f9ebd7d67c01a890819a8122a8f003dee4e82f8b775813850b061463b93a2,t,f,t,t,t,
4007977,t,2026-07-30 12:38:44.641711,c30ae3aa9d65afcb0dea798e6b3c19978a33c993849cee70033a3ff4d6927de5,t,f,t,t,t,
4007980,t,2026-07-30 12:38:44.641711,a2a839346093f7ca6f3ebdb93a8adfc642d5f6b881d8367199c623355cb623fe,t,f,t,t,t,
2745708,t,2026-08-03 15:09:31.928031,260c4ec08ec01fa39aa854d24e773ad298ff6fbd6b649e1d59e61cc224ca57b7,f,f,f,f,f,
2760679,t,2026-08-05 13:45:54.400564,077382278863b74186e961fd1ef6e6c98ca28b3a3a5d576ec9fbb633ad7ecd08,f,f,f,f,f,
2760684,t,2026-08-05 13:45:54.754195,597b58e3c96872d7f6279c9f59e974733eb7470fd73ec250f4bbe11d9c2049ce,f,f,f,f,f,
2773848,t,2026-08-05 13:46:35.536815,b04cfcca05269345efd0dd7be0855d9f1aded4b41fc26e7a765ccced5e33cd2b,f,f,f,f,f,
625790,t,2026-08-02 12:09:38.122689,585eee407849d2704d82b74a664c232dcd5e1ab3fe4b2e88fa65486f86ce2bd8,f,t,f,f,f,
2779429,t,2026-08-05 13:54:55.030085,9163e2fcc002c38ab6325dad77eb98cf5b38ca932da42877094708a4d43482e9,f,t,f,f,f,
134319,t,2026-08-02 11:58:23.899069,b0d10bada64af6c2f27770f3f3c31f1484d636d016863c057f155fac1c016374,f,t,f,f,f,
134329,t,2026-08-02 11:59:42.165521,657408f56a0abdedde1830672841cb6b1bdbe5ab0b88d204f97b737840fc481d,f,f,f,f,f,
1853396,t,2026-08-02 15:08:49.55824,05e5aac626202c01cbe82cbc0e6a72ed75eccf2532c1e393faee9031cc2ffe01,f,t,f,f,f,
805209,t,2026-08-02 12:10:41.027551,e3d799373e1a6151bd8f3b3bdec5f0cca6f9840d3eeb130d987640f39ff97ee1,f,f,f,f,f,
1853399,t,2026-08-02 15:08:49.858035,d99bd21305c7b5d59dc46e38f7823dcd417e401de92688eaa1aadd23b57c6b28,f,t,f,f,f,
2481151,t,2026-08-03 12:05:41.973358,2abc121d096f47df55e56c75e32b2d81b023b9c33b3ec2e1ba4cd113de64c528,f,t,f,f,f,
125677,f,2026-08-03 00:09:09.062769,37280bd159814ce4542238d83dcf946fd6a7906c156b0572f5ff3b81ad28d963,f,f,f,f,f,
1954341,t,2026-08-02 15:09:12.970746,708327b0d931d00e7162848641d366e9a15073d6b679cb67ea8c198bae608759,f,f,f,f,f,
2747854,t,2026-08-03 15:09:34.626497,8b8da16067018075fd69c137bff08553e1a0a28d05dba8ba6025631044d13a67,f,f,f,f,f,
2663636,t,2026-08-03 12:16:27.489345,b2205ef972142c85d53c843894c077874b5a311ea16acb6f8794c493f9ecf4fb,f,t,f,f,f,
2711047,t,2026-08-03 12:22:55.059373,0df3c511cfa2a82bb3bbd1cda03ae49e4798ca6665710dba9afb62be41e591bb,f,t,f,f,f,
2773863,t,2026-08-05 13:46:36.134167,cc71ba0d6742470fc5169fbea951bfabcc2de87e9346d98d72fa679f6031501f,f,f,f,f,f,
2732968,t,2026-08-03 15:08:56.20182,ee52cc67e9cc464f6449e53cc211bcfb34cb4e343d16975592b689b4802c3a14,f,f,f,f,f,
2734827,t,2026-08-03 15:09:11.804601,6268bfab7f5ac4aff37d96d70fdde0eec2be235c9eb87985f5d03948d67a8c36,f,f,f,f,f,
125713,f,2026-08-04 00:07:00.93948,3d6991f30bd72dcd61311fec085ca82c92abc1d26775f073eaf14a8a0a9c1d26,f,f,f,f,f,
2714696,t,2026-08-03 15:08:18.081834,f695dbf79af8dbc4e43013e59cd6e8d5c28c8031d1062ec0d2832b455fc0766a,f,f,f,f,f,
2781701,t,2026-08-05 13:55:01.331533,f7a3e4b0ab04a479bd94b18afb0bdca4acd9993259fc410932c58846a47e82b0,f,f,f,f,f,
2855455,t,2026-08-05 14:10:04.51026,04149980abd3f7b2e754576d6c71381c6cb648983970cbc1978d65f07b43a4ee,f,f,f,f,f,
2913712,t,2026-08-05 14:04:35.754429,7ebf86d7bb32e1027f64d2be723924af14158797e4e0dbe9689c565abbf03602,f,t,t,t,t,
2820546,t,2026-08-05 14:09:43.509521,4be28167b5ef93134eae10d63f166f8e357aed87e4df4f103517165111711a8f,f,f,f,f,f,
2820737,t,2026-08-05 14:09:44.394659,7435a9d95fb129c6f8511e2ed1c9e460520fbd52b505025a055882581a15dc20,f,f,f,f,f,
2833315,t,2026-08-05 14:09:49.839229,bd3b271514b559b89d41aaf92df7167632e8775389dab0e8f0781ca7bb6204e9,f,t,f,f,f,
2871315,t,2026-08-05 13:56:35.403791,8faee3bc90cd46ac64c845e69db0bdf1bbd0987c1dc7cb01fea6795ff79a7997,f,f,t,t,t,
2873989,t,2026-08-05 13:56:37.806087,748ff6e6044923a1a35d495ce4ee9d4298b6298488f344c9deb945d9867eb4b4,f,f,t,t,t,
2913859,t,2026-08-05 14:11:00.456761,79c8d2e0b7146fa214028da039023ea5bc7a8e6eb766b33035fa9321a9deed70,f,t,t,t,t,
2833450,t,2026-08-05 14:09:50.105263,629666a968a719a53a19f550e7005df4fae2764890c2e2eaf29b4c943f83eb4e,f,t,f,f,f,
2711043,t,2026-08-03 12:22:54.754364,b2611da6487bed70da2d938a3341481f5b17a7e849c8b1b0c6fa9898026eaf6b,f,f,f,f,f,
2791139,t,2026-08-05 14:02:05.246162,11fdffdd691a34adf136014fee267ef25cb387ca543b996736baa37460fc6992,f,f,f,f,f,
4007978,t,2026-07-30 12:38:44.641711,67fe68fe2cf36b824d3efd2097dc1fc2829ab1d89f70b346f2e83ffff69b1a29,t,f,t,t,t,
126666,f,2026-08-04 00:13:16.150707,4a805c891958352095c48fb9cba30f9f46a45fe86d69807af0b4b7cfced9a8dc,f,f,f,f,f,
4010301,t,2026-07-30 12:38:44.641711,6f59d691933ef0852cb45221fa6a1e4a3dff9660e8c3fe12704c4b6e5dd55fe3,t,f,t,t,t,
2930437,t,2026-07-30 12:38:44.641711,c7a4a64899da67463659448d5e4f6fd8cb9fae344b1363045889a14a1e05f3a7,t,f,t,t,t,
126840,f,2026-08-04 00:14:58.688706,ec5c2e0b09cca4ef86dfe4741a5519614fca470ac17bd6c6fdbe57d590ff625b,f,f,f,f,f,
4039500,t,2026-07-30 12:38:44.641711,7e43e92d7db2526394efc1504d0072383a2ba9135728df67cf9a0612a7616d5b,t,f,t,t,t,
4056545,t,2026-07-30 12:38:44.641711,1f09101a88be22ad741b55d32964570c4a33672f3b537a85bfefcd3cbb88f6b3,t,f,t,t,t,
127537,f,2026-08-04 00:18:07.694745,afa623a6e145dd815ee7cbfb62c3fabf639ee912b5f1327cd5ee6ecc8e87435b,f,f,f,f,f,
4020587,t,2026-07-30 12:38:44.641711,dcc3f3278358416ea3f00eeb80e54f36ad9f7fb3b2cc63720e8aa9f7f931e4dd,t,f,t,t,t,
127713,f,2026-08-04 00:19:06.233505,e1a2b7009125510d2ca0f1c8cfef3d99a1631efbab3ec316e4979385acd33e53,f,f,f,f,f,
129000,f,2026-08-05 22:48:10.554251,1f3224b7856bdda7354ac24bdb87cb7e8c0bd8bcdaf420ebd799f62d73050cb3,f,f,f,f,f,
3102217,t,2026-07-30 12:38:44.641711,ac8db812cb93db2c4f1405a527e9ef3985add2194d2f4f2c4e3659ef0cf0cab2,f,t,t,t,t,
4024904,t,2026-07-30 12:38:44.641711,768be9e0302d4004eee03b167db075c73ab45db27adedf4de1b67373570779d7,t,f,t,t,t,
4024899,t,2026-07-30 12:38:44.641711,ec1603b85820e82f93f24792f3fd478a0a9aad94762468cf9b3abe1e63ade0f5,t,f,t,t,t,
2760768,t,2026-08-05 13:45:55.36123,0ba8e70cf958cafa7176854256f997b8ed188667ba48beb30cb8c159525ba9bd,f,f,f,f,f,
4068768,t,2026-07-30 12:38:44.641711,bcaddc413044f534d9202a1bd6269450d1fc778d551796249a109d15f98c7880,t,f,t,t,t,
4068774,t,2026-07-30 12:38:44.641711,dcb00c0c0796d835e1963c50412691f0d5793faca718d452de991a43369e4f18,t,f,t,t,t,
2925546,t,2026-07-30 12:38:44.641711,3f0de56cc7d0ca29d88b214140914f564986dd97e2c413d8929e11020286ebb7,f,t,t,t,t,
2931992,t,2026-07-30 12:38:44.641711,43ac7bd4522f15169e27d87961c59fe3f73bd7736560de39ce094cf245d89c84,t,f,t,t,t,
2760926,t,2026-08-05 13:45:55.648491,35d7a194cf14741e0b7a59c8405560a6f5a13c70682523f8fe6fd5850b79b182,f,f,f,f,f,
2760965,t,2026-08-05 13:45:55.943918,0f8843742d228cde10fc0d15b8d1b4c0ae0804a964471296c7a06c8e4cd3b371,f,f,f,f,f,
2716757,t,2026-08-05 13:46:43.594668,8f07566c39355d08c73cd62cfa6108d61ee7a8c257fe1ea877e31282e47c1552,f,f,f,f,f,
2892445,t,2026-08-05 14:03:10.748904,bc3c0c6fcfc212d949962260ae73e1462a4b96bae6306abdcc3c70bf61e3839c,f,f,t,t,t,
625920,t,2026-08-02 12:09:38.771995,bc7cbb5c90760b71b5af8d45646044bf8e19fc9da86f2bf14232e1a151fd096c,f,t,f,f,f,
2874129,t,2026-08-05 13:56:40.207437,cca58d305295bf80a9dad6707573ab026f33609067c0b6df77ce72613e383ca7,f,f,t,t,t,
134339,t,2026-08-02 11:58:26.50548,1d6211b6dae057e603e4e675d8abe655a03c3cc56ff0ed07fde36fd947fee9e9,f,t,f,f,f,
135831,t,2026-08-02 11:58:40.727175,dc2524f884939a4e509eb032bdab91ef324e5ebdb83ade99cc10eb8221f72573,f,t,f,f,f,
250595,t,2026-08-02 12:01:53.010774,4f4d6287328b04500dc1def0f932ac4d9e43ebdf943c2160ea54dbdd6e229759,f,f,f,f,f,
625957,t,2026-08-02 12:09:39.014458,0eb217c7f00e5cc2506eb0ee48d30ce6e576414f10bda37ab7b9b5dd757d8ffb,f,t,f,f,f,
681521,t,2026-08-02 12:10:00.383336,b50f3c9c3a7f15ec92049e84b87a5ac784afb74e5fb74da0c5b2f28233b47705,f,t,f,f,f,
681650,t,2026-08-02 12:10:27.134448,f0d8b5a9966e6641e9bc020176c4c29602c75f0d129d2fa4cc280752298df9ae,f,t,f,f,f,
1772617,t,2026-08-02 15:08:37.846966,210c4de2931f8c4497038c29479d628853acc078b8291c9f5294506760febcce,f,t,f,f,f,
1809589,t,2026-08-02 15:08:39.704443,94325ea14d6bc00ede6a4922f019e70023163d6db02e621ceffde050986262c0,f,f,f,f,f,
1955972,t,2026-08-02 15:09:15.668627,32e64a0a871f3c52874992c6155684f127481250f7c7c7bb47699a609ff6aa32,f,f,f,f,f,
2036038,t,2026-08-03 12:03:00.209128,2643788c2d7f8d3f6c306d8ac61a898433e77db227f04307d278d0dce7b8cca2,f,t,f,f,f,
2714155,t,2026-08-03 15:08:11.177393,a3cb884a290e6ec019a5f78dd94544e650711d73f7be8331813d6fb8dc20fc82,f,f,f,f,f,
1871375,t,2026-08-02 15:08:59.464652,948ce8d475fb219c9df2a9895a718dcb58fdf4d8ce07767a188113f1dee11db3,f,t,f,f,f,
2481416,t,2026-08-03 12:05:42.279953,60dd0ccd0b57b5532b8a65f5f776660214d024b2300ce2bd262267cc264b54c4,f,t,f,f,f,
2710984,t,2026-08-03 12:22:54.178598,f8addf28622b0b137c582a0b83ee587cff2e9a3ede7adf5f09d7b0b290ada269,f,f,f,f,f,
2514011,t,2026-08-03 12:09:06.920085,307bb506a4bae068109ff89ddf9c7d7312891cfe643ff13d7c46fedba88c152a,f,t,f,f,f,
2701000,t,2026-08-03 12:16:53.000469,55d946fb4219b5a7d2191155c1623ce0ebe80c42b7527094cf9e0bdfcc51acf7,f,f,f,f,f,
2364047,t,2026-08-03 12:08:28.267879,da830ff0bde5566708f94afcf8339429ca0ef664c017861c590d2cd2ffb012c0,f,f,f,f,f,
2610122,t,2026-08-03 12:09:50.453518,c626aa6d2b60df45b0b0e1ea6a8ee3341035bc4410af563c773ba12d9b24f93d,f,f,f,f,f,
2702249,t,2026-08-03 12:16:56.303885,5b06a285cdde4a4a41d13d697623b65379537e6d034bace289fd644787ec04ed,f,f,f,f,f,
2638571,t,2026-08-03 12:13:33.205339,0380257227f2914f80d3e1ae8207e00bc417f97b1f2d474b09aee4f0eab5140b,f,f,f,f,f,
2702480,t,2026-08-03 12:17:01.702221,b37bcaa91617f5ec5ceb479c6e8bdc35a148ef03aa0c6f561c6593b70af174b4,f,f,f,f,f,
2913277,t,2026-08-05 14:04:04.779501,d491b71b4e2229d8ace6f2e36397a6bbcc9bdc5ba41122ac821e218178c17bc1,f,t,t,t,t,
2714695,t,2026-08-03 15:08:17.783328,9159978d1c8ab18b421a361071c188f69e1c23ea77cdcf62bc64039652c268e9,f,f,f,f,f,
2714850,t,2026-08-03 15:08:22.882135,fafe2d360a994cd7dfe9ffc7183324e8928c69b149dfbd4ad68dad24c4b87cc5,f,t,f,f,f,
2715002,t,2026-08-03 15:08:23.78183,749fb01202c1b33468242a6a9726010586007d9058a64a2707548d27bfd75a99,f,t,f,f,f,
2913279,t,2026-08-05 14:04:05.383312,da78ece2e6acbba745959e82e42205c920d77347e7dfcb540f34b061c7b62a52,f,t,t,t,t,
2913292,t,2026-08-05 14:04:09.283017,029281f7576972cb873f1c8e81c75bce1621a97a5c712031197fdec22121d8cd,f,t,t,t,t,
2913707,t,2026-08-05 14:04:35.153068,fe2ddb31165ef889a9afb6c72c033705687b8760900b99f7e225cadfca21c0c4,f,t,t,t,t,
2855484,t,2026-08-05 14:10:05.117008,509599f71cdd1f51ef7115c586ae51742193a62bc44d5ebb34fb329503646d01,f,f,f,f,f,
2913720,t,2026-08-05 14:10:50.248407,c29a2e2340bddbd78d528c8c87c75247b769fbf9046d023eb2f1c6216f35d650,f,t,t,t,t,
3044531,t,2026-07-30 12:38:44.641711,15d07fc44c5c0b78d37deebedc48971e3867254fcbd94f4569c0711169bb5942,t,f,t,t,t,
4025024,t,2026-07-30 12:38:44.641711,963f196398b5fe28f57988972d26d71fadbef4652eb375d631dff6113e352b21,t,f,t,t,t,
127668,f,2026-08-04 00:18:59.186329,6fc9573b27bfdc6b62f2fe9ba380cb246b494bce1992af6a0592323332e67d22,f,f,f,f,f,
2774517,t,2026-08-05 13:54:11.511441,086b4139a898803cc33b596d12359921adb773c6ccf36a29d9e360345b55c89a,f,t,f,f,f,
3344099,t,2026-07-30 12:38:44.641711,95d5d694bb5a9ee4f2a1477273ce7cee57c94c35f2ad1c781eeec4ff76dcd382,t,f,t,t,t,
3469425,t,2026-07-30 12:38:44.641711,3cdd1b3ef8d96ab914956e2e0da032c567a68819b302975d48ec5610ca60d4a9,f,t,t,t,t,
2760971,t,2026-08-05 13:45:56.242925,fab1544ff5823d9c095f460dd8ccf4c20f1b40c1d0ac930a9bc0ebe038365dc3,f,f,f,f,f,
2761020,t,2026-08-05 13:45:56.548569,1f4e04cc77ab45012f7d51c6ec7bbff3d17f4b7e0b8125d8f0573806762dd2f9,f,f,f,f,f,
2761023,t,2026-08-05 13:45:56.849405,d2d83feaa859fdb2f8c8cda125abd723f3a1bedeb007e06c00c69c6c82efb2bc,f,f,f,f,f,
2761179,t,2026-08-05 13:45:57.451959,ef5cd05b5a90580ebca23d6935b4caa5a4bcde1784d92f8ffc0a359e3253f0f7,f,f,f,f,f,
2761995,t,2026-08-05 13:46:16.01673,40232c89b10e9fee92bd145bba35ec2213adba7198670efc7d451ac168f24501,f,f,f,f,f,
3072027,t,2026-07-30 12:38:44.641711,7433228376344239ed013b5b672ee8c69aee8daece60d5eb7a072f2d725394ef,t,f,t,t,t,
2767553,t,2026-08-05 13:46:26.830184,4cd2f0e5576d91db0ff2ac2b084265d5cbf02af1ccb2fd062c086479ccaf076a,f,f,f,f,f,
2773843,t,2026-08-05 13:46:35.228231,4cc69936d036ce980a36c3caee73bbdfd7556e592098b6318ab8153fe8726ee3,f,f,f,f,f,
3489111,t,2026-07-30 12:38:44.641711,286cff02b8cc7315f6be461c2fc840447a333fa31ec0e092d963be89366f9a95,t,f,t,t,t,
2982690,t,2026-07-30 12:38:44.641711,1191444680261ac6ac62aa6c3ab3f74f345690e7eb6043c0fb364984ab37d938,t,f,t,t,t,
2833868,t,2026-08-05 14:09:50.691801,c897fccf0ab1ff1f4ae1a59140f3f6595d5fbbe79de1ef983ce29256cf2349f0,f,f,f,f,f,
2892457,t,2026-08-05 14:03:11.049068,65bfea11b2160077305ce6473d211f84755400c7587764dd9b9822f55b8db7c6,f,f,t,t,t,
130121,f,2026-08-05 22:52:12.147333,b3529ce8510b5625bf35f14e38671dfed6a7b846bc2a869d051d50e550efd6b9,f,f,f,f,f,
628607,t,2026-08-02 12:09:48.024944,15913f8990dd95563e02e3be97779fe36e020fa561cb554a95b461ed6a4d45ed,f,f,f,f,f,
637442,t,2026-08-02 12:09:55.232794,b7b2ce3510e4bb02a18da57de1cfdfe3e28bb7066b7d803afe895300a99aef1a,f,f,f,f,f,
1923400,t,2026-08-02 15:09:07.876208,27d34d4280988e150c8473999ab324c322f46c45b0f7342bd10b2a015b70c891,f,f,f,f,f,
1337616,t,2026-08-02 15:08:27.940741,ab89d3634fe2330af8d498c26258bb24988160268426e18eb2a9a26cfaafe3c3,f,t,f,f,f,
1762763,t,2026-08-02 15:08:37.244888,a50cafae6e5bff4aaf43362f0131803b1f56301a513040e72a18dd9aeadad874,f,f,f,f,f,
1809602,t,2026-08-02 15:08:39.949763,eec27b4f212d03015acbb80c271f28933056cbd92331bcba0941b4433a1a1215,f,f,f,f,f,
1871368,t,2026-08-02 15:08:59.175117,0a86d9a552ade09ad674787bac5503ce55c29d7ab3ca4d4fbb06ba0894392535,f,t,f,f,f,
1951222,t,2026-08-02 15:09:12.370771,b45b5e1d0d1879313a2d8cf6693233853a4e68158438a97487e502554b06c3ce,f,f,f,f,f,
1973366,t,2026-08-03 12:02:49.109532,31b0ce1d7f8123d2e22d9d923552186840d8d5c5ba277144fdca8e651e946584,f,f,f,f,f,
2702170,t,2026-08-03 12:16:55.104454,09ec16e3cff2d1aae2ef4883dc8c85554b6b97be2059474d6102cf8bafc650ef,f,f,f,f,f,
2610087,t,2026-08-03 12:09:49.852799,e1c46365084c1e703b6deb358ac3e2f0280dce9c1bfcb25cf7e5effd7be5f27c,f,f,f,f,f,
1819042,t,2026-08-02 15:08:40.550635,f19922c939f2306cbb6cc5d9f5b1765e8d87f94c0a3aec9cf295fc7f3fb77217,f,t,f,f,f,
1844797,t,2026-08-02 15:08:46.253734,62b538a9d0207962bb5b0bcd17b842ecad6508cddbdd9e2e4530d115465e2732,f,t,f,f,f,
2357566,t,2026-08-03 12:08:25.263846,1b72ee773d0cddb3831c26db550e3e621dce9068cbfd9aa5c24889b425aa44b9,f,t,f,f,f,
2375375,t,2026-08-03 12:08:30.06288,ebbf25b4d9a77e45bd79e98ee3c9259f1bebe00ef30e26b3f9320837f9b05d27,f,t,f,f,f,
2610081,t,2026-08-03 12:09:49.557527,987f326eea98526a88799b9dc15f6e440c49211185e11ff53574d42df5400070,f,f,f,f,f,
2524183,t,2026-08-03 12:09:11.727265,914124fbd55982805022e42833b6f5f8649c040f321d33db35d3db9f4a7d28c6,f,f,f,f,f,
2524328,t,2026-08-03 12:09:12.327054,30d72b2bb8799e91f51eedb37ec8292f254459861891f2b0065bffb31542cfd1,f,f,f,f,f,
2610091,t,2026-08-03 12:09:50.151714,1aa1f55785d66c409370560d230ff2b257842737318736635df7ae5ccd78e992,f,f,f,f,f,
2611328,t,2026-08-03 12:09:51.647031,d3261013525f3fd8c696d027780d9a9e183d722b43f032950826cf8b7b39993b,f,f,f,f,f,
2612286,t,2026-08-03 12:09:51.953366,a549dbd17ae5b807a1c736e12711fe2fa9c2b5ce2901d0371e5e3b43fade0715,f,f,f,f,f,
2685330,t,2026-08-03 12:16:42.193161,f6a7a3cb55c8e015bec37efefa5fd29044975c64db980623eee5e459b73e1182,f,f,f,f,f,
2702543,t,2026-08-03 12:17:07.103756,3639907c63b260fbfa300876b73705e0156886ceec79b2a4b6773372affc1906,f,f,f,f,f,
2699658,t,2026-08-03 12:16:51.194806,52265c6430564e0ba9ccc153a5146cd156c8c50fe9d58c625d46b7002dd08a04,f,f,f,f,f,
2702538,t,2026-08-03 12:17:05.908302,211970629b1591dc04aba2dd516cf19dce7aa534716ce0c143f9b2e3336c2085,f,f,f,f,f,
2716199,t,2026-08-03 15:08:33.086083,c6b6d6c29c0f8acadf9f8ce398bd19354d185e4cf06285920c752123fe3f2281,f,f,f,f,f,
2702606,t,2026-08-03 12:17:08.906571,3df5726c01b871eb18d930a26e0f45bc8dca3790e19e51da246646f2fe44557f,f,f,f,f,f,
2716218,t,2026-08-03 15:08:33.687327,9d04c9a3ebf5fe60082832b725c16a021808e0d5d19aea878003cbf495e1daf1,f,f,f,f,f,
2638572,t,2026-08-03 12:13:33.509641,b47fc440da12639d816dfa7a64ad6711eabac9ee354ed3443bc6c8993a5d2bcb,f,f,f,f,f,
2735338,t,2026-08-03 15:09:14.217479,f21ec4392f48b7b6aa5a03a075a13cc2ad50413c07e0289b6be90934ec0451c0,f,f,f,f,f,
2740955,t,2026-08-03 15:09:22.015433,cb04173114f4cdc4865a9c273ebef394af5cd8e03498dda15a62d0d235af4f62,f,f,f,f,f,
2787150,t,2026-08-05 14:01:37.331522,020b786d45769d5b44f4d04cff925f492e79d59ed58b5272e5b5e810e78d0d7f,f,t,f,f,f,
2716150,t,2026-08-03 15:08:32.490321,9d4c692e493fee3655204228787b4ab1baa6452582e9c0a861482b427790ad26,f,f,f,f,f,
2716182,t,2026-08-03 15:08:32.783498,459dd3ea9d33509d04e4b2909d3e0f6144430de9db6f8f5053ddc3d7502d799a,f,f,f,f,f,
2718059,t,2026-08-03 15:08:41.19141,fecc400acc5380e3f337cba1bde7d6df5468908a32d1f21ecb70eccea7f0d88a,f,f,f,f,f,
2791926,t,2026-08-05 14:02:09.158797,ed79006610b1c28168d96a865dbb5c11f440aeb882b9f67576ed64a9e0ec9f24,f,f,f,f,f,
2925194,t,2026-08-05 14:11:17.874023,6c379ebb14a521b88c4d2905317032a28d879f4a9aa1fb5c4088b008038f4323,f,f,t,t,t,
2711054,t,2026-08-03 12:22:55.360228,fd7d35f1814a826ecff342a8191550ece18242ed993250a24fbe004fec23d153,f,f,f,f,f,
2609985,f,2026-07-20 22:57:14.852082,a351bbf5ae19a14f346fd1606e98f4a33534f55508b00a328dd78b1670a5c83b,f,f,f,f,f,
2761180,t,2026-08-05 13:45:57.749803,92e99af0d37277595ffae7e867558daa7517dbed0b155c1550923e9b700b8d8d,f,f,f,f,f,
3072028,t,2026-07-30 12:38:44.641711,8878bda9513ac82ca378038e1762f936b4cacbc30a5d164d7fdb9f8d2469b065,t,f,t,t,t,
3545976,t,2026-07-30 12:38:44.641711,57919e0bf7e22579e66102a25506e1bc66e3ed38fa945564bece1624c0e39c5f,t,f,t,t,t,
2761223,t,2026-08-05 13:45:58.313153,ec36aade8804844153a217d0c5b28116777754419926881d277fd92357db830f,f,f,f,f,f,
3415124,t,2026-07-30 12:38:44.641711,4ed5928d9c34a09295df8341a0734c7c3f1b4d34fc1915d2fd4abe32e4022cbe,t,f,t,t,t,
2744403,t,2026-08-03 15:09:26.827552,97e3c31cf47a34eba3be9f594e254895738efd56414e447d8bd4389c249676bc,f,f,f,f,f,
2762964,t,2026-08-05 13:46:20.826764,d6fa110b03adedcb069b27ce788c539989e023cfb1b4a1462d8fb58bc0c22805,f,f,f,f,f,
3469333,t,2026-07-30 12:38:44.641711,98a05a1ceb8374f4299e37c4c16029e240aed3d4b1a386c124a41c5c4e467e39,t,f,t,t,t,
133782,f,2026-08-05 23:02:42.46955,559e729b41ec0f2756efde6794cff3a27f7ad4e25bf4d93c894abe033d2e6b8d,f,t,f,f,f,
2892186,t,2026-07-30 12:38:44.641711,0b5aed88175d895c7b21b6bc7d4d905412ca73298e3bdb7932a8fa9a2349e095,f,t,t,t,t,
3468741,t,2026-07-30 12:38:44.641711,c5ccd92e3447d0ee0e98e56467159977c243cf96d1e91a0f3f4a338d8d5f438f,t,f,t,t,t,
2892333,t,2026-07-30 12:38:44.641711,b480382581d924c2b8756d8d9d2aa7ca26e841874697cee77208dd0d44af425a,f,t,t,t,t,
4010311,t,2026-07-30 12:38:44.641711,1d962d3327ab16ce1a50e89fc35a50ab9df538e504ba2d47381f2b8f7cfc191d,t,f,t,t,t,
2925411,t,2026-07-30 12:38:44.641711,84af81e2ab47ed89a4cfbe272595ae220b9780c1329b225b0c7461b3d4831f9a,t,f,t,t,t,
125594,f,2026-08-04 00:05:24.715942,b8109042056376620744599918c6f96e1427bb71b11904463a14fbdf6d93af9b,f,f,f,f,f,
136634,t,2026-08-02 11:58:48.996933,82785cf2c8cada5a371ec6211e620ab9e46b10ef00a1ea2675d713b6adbc454a,f,t,f,f,f,
125740,f,2026-08-04 00:08:30.025353,7a1fb7655100639a7ef3b5f2febd13f9c2a40e264849947a4edcbf35306bb7ff,f,f,f,f,f,
2716135,t,2026-08-03 15:08:32.182044,a8bf70ac4a89cc6a66216b353e584b5bef70dcc0e26ae0ebd4ce06eb5dd8653b,f,f,f,f,f,
125756,f,2026-08-04 00:09:09.686889,8b9a789434dbee61c6b54a7ebf41de4b4e112f3d1aa856be89a305a596a09290,f,t,f,f,f,
2720995,t,2026-08-03 15:08:43.653348,a09b68cdfd6416cdc4bfdae55033226fde3ad70515cabec953c961da90733711,f,f,f,f,f,
634243,t,2026-08-02 12:09:54.926736,88d01a82d7a023865247a180066c21e1c9f76205762a09db824cba7fd241bab5,f,f,f,f,f,
397656,t,2026-08-02 12:08:57.597401,bb5cd9847a0c0d62aab51420d9e81da7a6f92bc9dc03afdd58749e97d9fcd6e0,f,f,f,f,f,
2789524,t,2026-08-05 14:01:51.438898,786235b710bd3b5ce7467e0ed8d34e3856f48fcdad8ff31c9a410ce1710647e1,f,t,f,f,f,
2790479,t,2026-08-05 14:02:04.348048,e78e0b4633e96d25d532dea7342afb2b5902641cb822597cd5454b6698fced5a,f,f,f,f,f,
2892339,t,2026-08-05 14:03:07.151881,13c56079246af98cd462888b08864861fc6668ab6b3d51cc8516556e4ba2a227,f,f,t,t,t,
626353,t,2026-08-02 12:09:41.763539,9bf5df2bf05415c88b24f304508220b1ea395994d93f9eca94e796a475b5c029,f,f,f,f,f,
658582,t,2026-08-02 12:09:57.032973,cbce0310f960b2187d11bf62062644ba29d1bf5fc323a35be723fb7ffabc8623,f,f,f,f,f,
681547,t,2026-08-02 12:10:00.629312,b8d04a79d3a699ec6d30868ac45471678f76ca6ffd6fef07c7ab34667072792c,f,f,f,f,f,
1722369,t,2026-08-02 15:08:35.149798,5a24e18ecbe8f4c043760bbc8423d352fb3bf151d5179b37b8aaffbf49c85c59,f,f,f,f,f,
1828984,t,2026-08-02 15:08:43.257049,7b8822e84cc64837f3a4efaa8acf8bdb85b7477c2d1a722ea2dd76b57d3f32e5,f,t,f,f,f,
1968945,t,2026-08-03 12:02:46.751522,43c38209d95cd40f473e07e8fb4b6863c5404a1eea47ead5c2566d8f2e7498f5,f,t,f,f,f,
1973361,t,2026-08-03 12:02:48.836435,cd6e488a439c79c5d0f2f25466de9b17f3baee6af90d22ae33798ad98d346c46,f,f,f,f,f,
2710858,t,2026-08-03 12:22:50.254516,6c9348c75ee2b5955ff37fddc9ba20cc3b8dea8bf2efb08c709a84ce908a398c,f,f,f,f,f,
1884057,t,2026-08-02 15:09:02.472573,7cd8f1788627ac8f45d1f6fa0c9cbfa722982ad9cc1dcbd0921f8d18ee5e1c25,f,f,f,f,f,
2610066,t,2026-08-03 12:09:48.949212,8133fc0e75c43c60761101a987ebdfbfc392fc787dc3dd7792729f58eaedbc59,f,f,f,f,f,
2361026,t,2026-08-03 12:08:26.469157,dc71fde9d5760332e8fe63d31797bcdd810c2337467b23e3ab0f9c91f26c9648,f,t,f,f,f,
2610062,t,2026-08-03 12:09:48.647705,8fb485176f7058563e3080b6728be9b0969c67f3eb767dd488a8d7819c601dfc,f,f,f,f,f,
2513889,t,2026-08-03 12:09:06.321113,bdddbbabe70c77cf6d6a6411815e068254e24aaa07d34432f4caf7f6d0656e5f,f,f,f,f,f,
2610078,t,2026-08-03 12:09:49.253322,2ed24c88a6408ef5c82144633240d7294c7c342217530c6e3905d4b0b5fe98c8,f,f,f,f,f,
2738792,t,2026-08-03 15:09:20.520917,3fd2fc8a41d8aa523aab1cdb99feb9cd4035b2984633ee32e8d017be6d17608b,f,f,f,f,f,
2628988,t,2026-08-03 12:13:28.710467,c4cdca602c372d1b3b56a15da6e99ac9ab90981c60f17c9c02f03cc5d978711c,f,f,f,f,f,
2456701,t,2026-08-03 12:08:40.872481,597aef769c1c03a11ec8f5d6c71b479bb22a29c2610567e14a28e383106585a6,f,f,f,f,f,
2702605,t,2026-08-03 12:15:53.436988,f3a90ceb84c506b7359d96ae65279a8c3d53ef9cd128b2766e3d10f2021b7a11,f,t,f,f,f,
2680214,t,2026-08-03 12:16:35.294001,e327260b1c2b49e2ea10a036059875f58c99f05e1dcea7a96d2215ed402773b1,f,t,f,f,f,
2685661,t,2026-08-03 12:16:46.096821,5f9e8934b603871ef9cc7bcffdae621bca27302e4514d3af3468165c784d120c,f,t,f,f,f,
125730,f,2026-08-04 00:07:38.550176,3b0450c7f7baded62140c657a3fd31a3806ee364d83306644a01230fe12f8cc8,f,f,f,f,f,
132396,f,2026-08-05 22:57:55.944536,e58007c1e8c0409ca0792876306a297c88c8832f7ca52d39ee4b27bd5034c6fd,f,f,f,f,f,
125590,f,2026-08-04 00:05:27.314928,cd80f033a8f140f310f4fae229a770720b3ce590e9136d8cb7001b75dc35bc38,f,f,f,f,f,
2892345,t,2026-08-05 14:03:07.454392,6522489c39111b52fc86cdc1f4fb72903379834179f28f695b4ed4b84c8beea1,f,f,t,t,t,
2892357,t,2026-08-05 14:03:08.054234,270cf2b5935af8a7266321ee798bf4cafa074d701493b1cc620b0e40c13b16e8,f,f,t,t,t,
2905470,t,2026-08-05 14:03:30.565075,27ce74f971cf99755f6b63fdf96981372b6498195cb7e6d26f9ea85984d45dd9,f,t,t,t,t,
2905794,t,2026-08-05 14:03:32.065982,98f8eea774961ef245a0882d1bc05627df581a4c01b0d6d27ff495dfc797750b,f,t,t,t,t,
2913293,t,2026-08-05 14:04:09.58771,566e20b16568216636b5911b01d688e2e110dec68bea30046f8348ea993a7619,f,t,t,t,t,
2913294,t,2026-08-05 14:04:09.892421,1f6fb0f67c8e3c700bf635189d4d3bff4a5a83feca484a80f9e500ab25509a2d,f,t,t,t,t,
2839793,t,2026-08-05 14:09:57.313739,b461b433c4ede69429e3c067d439b6ef254fedfa4fb5b9928d7dda7f1cbed05e,f,f,f,f,f,
2710899,t,2026-08-03 12:22:51.45634,f2e4b8bd4729e89e43106d2911234d86317568d58407fc173d4d5ae2d8122495,f,f,f,f,f,
3041338,t,2026-07-30 12:38:44.641711,76c14a650642c750eb48928a763742ec21152402b5f544a67f1b2f6250d948e8,t,f,t,t,t,
127749,f,2026-08-04 00:20:01.74601,375f5cd27963418dbc2aba8fe7eb55c7be25c9a48985f30afa97343022af0cb5,f,f,f,f,f,
3041546,t,2026-07-30 12:38:44.641711,20bb345efdee45be76ab64ec0c168b312f91bff431e305c2ff00432da9548d12,t,f,t,t,t,
3041101,t,2026-07-30 12:38:44.641711,24fdf005ba85fa3d51320cfb0339b5bc3718c021e6d17697623926cb885a7cee,t,f,t,t,t,
2901674,t,2026-07-30 12:38:44.641711,d6f4db11e378efd09e2e2ef596cf7bd87967f30dac0db5f7385d9514440ea3cc,f,t,t,t,t,
3041240,t,2026-07-30 12:38:44.641711,2493a4450c0a1f9c0149ce7ff0bcc8f8a06fd629fac9a7c3bdaa33336a7d7bed,t,f,t,t,t,
3041283,t,2026-07-30 12:38:44.641711,b9c526f4ea1076d02513f485907714315b998032af4d9edb6ee47adb4c266738,t,f,t,t,t,
3040955,t,2026-07-30 12:38:44.641711,fbd1ae015f17c2e5eea12b88efb64d9ad2c7693d27cadd1054a38f70eb18d1db,t,f,t,t,t,
3354271,t,2026-07-30 12:38:44.641711,12a546d512fb5a3c7ca16e595a77df7b9def4a733b8e8be8fbb886434dc40e01,t,f,t,t,t,
4007984,t,2026-07-30 12:38:44.641711,2497c816a6e5f3ed17d3bd1ef2e0ed19078d9ce1d7155047369d0b7b5ca8a996,t,f,t,t,t,
4010308,t,2026-07-30 12:38:44.641711,9c46b2b82689662831c36678f06358456b2f0a7dfcece81f8337d2892d2b44f0,t,f,t,t,t,
3083216,t,2026-07-30 12:38:44.641711,2c52ba03565f24597b60c3d1b3f57e9937fba1a34cd952bdbc5f1057ddba55ed,t,f,t,t,t,
2761328,t,2026-08-05 13:45:59.509702,9c2c72fa9f3ef491b683a657f6efe7fc664afd91fd23cebb4d116db2e17eb8af,f,f,f,f,f,
4010309,t,2026-07-30 12:38:44.641711,dd23220bb499e78ac149185dba6e8eff0131f6cccd0d1f28f6a9ef18e25bdb76,t,f,t,t,t,
2782154,t,2026-08-05 13:55:04.33831,761fa7f53b3d8c10a61c95134fb6c0956cf727a9841d86fee02c641172109097,f,f,f,f,f,
129032,f,2026-08-05 22:48:39.501993,d8c1f7a44b6402b35afc69e7c375c31465083d02e5f7f4a4c5b86329204227f9,f,f,f,f,f,
2892369,t,2026-08-05 14:03:08.647979,e3e7acb372640af34a717c62ca3efb2c0e3fda5e7d5380e7c7fc991b5a261517,f,f,t,t,t,
631755,t,2026-08-02 12:09:52.827393,4948bc564f8f06b79588d081fa1c317b7c8ed67217708200dba58902b467e11e,f,f,f,f,f,
1937080,t,2026-08-02 15:09:09.970477,a14190209e66361c77cf0eb94454ea24a5fb383d2f58617ee8be9f98a188fd9d,f,f,f,f,f,
137326,t,2026-08-02 11:59:57.446123,9a428dd80fd5ea89b51eb74ace6f6ee76234c442d7a502b818e839f173c8cd65,f,t,f,f,f,
128604,f,2026-08-05 22:46:22.580197,0ded51f3bf0ac957ea99b70bc7765c295a03f27cd5d42e9c537dd0f3fa1587c1,f,t,f,f,f,
133781,f,2026-08-05 23:02:39.018102,8362bbea18656adcf8175d23a57c13213402c798c45937c284c6e9401c029409,f,t,f,f,f,
136077,t,2026-08-02 11:59:51.903036,9bcd8c3a99bffb43182bd5c74bde3398641d68c3b5a68b7dca0e041e9928f09e,f,f,f,f,f,
134006,t,2026-08-02 11:57:59.604165,25c1b957976b8ebf33f29d8d8e6863bb0f093f1eb7263de64af22d1f1a594169,f,t,f,f,f,
137328,t,2026-08-02 11:59:57.671949,7884b89590816778af6e39b04d3e77cef396135f033369a3a90ab7dcb13e5448,f,t,f,f,f,
250359,t,2026-08-02 12:01:46.788881,40c70798645636770adfc1a490011c0e5304b1fcad94de1bd8a251db279569b2,f,f,f,f,f,
579035,t,2026-08-02 12:09:21.311953,ed09cba8fde0907ddd058094e4c4549409b66c52eabb44f99751559d95f08969,f,f,f,f,f,
620219,t,2026-08-02 12:09:31.566571,5793ffedf317ee2209f7d4ca46df642e7bb13b6c70de9b4866f7c2cfd0991471,f,f,f,f,f,
2710945,t,2026-08-03 12:22:52.950125,b901d1168f250ba3c1768ea927ac5099163dd52f3158113d8d2948587669171b,f,f,f,f,f,
2607179,t,2026-08-03 12:09:46.246054,410c38771cef4b753b40d8a4c10dbd4ebb2034774bf8c98df62e6ab3f086a13a,f,f,f,f,f,
2710922,t,2026-08-03 12:22:52.355151,3801d9364817e4122f6244c694dfdacdec4d68910db1665cd51ef44f4909989f,f,f,f,f,f,
2394558,t,2026-08-03 12:08:36.06626,d78c0283914e8806ea84dfb20ddaf1b3fe9af79006f71ef6197e02455bdcb745,f,f,f,f,f,
2652852,t,2026-08-03 12:13:37.406461,0a94f687f7b66944039ab769efa85e8099d496f81339a16c147c57a0867f2ccf,f,t,f,f,f,
2710947,t,2026-08-03 12:22:53.554904,da912a78f9d6b59b97ebed495462e395f902db51ff2896f922514bad30f05700,f,f,f,f,f,
2710965,t,2026-08-03 12:22:53.858501,057aca886538f0f72b2c87ed6ad39f91db93130a9c5c9f0bfea66a01a5fd2b32,f,f,f,f,f,
2891900,t,2026-08-05 13:56:56.72231,9969ce8a0ae9b3af26602c12c11b39444d7649686476c01ba8e015fe447e546d,f,f,t,t,t,
2710895,t,2026-08-03 12:22:50.852722,49031eaa0bd3e373f83422b799e577ee7ff43bc2db876f83f6f1cf3de0b3b932,f,f,f,f,f,
2714545,t,2026-08-03 15:08:14.476991,fc3bc45ebf6d789dd8ce9a6c52330a014947449430401f8ff6818229764f1c41,f,f,f,f,f,
2702210,t,2026-08-03 12:16:55.699881,dbc21c3c20bdb4fb925ea576c77fc3a75d3d85901aae8504433db563820008fc,f,f,f,f,f,
2662936,t,2026-08-03 12:16:27.190306,e92a22b937c0d300be7108ae1009322d97c456603a5617d1dd1120ced82ad0a7,f,f,f,f,f,
128757,f,2026-08-05 22:47:13.381031,a1497bccdc418028d4252f27e680e0308dbb08738a979e06b3f9b60715cbcfef,f,f,f,f,f,
2811400,t,2026-08-05 14:02:57.167772,17823b97968432e161ec8ed7ec0acd7d680f3dc05d56ac6a72d397a4913c152c,f,t,f,f,f,
129454,f,2026-08-05 22:50:04.476381,fff4507ad4feeadc898049663ff0019ef6a5aeeab2298fcb51151654a537d8aa,f,t,f,f,f,
2892363,t,2026-08-05 14:03:08.354575,bb6c2c4565fea16ac3d229b6397561a2081dd211658348c7e80fdb9f62d3d075,f,f,t,t,t,
2788927,t,2026-08-05 14:01:43.939741,ba901041c81b80371f57a1b84c0126203e0a28347c18ddbc092abd6a7fef1f7f,f,f,f,f,f,
2905230,t,2026-08-05 14:03:29.659344,35ddabae74c4060ad04c779937c2cf5eb52201030a8e3be1f9e06ab241bc6d33,f,f,t,t,t,
2907277,t,2026-08-05 14:03:33.564807,278e5dd3efedfc3fd11a709656aa137d74b6b38c57d23cbffb5b0029b9be6124,f,f,t,t,t,
2910876,t,2026-08-05 14:03:44.969119,1caedab88517cc4d416eea7f4f6b8a724336c1aa7c10a6869c561b067b7ba82e,f,f,t,t,t,
2911323,t,2026-08-05 14:03:46.772789,55e11a39a020a6c2d8b1f88e5fc4c6ed60a3a70f56c2a424ff915c71dcabd6cd,f,t,t,t,t,
2913317,t,2026-08-05 14:04:14.986717,565db2009374d805ee8f3b27a6f6f593a9bf675fb7c1c29650546dee7a64108e,f,t,t,t,t,
2913320,t,2026-08-05 14:04:15.891208,050500b16f8d0f21e5e961cb8ce20c66d2757478af92cce2a52ddd6c23780d70,f,t,t,t,t,
2839817,t,2026-08-05 14:09:57.607222,8b72d9726de1d92bb69f8794ea09c6dc1a918a5afa1195662cf23ea4b865c802,f,f,f,f,f,
2913832,t,2026-08-05 14:10:57.751142,1347fcf16eaf4c4041af4346a9bddcb5ddbb93db15c1e246c06b9368c4de1b54,f,t,t,t,t,
3012422,t,2026-08-05 13:42:03.705075,cd2c22516b7821ee9e86e22d43bdf226efdd0ae2b89864b48bb8767328a3229f,t,f,t,t,t,
125805,f,2026-08-04 00:12:17.167079,46695090ec09c024acafeac439857d6e7bf9022b352ed37392718fc571d392fd,f,f,f,f,f,
127586,f,2026-08-04 00:18:50.784222,40b363728e9e7467c8f2a07866c0be7d8db92d533e7ef702401533724a20e7b4,f,t,f,f,f,
2814180,t,2026-08-05 14:02:59.016191,8c631d1d4bf0d7b9e3bf540f299c45c169bf6d69c6c99e4b6122230d11829849,f,f,f,f,f,
125798,f,2026-08-04 00:11:40.850522,d488217f20f4e436cfb90cc09bd5480256caa847991cd7c0127bc2135d80b465,f,f,f,f,f,
4065554,t,2026-07-30 12:38:44.641711,5136f3cf6428de865e3b101815943fa00fa791eb74c7ca64b5b16cf380ae38e7,t,f,t,t,t,
2776876,t,2026-08-05 13:54:42.722655,3cf20ac5391b6c0e7e0df14e1360dbdd1b0f1c2689ef497324e2454022ca8443,f,f,f,f,f,
3533176,t,2026-07-30 12:38:44.641711,4da3b0a718da94d75ee437ff02b8d72c735c423c86346a00479276af7ab6023d,t,f,t,t,t,
3451070,t,2026-07-30 12:38:44.641711,4b1e2d9ffd9288c542313a63183e8282de69fbeceef33bbab451b1e3bf9d0c69,t,f,t,t,t,
125806,f,2026-08-04 00:12:20.871316,430f0b414879907a613727132babc76b318dc743c35f49d24018aeb5adf57e77,f,t,f,f,f,
3354272,t,2026-07-30 12:38:44.641711,7980ad804f3d2b1dea496aaf43446562e4167e89065d576991568296438edefc,t,f,t,t,t,
3526067,t,2026-07-30 12:38:44.641711,8d30ef5908509133c5958cab6a6013201dc7eb292d3114b57c14f20b45456149,t,f,t,t,t,
2761333,t,2026-08-05 13:45:59.812458,bf9c8ba3491b8e8ce81a70e0150c75696de8980fbb6945a60974625ee314749e,f,f,f,f,f,
2902990,t,2026-07-30 12:38:44.641711,bd146c730aad102f6273670671d0f4f7ccd560d2de6cca7358a2c24bf43823e9,f,t,t,t,t,
130111,f,2026-08-05 22:52:12.864553,e343bcb6e676815520c1cf949022e145a512056ce0433dbbb10a10dcb571d0fc,f,f,f,f,f,
2761340,t,2026-08-05 13:46:00.160093,3da1554d2562fd777d36afcd1711dcfd8ff1578bc6988b5a5f341c78947400a4,f,f,f,f,f,
130344,f,2026-08-05 22:52:36.844034,de542374b08c6c9edb18fb12ddf7f1c60c312ad8c27ae03b8091554dfaf25b3b,f,f,f,f,f,
130895,f,2026-08-05 22:54:21.173144,7fff5a5d5419808f47c5fb196057bbf17a5fcc6ac9cab63f49a09c6f5dd0450b,f,f,f,f,f,
2901065,t,2026-08-05 14:03:21.256519,595fbac7db5b9334d75ecaae70ea28d2ef401993d7f49e3e6f11bc95baf48157,f,t,t,t,t,
130466,f,2026-08-05 22:52:48.197569,15c7af480baee7c1f2318eb675c6158d2cb1a9634831169059ac4d621c988587,f,f,f,f,f,
128788,f,2026-08-05 22:47:46.541,3fa543d25376ad1a92f58f8410d5ee1a9e5cef4b82fda07a4979ddf12eb5b6d1,f,f,f,f,f,
646954,t,2026-08-02 12:09:56.14373,97960e7c5032859fadaf2a37e98fbd43964a38a4cfc14eb90a93ac2c854dcdfa,f,f,f,f,f,
250357,t,2026-08-02 12:01:46.719914,8cce4dd8d7487ba1b00ea37ccddd14a160103a7c4775bb20d2456e4049251290,f,f,f,f,f,
228911,t,2026-08-02 12:01:35.703156,592a15fa504fcf9c5738ed5e855b83ce9adb7fd4533b1afd8e6eb94a9e42bd60,f,f,f,f,f,
1959024,t,2026-08-03 12:02:43.171512,24874f0a6a8135f4b1345227992ab6c9e14f56097e0da632751f497f15194f7a,f,t,f,f,f,
1993692,t,2026-08-03 12:02:51.85196,382cf4c3752d7494859e0c7f97fcab6c48d4de7a6b11a86a59b6728d6019bdc6,f,f,f,f,f,
987582,t,2026-08-02 15:08:14.139179,9248c77250fc1e9e892b449131793b2c1d0b6f1f52dc55d64fa7d7e91ad23270,f,f,f,f,f,
1052565,t,2026-08-02 15:08:19.306076,d1fb3e40acb746014c84b88b656dc3f6a96a32d74b0baaed35b2c8528a14f549,f,t,f,f,f,
1260275,t,2026-08-02 15:08:24.081486,32d05fea6a2b16ad1a131066f47456ad3a280cff79ef8a56cd687a047a7d7b37,f,f,f,f,f,
1936796,t,2026-08-02 15:09:09.676524,96b035b30da08e1e60e90580005c9a562282879043aa2eeb0aaa962aca61556c,f,t,f,f,f,
1799724,t,2026-08-02 15:08:38.833996,c14ad199dba6744b7c6ba9e59b05efe6bb287b954ecac0e2c4883ac43b1f8929,f,f,f,f,f,
2659548,t,2026-08-03 12:13:39.812797,bb439350fc2b4b2738f6d3b5a23b284a194ddc60a40cebc2260e787f7a15bd11,f,f,f,f,f,
1853441,t,2026-08-02 15:08:51.367351,1d43ed78da3a4dc786f1d607cb67c4c69683665fe0c4009e7984b6f4b70dab55,f,t,f,f,f,
1853446,t,2026-08-02 15:08:51.664428,b01f95174f621e2e2f079bd0392c289e65a6a2c1a31356558fe801be0562e26a,f,t,f,f,f,
2569573,t,2026-08-03 12:09:31.237941,6fe13981be6e6f7a587e657f804c5957fcbe43303168c3bbbcda8ff39e79bca6,f,t,f,f,f,
2676467,t,2026-08-03 12:13:52.721423,e66b8aa94d86b89c4ee612be901f679debfe99f0a0f50ee3ce0c0b85374fcd06,f,t,f,f,f,
2734043,t,2026-08-03 15:09:02.505124,79dafcfdb03d888bf8f6ce63afea088a58ff4d0787e572318953c09b77580387,f,f,f,f,f,
2659363,t,2026-08-03 12:13:39.508829,1af0dcb9d347263a32f55758fe3d6e9a241cdce2f8ca8aed2cc235fa45cb099d,f,t,f,f,f,
2549932,t,2026-08-03 12:09:15.328641,ac49e08a820106ff2343f68268952e9e747fb1dd0de906e2778128d38704b7d2,f,f,f,f,f,
2513888,t,2026-08-03 12:09:06.029008,92f337973f50a4a30e3042400f14c620c0b0427c7029c2c7b8fdc35e3c67181f,f,f,f,f,f,
2612292,t,2026-08-03 12:09:52.25179,761faa9ce9d8f894d75cc76c20334515dcb33e49b457849d0384201f009a3d71,f,f,f,f,f,
2901143,t,2026-08-05 14:03:21.562113,2bc376ed5e253c963d78b4f988296545c9695d5542b4bb1f3b35e2c29660a2cf,f,f,t,t,t,
2369002,t,2026-08-03 12:08:28.869193,86cc337a6ec280f01eb2f0494589a36cd2940be7c0057f82ec5b5ecc92136798,f,f,f,f,f,
2364960,t,2026-08-03 12:08:28.563914,0db06704de423fdcf594de09aa6d7d852ea475f9cd389f6f16fe92a3d41798e6,f,f,f,f,f,
2611034,t,2026-08-03 12:09:51.350865,7c4fdc0ff282fb2ef22dde0056046544389d5b280d38c7131f2d2fb54e2076d7,f,f,f,f,f,
2710893,t,2026-08-03 12:22:50.551589,8ff2f9f726e57d2fd214bc09ef8c72a6f1252a8b1714de832df49817a733d56a,f,f,f,f,f,
2714833,t,2026-08-03 15:08:22.278053,9062afb41699f69085ceccc79f449aadb2279b81410b83b62081c0438816aeb4,f,f,f,f,f,
2743258,t,2026-08-03 15:09:24.420112,cb3208ea95b69fea0741b87d97a058dcaedb58070784940462f6138df1c20c6b,f,f,f,f,f,
128804,f,2026-08-05 22:47:46.591951,62bb332e6595567fe4a50cff9ad40e3ce4243ee66ee24b4ab45b4fc7ff6a3168,f,f,f,f,f,
2774724,t,2026-08-05 13:54:27.417177,e8adc66d83e87137ff849f94e721acfb885933e7939f10bb88aa4cc513fb972c,f,t,f,f,f,
2913322,t,2026-08-05 14:04:16.187994,7cbadb88017eb631d891d6e3dc2d5e76cdbf5733619fe254a66c976a39c0e759,f,t,t,t,t,
131264,f,2026-08-05 22:54:54.467174,4a14d81d41bd573a081566f48d038bfa65a7b3e1b447f4962a8b68c6598baa31,f,t,f,f,f,
2782125,t,2026-08-05 13:55:03.138674,a84bb7f2a4ff74cf762ac2b048130a1775a7960a74e6248709dbbf88d1e6f04c,f,f,f,f,f,
2913909,t,2026-08-05 14:11:04.056667,0acdfd62e483cf34d0a424cdf5e4c5a500e6c337b46682e12e18aff2730bf3b8,f,t,t,t,t,
2788935,t,2026-08-05 14:01:44.230461,af5c9b02018e86a121fb87567ce734f26960e78c5a078e7517bbbb8b7ca70e4c,f,f,f,f,f,
127565,f,2026-08-04 00:18:22.701742,82d84ba2494eadbb77ecc196a8824e1665a1c5187597da91339c213c7e72f42a,f,f,f,f,f,
3454469,t,2026-07-30 12:38:44.641711,15c9013b0607b61045d1d07c4db5ef80f74869a3211a7c2e3070c2a00e0d8498,t,f,t,t,t,
3041622,t,2026-07-30 12:38:44.641711,8699ae141f638882d7b63f7ef19f630329c534a862c4ebd6fb97c6bee6a357f6,t,f,t,t,t,
4054504,t,2026-07-30 12:38:44.641711,0e8dba4f438b04709eab605d1f9f11e9f92408c2a64545c28b0891e9c7ab453f,t,f,t,t,t,
2925428,t,2026-07-30 12:38:44.641711,08b51924b201254191058e085ef5bd28a8597bc5985e468cb6404ca6a920edbb,f,t,t,t,t,
3041816,t,2026-07-30 12:38:44.641711,06790188d9d51722e74624a0d3cf7e74c9141b1fb202f32b3609a4fabf9a0313,t,f,t,t,t,
3305330,t,2026-07-30 12:38:44.641711,74e8f20f07851a0892babdd4adae19d957ff6ce83cd6f75dbd42c75ea9156eba,t,f,t,t,t,
3041483,t,2026-07-30 12:38:44.641711,ea02e0478fd0512ae1982632dc7919e8ec7e2d31520c20b4dfbe134cc9f1d45c,t,f,t,t,t,
3486026,t,2026-07-30 12:38:44.641711,3386c7106b393a3bac26784fee9a551f881768cbf3d0451a62639368bbc2b046,t,f,t,t,t,
4010323,t,2026-07-30 12:38:44.641711,dfab16bb11ef61d23f7041cd1fe250fbc5e6569cb759935476894c6ba3e1f6c7,t,f,t,t,t,
4020574,t,2026-07-30 12:38:44.641711,09d41a2cd062bade4bcf71687e5d2386b7a077db13fe231ce0b88abe40aeab82,t,f,t,t,t,
3041179,t,2026-07-30 12:38:44.641711,f0d5e83d9cdaa8a214f9cb8a0ee602f1fdc1c9a5d09a9db4b0dcd1f93bd47a01,t,f,t,t,t,
3038513,t,2026-07-30 12:38:44.641711,24c2402440d73dadc377bd0e876e92f25c02e0da24201769fa1cc1883058d7a8,t,f,t,t,t,
3354487,t,2026-07-30 12:38:44.641711,642022ea7ac108c422c07f3f45f550af67e9f7ced412eeec0a2b21eaa0c3ee01,t,f,t,t,t,
127671,f,2026-08-04 00:19:06.052698,e865e59966602df5fc5643f531212b6e5fd669e24060d104208deb4b6e42cfda,f,f,f,f,f,
134327,t,2026-08-02 11:58:24.00925,2262c810ea6f56d37d5be47ee2b265b13d1224dde324e24868c46cfb3f32dce3,f,t,f,f,f,
132395,f,2026-08-05 22:58:02.876672,08d54758c419be3b0ad60666507d9951a74fbcd44143846ba0dec2fdc65d8e1b,f,f,f,f,f,
135817,t,2026-08-02 11:58:39.172441,56ea0c821a9faa8efd677341acc4d80b900c3763e8f704f9b32c21ed6ab10664,f,t,f,f,f,
2761359,t,2026-08-05 13:46:00.4191,8db6e22b6c6435bbe809bbdb1740fce641f5bf3729f20e69ea6e014dc3a2e9c7,f,f,f,f,f,
129027,f,2026-08-05 22:48:31.816522,faa6876b2348da2ba76dc92400abb1913c84b1e203e1f3729d0a72914ae29cb2,f,f,f,f,f,
2891819,t,2026-08-05 13:56:55.217262,c5c189417e711a0ac7afec93ea94e4442c9e618ce68a6eaeeaa6b57b1901ec62,f,f,t,t,t,
2774680,t,2026-08-05 13:54:22.035867,9d160f37359e47cb46f16fb998d8829a80a01cde07a2beadd9b8f6eca762f331,f,t,f,f,f,
136088,t,2026-08-02 11:58:44.74886,85db0fa7cac098e9707ba45d4b606d1a6c52b0d4b24f71d4a8aeab4d96266278,f,t,f,f,f,
620477,t,2026-08-02 12:09:32.165414,121cb51bf069f294044d824c8a2c43871273f62056e266ea5c0db9ce1102d8e9,f,f,f,f,f,
251738,t,2026-08-02 12:01:56.384091,b0c44dad21c84fc5e744937da79db9e1436cf9502d84bdabb81abed74b8f8ac8,f,f,f,f,f,
626427,t,2026-08-02 12:09:42.623671,59850de6fe48fdf4ec855fabfda715e785da18b1efce32f5caec42dbd256f48f,f,f,f,f,f,
2901276,t,2026-08-05 14:03:22.165489,8f3363e5f069058c4e953014cedfdb8282218a8e7943fa26eff8a71da9a41087,f,f,t,t,t,
137321,t,2026-08-02 11:59:57.276625,9b33097000879a3a563e95a7371c03319c7ddecc100767a87ed12ee73542fd16,f,t,f,f,f,
134314,t,2026-08-02 11:59:41.873265,ffafe67da0973fb0d2f6db6b37abebffa2b88e504093367f0a190207ccf7652b,f,f,f,f,f,
250344,t,2026-08-02 12:01:45.857975,2883bc72efa57c8ebe78b01ef48fbba9eff7a0e5ad10d00bc1c9a26534146e02,f,f,f,f,f,
402689,t,2026-08-02 12:09:01.84422,2fa8113a2f62085e0a0b1c9d140af85d2584b2302796f99740a88d42335fe787,f,t,f,f,f,
620411,t,2026-08-02 12:09:31.868554,d794abf48c2d8c74e857096e971ecadcfa1494bfd051c0c1ae9da89ed9c29c87,f,f,f,f,f,
626407,t,2026-08-02 12:09:42.364912,8c6da126e7520a225774a6a67c51c2d672e9e28287a5ec0af5b37a445a677178,f,f,f,f,f,
2501140,t,2026-08-03 12:05:48.278483,85f65a35649cdb4c15d8384025dc4f997a43dc7dbe7d89a3240ac44a04d4f586,f,t,f,f,f,
1370454,t,2026-08-02 15:08:28.597231,de535629af96c2a2cf7151e213433475048ad57120775813fbc9f73563f0c15d,f,f,f,f,f,
1932003,t,2026-08-02 15:09:08.167732,a1c03bb1e1584e752287fd3048159694b9b4c374cb23c2243c9c09db5374835c,f,f,f,f,f,
2513872,t,2026-08-03 12:05:51.580357,018f4c93466f163ed4df31ea85d10a5281399c18f1617cb39a729979a7128dc4,f,t,f,f,f,
2702243,t,2026-08-03 12:15:37.227944,6c362e9909506efb1042c7241c1170bd761304a3bc4c6b15f9495f0f2ddcb64a,f,t,f,f,f,
2629590,t,2026-08-03 12:13:29.602714,1fce1d14cde15aa135c79c11647a3c39e4d7e942ac18b01ed3a63811d457709e,f,f,f,f,f,
2495286,t,2026-08-03 12:09:03.032002,2cef971b1e6a49cf4fa9ad1773780a69ea97016bad3fe1405ea8d5b2f65a5a87,f,f,f,f,f,
2489789,t,2026-08-03 12:09:01.735821,93579f9ce5de6061c00fcf079cc77558980f0244948bdfd13bf608416febf369,f,f,f,f,f,
2710946,t,2026-08-03 12:22:53.255326,f954946130e33f3f6bfdcac4243046c96bda1ec072903c521b44a00db9ef6d48,f,f,f,f,f,
2713187,t,2026-08-03 15:08:07.776834,93e98080c08255c9e571bc09b94032311b9e778f00ce62c9112533d109c9d92e,f,f,f,f,f,
2782135,t,2026-08-05 13:55:04.038191,417e2c2465271f2f939d6b8c3ffd7dd3d9ab8b66ae13b6136f43a0d503e9c3cb,f,f,f,f,f,
2892351,t,2026-08-05 14:03:07.745103,b53696a4fc65684bc1e62961c52705d7ebd2efd2e431f264fa13050c38bdc67c,f,f,t,t,t,
129468,f,2026-08-05 22:50:09.554655,76dc9f3d471e480e2441f749c7694f3f7907d9eb48394f8b382eb02ffaf2e3ad,f,f,f,f,f,
2824083,t,2026-08-05 14:09:48.28963,8aa3ae7e6fc46e38b946cc153ebefc40d876283b311e982ae8a865aeba6370f1,f,t,f,f,f,
2913288,t,2026-08-05 14:04:08.085242,7fe3c13d895747ab8a50ef932cf53e3bc994923a2dcf24e33cab93f63ad1da20,f,t,t,t,t,
2837253,t,2026-08-05 14:09:51.002103,d8cc5df40e5f55c3739e6fff56af1bef07f8dcd0c6cd8e79260196394251dea7,f,f,f,f,f,
2892069,t,2026-08-05 13:57:00.319921,1592c838deb2da200500071ef5784b23ff2de74629d0b6ef187a1945666c249b,f,f,t,t,t,
2913295,t,2026-08-05 14:04:10.190715,7c1a2396461004ff56cda22ad5a6192f61c8aeb045c476046bdd0ce3d51d0b2d,f,t,t,t,t,
2913316,t,2026-08-05 14:04:14.686201,66204ce5b9ad93f21844a29154a8613def812d8210278a71d9f89b9de24181ee,f,t,t,t,t,
2855262,t,2026-08-05 14:10:04.232297,80276679436328175b7c93bab74342de0634ce6b47e74f9f204b45aef99b5ebe,f,f,f,f,f,
126714,f,2026-08-04 00:13:37.971579,137e06a8576a4970f75d023b03a56758b8a2e58150d6601dd66bc1833b8ea66e,f,f,f,f,f,
135821,t,2026-08-02 11:58:39.503214,3da7a5d90063740d68e5788ea199e5276ad9041146a70c637411cc947b77092f,f,t,f,f,f,
3438564,t,2026-07-30 12:38:44.641711,86635fa7728040f674173b2148bcb24ad1925713cfb41aacfe49157f748b748e,f,t,t,t,t,
127284,f,2026-08-04 00:16:21.227082,c5b599527e4246cba71768b684b21b4ec31dfa82f704b87c73cae5bfbd19d918,f,f,f,f,f,
2761378,t,2026-08-05 13:46:00.756078,5c85ccf5487c048a1f2d259ea672e1ed554d7342a39752ee22dc38e3e6ac69e1,f,f,f,f,f,
2761393,t,2026-08-05 13:46:01.057898,83d2ab877c823d16a3b8a023383dbeb00ae1bde68f2b6ca25b063b0c7e1e7bc7,f,f,f,f,f,
129001,f,2026-08-05 22:48:13.932626,d772df6ff27a2138ec98097a424f3e0ec037dd43cde0fa72f61a348e4f456770,f,f,f,f,f,
2809897,t,2026-08-05 14:02:56.295242,87a9771b3ce9806b7800db06a41aae95cf0dba8fcbe989fdec45ee0ecae5dbfa,f,t,f,f,f,
3041720,t,2026-07-30 12:38:44.641711,145c701d0604f87d43208a3e3d6bc55fefab422afd3037a9ed5fa88be4f04d1e,t,f,t,t,t,
3041652,t,2026-07-30 12:38:44.641711,1a78115daca46e804cfe9962882d592081bd1409fb4d251d58f3598d1dca7237,t,f,t,t,t,
2901372,t,2026-07-30 12:38:44.641711,5890b3e68e66c7262335f3db9df62f9a2712c5d5aa534f3777f2a207c4e12e17,f,t,t,t,t,
2929178,t,2026-07-30 12:38:44.641711,3bb59000565681cd0598a76f5c6df17fe6aef8e3d7939a67ca56ebd85ea00c01,f,t,t,t,t,
2905574,t,2026-07-30 12:38:44.641711,f94804c5b68d0d0780600363d52c239a20f01c48b6399eec2af5218b606c87a3,f,t,t,t,t,
2774493,t,2026-08-05 13:54:08.511119,2f70b11f519be5379873ce3447459283b909a34fc5104ffb9bf6822a1a8d3987,f,f,f,f,f,
4059119,t,2026-07-30 12:38:44.641711,b9847de72e532b5e0da39ab2a654b8fd321c847af1830c80624bbbe52d0af95b,t,f,t,t,t,
2812084,t,2026-08-05 14:02:57.836177,c02c90cef2d22fcd5a19e8f3a916560a7e3e36f8398f2ed10e13c4cb7ed0b0e5,f,t,f,f,f,
3089107,t,2026-07-30 12:38:44.641711,48ad24471cbc9f26bc12773076fd1ae15fdb15e5df8fa5cd6f062209e04170f0,t,f,t,t,t,
2905623,t,2026-07-30 12:38:44.641711,ec0cfa28ffa888839ca3f2aae4332d5f7068a7080bac14f36e966086823e55e3,f,t,t,t,t,
2037447,t,2026-08-03 12:03:01.115225,2ef27c2523ce3badb4b404a52858f0c2a9e2c44ba0c1f26bd3d68a42a86de690,f,t,f,f,f,
125680,f,2026-08-03 00:09:12.367159,9fc4fa9f4a9c4ac359b0ead12342a05263e9f52201b64f25fb43b688b327e99f,f,f,f,f,f,
2892193,t,2026-08-05 13:57:02.427204,558f3f6f695d4c0e4eb2d3ac72c6bb709d1ffbfa814bd989a4d7244964b9c0fe,f,f,t,t,t,
138361,t,2026-08-02 12:00:11.477739,7f8627d7acde92a108439b2e86f324216d75e108e9281706e325f154b7f1b3cf,f,f,f,f,f,
142811,t,2026-08-02 12:01:26.716453,e9ffe802a617a09479a1c5852deafa6de38c76fb4fe1c010d3580ad755d22528,f,f,f,f,f,
143136,t,2026-08-02 12:01:34.210485,3f5cb5377498296e385516a397dce25330f5751ce4f1765d54cb41a9a54f25c3,f,f,f,f,f,
620968,t,2026-08-02 12:09:33.358728,5e9535f84ab3912defd702a70ba1b41d266785b72b7f1c4f8b9968bf48f7193c,f,t,f,f,f,
134060,t,2026-08-02 11:58:06.909637,e38e2b851931b63e45498606e08d062766d6f1b2bda7aa4f74ab7436eb60d8e5,f,t,f,f,f,
134553,t,2026-08-02 11:58:30.82467,76fed762b7455065af9732ed34b619534486b63fb5a5a32a5beacb0ed602a1cb,f,t,f,f,f,
136627,t,2026-08-02 11:59:55.708993,6ff760fb14db52625249a67f969bc3c9e0990f7ef63e3ae8ff8fbfe4d1a940e7,f,t,f,f,f,
137809,t,2026-08-02 11:59:58.564396,451f69956902329176a30f8c8f997859924a0a8d715803f829ad668c9eb2a5a6,f,f,f,f,f,
816272,t,2026-08-02 12:10:19.844978,07440b912a3a664e851391314d4e27c3ed90bf92c647e3e59daf2443fe0bc0b7,f,t,f,f,f,
620493,t,2026-08-02 12:09:32.469199,e0340c850f10c3b754e6dddfc4403135a4e486dc5d31eeedca8fe460c468167c,f,f,f,f,f,
620771,t,2026-08-02 12:09:33.061282,806eb4bbf3d0a91fbb282d0fcc79f9d96eb78c3e01e09359cd23f2d23a933441,f,f,f,f,f,
620529,t,2026-08-02 12:09:32.761178,5866c9dfae2eceb9489cb6ceceecc29768789c6cbac78c07a47aede3d48998e0,f,t,f,f,f,
2697923,t,2026-08-03 12:15:30.619797,de2b82efa5f903157b3896555137c773de45fce632acbdd07137f3a4e4bd0fff,f,t,f,f,f,
1135017,t,2026-08-02 15:08:22.341948,f30d56183bdd60544481689f11fb5db8a9c6840a66bf8e0bd947f0065609080a,f,f,f,f,f,
1828975,t,2026-08-02 15:08:42.948693,a9e0d3bfc70a1327aac18a7bb65df52fa0b7f7add7c7bdbd3c1174b79e4d6519,f,t,f,f,f,
1853803,t,2026-08-02 15:08:51.964949,8e04716a2a3f545a57c3c5ef408cc46d4ac5f7ae8629d810cd0badb57777bad5,f,t,f,f,f,
1936779,t,2026-08-02 15:09:09.386707,36cf0596e526a177b9c72984ff8e0b881d62aec1e985e176edc68434d2aeb945,f,f,f,f,f,
2710907,t,2026-08-03 12:22:51.756316,3f4baf18da8dcb16f6b3c8a1c7305287633ed0ed3cce6cf11e18c1460278d55e,f,f,f,f,f,
2607515,t,2026-08-03 12:09:46.849586,3235f7149b8ee2902c69c7c77fdab4842d007a707a24a7ad066ed1b71324e67e,f,f,f,f,f,
2714645,t,2026-08-03 15:08:16.870913,285bc486e7c1fc5e37c2ca18b247c6c5760bf10a710b564e19d8a626af36726f,f,f,f,f,f,
2708691,t,2026-08-03 12:22:38.846948,bdc02cce7a62ec0e7039869ef99c09a8b06a46f7b03fed965351a56b6be11724,f,f,f,f,f,
2715992,t,2026-08-03 15:08:31.589377,5592849808456996bddab96991e5f795f2cf6b6ab0a1217df4687791d44fa9ac,f,f,f,f,f,
2710923,t,2026-08-03 12:22:52.656041,31f5aea28be260fece0f308b77a9e2c36ad82deaf075fa1c26e06ad103883b7e,f,f,f,f,f,
2710914,t,2026-08-03 12:22:52.058629,e7c1b035623a0bbc0b58551f199efdb3503a1cba2f188f4262242f79ea04ec67,f,f,f,f,f,
2715993,t,2026-08-03 15:08:31.888115,867eccb48b2767799a401107ac6f610ab3dc8d5dd9a01d2afbc9b6805464d597,f,f,f,f,f,
2905467,t,2026-08-05 14:03:30.26164,03464f93a65fb09c8f0433423e9d364dfc6e9c6c80076f05681aeaa860e4f55d,f,t,t,t,t,
2791156,t,2026-08-05 14:02:05.591935,4e1a1c85b04eb370aea062362a45364ca14b2bb81233830fac91d269af9a8e28,f,f,f,f,f,
2905555,t,2026-08-05 14:03:31.162296,74772991d9540a02bc5db9fe65dca2daf949589bc90d1fc0187d3b77b6008d38,f,f,t,t,t,
2905643,t,2026-08-05 14:03:31.463272,8199c17b2bc96c990cca7f48cc5ff42aadf020b94baed17ba621c97132aa0581,f,f,t,t,t,
2907773,t,2026-08-05 14:03:35.967987,89f9f3b830a57c48d2b8c6df02fb0d61cb841254df70232b36cc118c691a17e5,f,f,t,t,t,
2910942,t,2026-08-05 14:03:45.275627,5f14b2fe4b794a7d286e626697a760ee7da97e7f1d12bab48edfd4db747773d3,f,f,t,t,t,
2913290,t,2026-08-05 14:04:08.68022,6b1150ed23fe9402750074e20c6cbd4fe605910937953a5acdf67105a90adc7f,f,t,t,t,t,
2839860,t,2026-08-05 14:09:57.953026,dc2d12a0eac94f52613063cd352b0204d6e6991d3b550c50a5ddedd6e77cc427,f,f,f,f,f,
2913408,t,2026-08-05 14:04:21.353274,b42aad08c93a2cfbaf48045fb10b493f550c7646382c5f7b1f1cd26c9d4795e1,f,f,t,t,t,
2913833,t,2026-08-05 14:10:58.056049,300e18a486faa9995257e4ac61430c679ddadea68bf9e7934db7a14629bd5710,f,t,t,t,t,
630986,t,2026-08-02 12:09:52.53074,b68b99a37152a97d81fb899dafa8566f7d6cd0b40bc2fbb88de460692ed58434,f,t,f,f,f,
2905294,t,2026-07-30 12:38:44.641711,d57d232ab2f4addf74aec027f527b59134f47e8e33fe8a5f5220ff2b238b4d8e,f,t,t,t,t,
4024921,t,2026-07-30 12:38:44.641711,8749be2b2cd5bb85d63752122501a8d3595b45841190b819cce5390dbd5ae860,t,f,t,t,t,
4062234,t,2026-07-30 12:38:44.641711,3274ebd050c92ce3291233f5d02b765fb1c0e5132d9dc8f9747f207abf26f786,t,f,t,t,t,
4024913,t,2026-07-30 12:38:44.641711,60a369c50fc886894c701f70b9e1caae1561692cd190dbf9795ed7a073156a5f,t,f,t,t,t,
2994116,t,2026-07-30 12:38:44.641711,494ef7f6a25a0796d18f6b6ebf692335d3ab6d3338b83bae68109a9f8589c5e2,t,f,t,t,t,
3534460,t,2026-07-30 12:38:44.641711,65cce71b6028d3c5da0645f61402193c0edae4e415954f8f3a88aca72e396491,t,f,t,t,t,
126649,f,2026-08-04 00:13:04.371014,9d2acbadf5ae05b96b40446e9fc9fc7f9eb328cdb4005b5945343e27ad89a1d1,f,f,f,f,f,
2776834,t,2026-08-05 13:54:38.22233,521c30a995b828438e74bad239e81fcdc87669b4e39b11e7849ce94ae02009c8,f,f,f,f,f,
127413,f,2026-08-04 00:17:16.634067,e13f342ea94b497db2798f0e5283fb72bb1a3fc8908c5dfa3ef304dbcb4a9dd3,f,t,f,f,f,
2714727,t,2026-08-03 15:08:19.577936,07dcb43c946499793cac3d98d2cbb2c671acba686773f610394ccef423971780,f,f,f,f,f,
4024908,t,2026-07-30 12:38:44.641711,ac2b2784245434259542ae9701378f8f0d43125cf39db72d67feed61caf7efd0,t,f,t,t,t,
127739,f,2026-08-04 00:19:42.764428,0f3263428dd7663b192f84c3635a32013b639d52bdf5a77aa8bea925d6d9f73f,f,f,f,f,f,
3072007,t,2026-07-30 12:38:44.641711,14ef294e7fed9f981a2cadc5eda61342aad2400fa823ddb777929099e94ceda9,t,f,t,t,t,
2994101,t,2026-08-05 13:42:03.705075,0dd4423957372cadb1e3ac8f87c298755ce3239042bc425fdb9c2a51a6b03368,t,f,t,t,t,
2761397,t,2026-08-05 13:46:01.365077,329f3a1c292c0d9eb0946d9b99c2516019e6d2ca3ccbe7cb34a77b3416c3e6e0,f,f,f,f,f,
129560,f,2026-08-05 22:50:13.909188,5f4cbbf6eaf6af03974b58fff4586e6a59ce0132aabb687bd1c0755074e2f3e6,f,f,f,f,f,
2782493,t,2026-08-05 13:55:08.236685,058f0b0a7468977b36842ed5c9e9feaac3a00a58c2501da0afae1e802beb90c8,f,f,f,f,f,
1853412,t,2026-08-02 15:08:50.462961,9418ea9d50316d3ea0d29fb07ca741e237ce094003935f636ec06306f8e73fb6,f,t,f,f,f,
687616,t,2026-08-02 12:10:02.436147,9a746017116f300e21ac7a636cf5178f17d088fe2418a11094406a4b25f430cd,f,t,f,f,f,
2807243,t,2026-08-05 14:02:52.707282,3b482f77e5499a2880d69b34df3612655377e1085c145b784ce17117a94e7110,f,t,f,f,f,
130670,f,2026-08-05 22:53:27.374763,87ef48a4b16d6b0c9482068f8189f16772dd9d62377b7b9cf90f06e56ce53771,f,f,f,f,f,
2809362,t,2026-08-05 14:02:55.974418,8f8f52e7226e4966d1569cd2e23202d1b5994b7cb4c089dd4e18e2bf849b7825,f,t,f,f,f,
134033,t,2026-08-02 11:57:59.911631,5cc333d5cff623305b980a72d0b3012e1225731ea6c3129743e98c38746ddb10,f,f,f,f,f,
134395,t,2026-08-02 11:58:28.020403,1b86e61885e641e48b4610479b98d3d7944ba40d87d7fb1897204e8fcc3d8757,f,t,f,f,f,
134470,t,2026-08-02 11:59:43.839315,b520f5b50ee739297cb003e0a7234d6b4ab0edf3ccdee6f7f12312dbfc69eeae,f,f,f,f,f,
2753009,t,2026-08-05 13:45:18.686697,2b097da1fa8185d65f6f9bbfef815c600f957af9a512c26edfe9cbec20b8d604,f,f,f,f,f,
791717,t,2026-08-02 12:10:36.529993,89188f6075f38714b5155e545765d3cf5a2e168497c5f7d26e5c8cabadab0474,f,f,f,f,f,
789377,t,2026-08-02 12:10:35.326556,ee1f50077505669c836ec2afaf697a893a067c3bc7bb9ee0a7e5a8226519ded0,f,f,f,f,f,
125717,f,2026-08-04 00:07:18.914679,5a0c7e468a4cbe43c8abd2eec0e13a36b4d95b22941d2797e9eb31f8b32cbe07,f,f,f,f,f,
2609150,t,2026-08-03 12:09:47.748138,69856c6a2e7b64726cdee740c1ec1a59aba97ef99cb9b2d51d59d941e6727d53,f,f,f,f,f,
125641,f,2026-08-03 00:07:23.793373,b11ab04f41a67d11c1b0e948221084a16db9177238f2c444fc74781ecef419ca,f,f,f,f,f,
2702522,t,2026-08-03 12:17:04.40331,0b941e5dcc3839870f5910810bd1994a593123698b19afd0fa0843a9bc9adab9,f,f,f,f,f,
2628972,t,2026-08-03 12:13:28.115448,da741364ad5f435502f4d5eb73c481d494472e69f20ce23fe91521ab3cfb57c4,f,f,f,f,f,
2361009,t,2026-08-03 12:08:26.167333,ae5e763f176a31692098cc93e98e2ff26c123f523d85cf00431b9688ed5bccae,f,t,f,f,f,
2608621,t,2026-08-03 12:09:47.146832,7a3e3d137058a62453fe2c72d4f86d14c4a770ad0e4407a8b814d086b439aa1e,f,f,f,f,f,
2666750,t,2026-08-03 12:16:28.687235,5964b3817722c1ca12f242c8d786ea8ef3269fca150aa36a4138079b15f1b199,f,f,f,f,f,
2753116,t,2026-08-05 13:45:19.598038,bd1b27075be92374a9865365ad2b2be5c4b7db2a6550a2efb8658c7514d61da2,f,f,f,f,f,
2715749,t,2026-08-03 15:08:29.78618,3337df878397fecbd2bb4d4d86d841aa0ae91d2d3c531523bae96e8f00d8a283,f,f,f,f,f,
2715936,t,2026-08-03 15:08:30.694131,0a7371511c756e52c8b4d67eeae52312460e9e91774b0d9a53a3ff41e820c9c1,f,f,f,f,f,
2715985,t,2026-08-03 15:08:30.986884,35264a0f3baea49a730c384ccf22b763efd01b10b20ed9b98d3d7ba66c851a2e,f,f,f,f,f,
2753150,t,2026-08-05 13:45:20.795933,bf93ed8355ba81c67708125e556d0c6939c383619b854a0f4d9f71978f2cb069,f,f,f,f,f,
2761428,t,2026-08-05 13:46:01.95357,3efea0baf051e0d3293833ae2aac49c01c94061044babf8280bf29fef79281b9,f,f,f,f,f,
2761559,t,2026-08-05 13:46:02.252354,e6ff461bd30a0594c2f47ab62d9de1b36fee1f8afa091c715e51843b4d68ae28,f,f,f,f,f,
2763527,t,2026-08-05 13:46:23.218909,7d11159412a5ce5363ac5009501fe9a12c46cc2456bd6c40da95f527044afb06,f,f,f,f,f,
2877949,t,2026-08-05 13:56:50.721437,a14cac80a561d7269cf77909adacf233590c053e133e286850d8ec5768c6c376,f,f,t,t,t,
2819992,t,2026-08-05 14:03:02.882064,e1d0a516f8fcf06b440a943320b2eff3d4a937e6cd0a72faa1ae238dc3851892,f,f,f,f,f,
2892150,t,2026-08-05 13:57:01.81943,506f5aac1715ae2a657024d4851f05707958ceb9d0a154b6eb2862f7e65a64ca,f,f,t,t,t,
2907234,t,2026-08-05 14:03:32.96397,d168e705d932070076fa76b205512c94ea6f3d384753430926ba53938e5e4367,f,f,t,t,t,
2913315,t,2026-08-05 14:04:14.39467,38765a7d19cebcab4ac67c5d171a68de27e5622cd9466191f5fa7264f9171812,f,t,t,t,t,
2913318,t,2026-08-05 14:04:15.287724,f6db567561c3fabb8d185eee916b46d88ce5f4d10bfdb988026299972e591cf3,f,t,t,t,t,
2913323,t,2026-08-05 14:04:16.488409,986214f7932d3dc8d595da2ed39e26eafe665a42734a2fdc50cef57ac844d763,f,t,t,t,t,
2913764,t,2026-08-05 14:10:51.748667,ce34b90a479146cd8bf3787a492776154815793786e58357ab4f078b12098a8b,f,t,t,t,t,
2913767,t,2026-08-05 14:10:52.054576,4df7d433b5592a818f754a1fb78ce2f1cff70de4a55dfe6666b43fda0afac196,f,t,t,t,t,
2913780,t,2026-08-05 14:10:52.954725,f578476b860931ee832c11149d6f69b881eb899672d71ed3c5a877effcfe3838,f,t,t,t,t,
127732,f,2026-08-04 00:19:27.295189,e028453aa6bf631b93174525254086670effd4cd6fe37902e972aea360cf8f3f,f,f,f,f,f,
128963,f,2026-08-05 22:48:02.501565,3d3f1ef2a73fbc2c606528fe2ad2a303c8ebab6e554dbee07deb22112d24b249,f,f,f,f,f,
2717286,t,2026-08-03 15:08:37.886254,14ef7ef5d2fdcd9094abb3200397a67d45d5070b618ea1b20e8dc5ccd61698bb,f,f,f,f,f,
125799,f,2026-08-04 00:11:33.960084,4648374b73c3f392a0c5148762a48601d8ee56b5051177ad48c988b71605b8cb,f,f,f,f,f,
126639,f,2026-08-04 00:13:15.707238,9d5512c859f9f288075eca30a6f212719bc2dc04e4ea3bc353767381d6c03d89,f,f,f,f,f,
2746584,t,2026-08-03 15:09:33.42017,25ae4f29f55d06fea1e7835acad2cdea28f7cd3e4def347aa679b098b5414405,f,f,f,f,f,
127381,f,2026-08-04 00:16:53.784929,06c431c25316209ba89b67108e54360e044ed99ec3af9ef573945ea289e06c69,f,f,f,f,f,
4010305,t,2026-07-30 12:38:44.641711,c8c95c6bd4733a6839d2fa4fe936a4837c8edc50f8e6504016540a855299d6fe,t,f,t,t,t,
2785603,t,2026-08-05 13:55:31.356657,953a7e25a242392f49edf7fc0b54c49b4828268fb6bf3d1c757b39d2ed80df43,f,t,f,f,f,
127505,f,2026-08-04 00:17:50.396132,3418acdc26d6b3ffe27235d2928c956df5f98e092ce2059091031745fb682ce0,f,f,f,f,f,
127733,f,2026-08-04 00:19:42.134726,5d52739b76f535192652eefd3c9a1d32d83c0bf4d5d7bd8650759211f7891924,f,f,f,f,f,
4070900,t,2026-07-30 12:38:44.641711,42c8312bf5660bc3d150390cd4420cbbfb803e1288a803e84aa1e664e7387b25,t,f,t,t,t,
127872,f,2026-08-04 00:20:38.573303,7b0ce014f9a1511e91fcf3b8ab746c7a59b1eefd8efc573abdd5725f40ca34e8,f,f,f,f,f,
2685548,f,2026-07-21 22:34:58.235217,e873f42f90eb1e773f0146dccc08c3d9d5dee4bfe48dfbee6a2cc67b20848050,f,t,f,f,f,
130677,f,2026-08-05 22:54:21.518448,13d2e25b5092724e92ea50cb41199ca23c5901d4d048da3cd8b79e3713a9a646,f,f,f,f,f,
128633,f,2026-08-05 22:46:40.29373,263e22c0fe1b0e984b92e0a8e6bee9eb19271dd1313394e7832811ae6adc7de6,f,f,f,f,f,
2811522,t,2026-08-05 14:02:57.482807,7e78c28c903a6de2f0e0ea0a5e1ede188ec3e010be9cc02b7039e175575f9c65,f,f,f,f,f,
2776835,t,2026-08-05 13:54:38.52168,2cdfd919dd708319966d96c73c2798466165a13da87b5b5a419b8557fa908e09,f,f,f,f,f,
625997,t,2026-08-02 12:09:39.629947,5e563f4382fb0dfee4f1582867d4850b05d9b9ae0290990b2f4a59c264f9e476,f,t,f,f,f,
2761671,t,2026-08-05 13:46:03.156143,761eb81174d0c4e3d46601bb8607653f3175bccbbad39cec855cba2593968797,f,f,f,f,f,
128747,f,2026-08-05 22:46:52.619163,dc98fa47ee75bda2d6ad1ed896b1cbfc9ec61e2923479059f6e8574909d871ef,f,t,f,f,f,
2752719,t,2026-08-05 13:45:16.888802,5e54f75ef5f9a9e5aa4ffe284eb5a1758c38fb9a39591016690f858c6452d6ff,f,f,f,f,f,
2925262,t,2026-08-05 14:11:19.380046,b1bda78bd6ac545bb0db7ac90e7780d0e6f0a8eb5a2cbfc1216abc6a2ac6b213,f,f,t,t,t,
2785608,t,2026-08-05 13:55:31.958758,2a78b9e2c15713df1debc601ceadff52ffe665c0610ea897d8f3d21f5afe3ad5,f,t,f,f,f,
398122,t,2026-08-02 12:09:00.636667,4e37deb52b1279c708f84e2fe8a9f1629bb0ec10244c6ce9c4c920c3e2b29701,f,t,f,f,f,
229925,t,2026-08-02 12:01:36.860657,db01ed73e56d09c39b38473c3a45609ce7dbb9fd9206953cfbfe5166c0449f04,f,f,f,f,f,
132764,f,2026-08-05 22:59:35.610351,8096051a273b28671468f493c68757784fe8c5cbd546c7e1bfd5075e9187c5e2,f,f,f,f,f,
132763,f,2026-08-05 22:59:40.184374,0137b363e89119a1079cb917c7956088c6f231ab8ea369be180d0c468e9543c0,f,f,f,f,f,
2789629,t,2026-08-05 14:01:52.931153,e6b0f08bbd61d512fc3d767acdf7014581299eb82e4624f8c52fa2bca6d556f3,f,f,f,f,f,
579020,t,2026-08-02 12:09:21.050727,21e36e04580b0f50ffd306ba95e793d23aca955d5d2a06ab0430edd71723a62f,f,t,f,f,f,
626039,t,2026-08-02 12:09:39.919236,756e0a35395f1dfa8398b11fa3b8546d8d9e95548b2151965f5d743589c302b0,f,f,f,f,f,
1993698,t,2026-08-03 12:02:52.107569,d2b17f7cc0de8d28a2b2b3b6c6fdedab18cb7f9cb603d2bdfa765453a432ded4,f,f,f,f,f,
801593,t,2026-08-02 12:10:39.823471,016269c78a8541a9e09bd0129f27d940123fe1ab929541afe4f8cff2d57604a6,f,f,f,f,f,
1063406,t,2026-08-02 15:08:20.134787,6e5e0feb3a5b337c0d42e88a2a476686d7b3dadc51f57bb336874f8599a1199a,f,f,f,f,f,
1853416,t,2026-08-02 15:08:50.756305,88f2e26c14f9bb0a7c2f73e4fb58b1ac2d3d1219b7c144772711ca761a7b9e1b,f,t,f,f,f,
1945438,t,2026-08-02 15:09:11.174508,ecd8dd2573e4898d7982b32ce1509f56f337b5f1d6e480f38ad43c90b7919311,f,f,f,f,f,
1853434,t,2026-08-02 15:08:51.06665,d07d4c6d8940b0a32b4f270868e14d56e8eb77918c765e6e77546022edfd3d4f,f,t,f,f,f,
1955964,t,2026-08-02 15:09:15.369435,cd5b7d88fe8d753209c6715dba864adbfe54accce1360da13f5dd478e64d7a05,f,f,f,f,f,
125690,f,2026-08-04 00:05:45.136624,e55610f0ab092f8c775fbc3e7b272644af455640f60f55c02b9fc1e25498ba96,f,f,f,f,f,
2655965,t,2026-08-03 12:13:38.617935,bc716ca28df65d18243c7b01ee216bbe0125bf647dd2990d531a1c8b4f0c802d,f,t,f,f,f,
2465460,t,2026-08-03 12:08:42.970678,e9789e7b582da9271194bc6608d554ed912c5e666ffa06bb32004937af9b6dec,f,f,f,f,f,
2752768,t,2026-08-05 13:45:17.487628,996708ec530da0504a0a71adeebd0ebc909d69aacef3338567290f281b740602,f,f,f,f,f,
2715403,t,2026-08-03 15:08:29.18968,461fa0968a4efae3d6a28b32381828cd32d96c4f9dced147e81861f346a57865,f,f,f,f,f,
2727187,t,2026-08-03 15:08:48.09396,d9afdaa0531b69d99447fe349c319cd8af20599654e61ff25da21931517d59c5,f,f,f,f,f,
2727220,t,2026-08-03 15:08:48.701223,1f787d1a69f3f1e374af5effa295ebdf3b4fed318e73e4cba0825796f5b4e54e,f,f,f,f,f,
128295,f,2026-08-05 22:45:34.275289,1910f16aa30bee99483cda0ad0110f37ff00390381d647a4903e1828abb2c895,f,f,f,f,f,
2761743,t,2026-08-05 13:46:04.019132,af6d48dee6aa9e22165f1fc2c4559a126e719e9fa896bde1abd042097944e30f,f,f,f,f,f,
2761775,t,2026-08-05 13:46:05.559742,b326eac4e61c9acaba4ed185bf23df1c29693081fe88d07e157f08eabdde91a1,f,f,f,f,f,
2715405,t,2026-08-03 15:08:29.503465,2cf9abf55f3de099944182b6eefa3e70a2b707045e92ce9abf36c59a0786ff03,f,f,f,f,f,
2722479,t,2026-08-03 15:08:44.792699,8622ae9606969a56a5f27ae5dded5a8ab664c7e1daee5d542277d1777c3042cd,f,t,f,f,f,
128962,f,2026-08-05 22:47:48.430975,863e8e1da778c0776a4ed4f29e55224638ab7617a35609ea67f2f70861f7b379,f,f,f,f,f,
125778,f,2026-08-04 00:10:23.108536,e6b2b375765d4af3e647b6a1bca04445536517716448a68e827f90966c2bdab0,f,f,f,f,f,
130324,f,2026-08-05 22:52:31.973034,40667d1088be03edb555b0c4a96d5f4f29e7ddc40aaf8baaf19b4e70eedeb76b,f,f,f,f,f,
130454,f,2026-08-05 22:52:47.698898,22121db7d19606850b20b92a80f719ce149e7d0ac8671a818e8b9706c0d7b632,f,f,f,f,f,
2891293,t,2026-08-05 13:56:51.917842,c015b4dc4b79be0ad9c7f331bd7f7d2e31b62396477aad948a285d2104998533,f,f,t,t,t,
2925289,t,2026-08-02 07:49:53.028378,6cb8a8e2f1e96d90fd041cfb4ab02594429b6c0007009688922ffbda67dd5459,f,t,t,t,t,
125797,f,2026-08-04 00:11:42.477355,4638d7814744a74ca44f4ee5fa7131abdf269e45c2702875d9eb4187343b9ef3,f,f,f,f,f,
2792241,t,2026-08-05 14:02:13.106061,420e09b1efda8a210cdf843f988be1ad92a93fc283eee3764a97ce3ca9e2b2c4,f,f,f,f,f,
4070892,t,2026-07-30 12:38:44.641711,3634059060feb2856cc7faae6068ab8e1a15d9bb846e8ea2a8e84cbcc5eb4b32,t,f,t,t,t,
127482,f,2026-08-04 00:17:31.919384,22deb903d9d97cb793369cd3993ad8a987cedffc78c22cb8f125d64e7d35a528,f,f,f,f,f,
2785607,t,2026-08-05 13:55:31.687023,999d1e282209cb2f16de979013181101ae2e256e5c9da31971c73449e362bcfd,f,t,f,f,f,
2752748,t,2026-08-05 13:45:17.191687,32d4f8fe3c707910fe2d88993db0ca1154dcdaafd9899d41d3879922cee9936c,f,f,f,f,f,
127728,f,2026-08-04 00:19:06.568347,e7039307d0717fe745c1a5478fdc0764f168d91638cc0054ccaab08ece66349c,f,f,f,f,f,
1385338,t,2026-08-02 15:08:28.854081,dc078253963ff0c183a2f2d7bc68a577250ce497a12f1f911f540b437651ca9e,f,f,f,f,f,
125705,f,2026-08-04 00:06:24.934344,81b0a7b14ff37a502e49e69b43fdab886702fd53f0253e0f473e0381ad6b28df,f,f,f,f,f,
3532169,t,2026-07-30 12:38:44.641711,6a8277d791fe415162ab14bcac01b769838697baa131da1789b351c1f6ed985d,t,f,t,t,t,
125709,f,2026-08-04 00:06:45.35823,489f27184058ece04548c4a583dcb3a1dfb88a09c0ff575b9c181490f759861d,f,f,f,f,f,
2761794,t,2026-08-05 13:46:06.109634,6605d517d6a479a176ce3b4372e02d8aa5a13485a7b3c97611d024016af3b6b2,f,f,f,f,f,
127730,f,2026-08-04 00:19:24.996343,822e18055fe185df456ac563fb5cd778d5fe7acf12cc6e177cd76bdcc813842f,f,f,f,f,f,
131692,f,2026-08-05 22:55:58.038396,9a7b9bb812cacb23318190ca1237747cf2e3a5859a195b23400dda7a3513a73e,f,f,f,f,f,
2015509,t,2026-08-03 12:02:53.604191,9c185769da30a1014d3b777b9de324530c4a86cce7f6dd381e3f371a9bb5ffed,f,t,f,f,f,
2774725,t,2026-08-05 13:54:27.713325,808e95fe0e2e121ed7dd4c9d0d900a42587443b207867a77411cd7f374f66e78,f,f,f,f,f,
2877972,t,2026-08-05 13:56:51.013417,f112d3f04cb89b176b6b15718379689d6f9538f9d9c4f04fc3f332dd8a127a0c,f,f,t,t,t,
127737,f,2026-08-04 00:19:41.21097,2ca99fe4d0e5f1bd14538172b41074f3ee4685aeeae20cde120e77d8e58d1710,f,f,f,f,f,
620120,t,2026-08-02 12:09:30.961542,47752f458c2327fe7c25ecfc81f5b0e95417b8a94cc03170bdf84095938d1d63,f,f,f,f,f,
135814,t,2026-08-02 11:59:49.582678,93a9977717688c5012553a81c979e523cfaec72df8d3b7e27dca51fad5892dbb,f,f,f,f,f,
626098,t,2026-08-02 12:09:40.224279,add63361f982d82c34fe44e5a244cafabc4ef96c81c4e2fb18618a28c2dd6da6,f,t,f,f,f,
129026,f,2026-08-05 22:48:33.809879,4bd99ae0e4af80abf1397a3e5f7eedc55746b63e09ab17116fd4a45274ef3413,f,f,f,f,f,
2761805,t,2026-08-05 13:46:07.017978,bcaa21f65be064567d99d432089bc81eeb970d404acbeb5cd519c871391b7d20,f,f,f,f,f,
2761810,t,2026-08-05 13:46:07.923976,bb63a5078cfb8026ea9bb14de94c1c419b044cff9670b69566b1f6d632f9aa91,f,f,f,f,f,
2699773,t,2026-08-03 12:16:52.102656,064e1a83adfadfa0b648996ba9cbe95c320620d4dd1efd63d56b535024cd97d7,f,f,f,f,f,
938538,t,2026-08-02 12:10:46.133477,1ee1fae058ba9b33e59cc27600eabb1cef8d57bff8c7f6601b9b10aecf5a10fb,f,f,f,f,f,
125598,f,2026-08-03 00:05:42.127163,954661ac5b734af0871d0b05e2b9a9b53de3f614ddb3776b2b280c24f31384d3,f,f,f,f,f,
1853403,t,2026-08-02 15:08:50.162725,ec42ba050e2fafc06e0e2f0f4eff71a4f617838385d6da58333a0361eb674f12,f,t,f,f,f,
2390099,t,2026-08-03 12:08:35.174562,f83a8466e03754238e57862f0212ec5a471e5d8cbb120ca5758767f21e8b1b11,f,t,f,f,f,
2420329,t,2026-08-03 12:05:35.667791,4f3fb0b70865268b32b1efc39afb9731a21f574b64dceba47dc95b56e6b57ca1,f,t,f,f,f,
2613673,t,2026-08-03 12:09:54.657861,671d0079b22e8674e7bbebfa0485d1ee5be5e5413a60e7859514e27085171011,f,f,f,f,f,
2610236,t,2026-08-03 12:09:50.752919,249a78e78d789457f17cedaff51d45ffea3d2527ab36c29d9827eca7ff49f0f1,f,f,f,f,f,
2702589,t,2026-08-03 12:17:08.306374,89f273653b98ee328c6af147e8c19f837d8fbbd983e0bc2a0546dbb9c2ad66ce,f,f,f,f,f,
2513410,t,2026-08-03 12:09:05.723474,31440730b0688046b3fe50e7725f92cd28ffbc4222c30d5dcf9c41dbf90aac59,f,f,f,f,f,
2714543,t,2026-08-03 15:08:14.179992,25ceba1b537cba34d9de0dd599b7c0485bfe09a6dfce853cdee236c611ab6755,f,t,f,f,f,
2714805,t,2026-08-03 15:08:21.377052,ef5300854ec86fffd7abe4c5883f862e522bd8c5415d1974821e4c055521712a,f,f,f,f,f,
125710,f,2026-08-04 00:06:42.41909,e9c40b021d5908bd8dfa8e5ff2d3e6a9bd62e54dbe401e57ebbbd85eb641074d,f,f,f,f,f,
2734055,t,2026-08-03 15:09:03.104198,796752342131aeb85c22130015e92fec73a1740be3e311f75eccbb7b46147722,f,f,f,f,f,
2761817,t,2026-08-05 13:46:08.50986,a30330f19a28f93cf127b1207c7e600da7f020b2ac2628b5bf18b0907981309f,f,f,f,f,f,
2716754,t,2026-08-03 15:08:34.881949,6c9a0675807f9376da52c5fe328f4f1103802a9c437becec022faae385341668,f,f,f,f,f,
2716799,t,2026-08-03 15:08:35.491842,7237195f30c05ae85fb3324e88c0a2ee053454380c3d31a1f67cf6b33a918278,f,t,f,f,f,
125687,f,2026-08-04 00:05:42.500206,078f34afb71553ab4a9810bab7218056c41adb8f453b23dd07540c78ede74b2a,f,f,f,f,f,
125754,f,2026-08-04 00:09:11.593651,560248f0ea3e600498522190a662703697c5ddee77c9710f44274bda82ffec56,f,f,f,f,f,
125755,f,2026-08-04 00:09:12.217992,e97412cfa02fa475cff17744abe8af788f85af5afd8d4c96c09a124623f65c7a,f,f,f,f,f,
127738,f,2026-08-04 00:19:41.726009,0f1aabb62d77d5910aee35b1c465b7b5d0820ba2d344f4054aa291ebb76b0a99,f,t,f,f,f,
2820721,t,2026-08-05 14:09:44.093329,7e0c7a112884f41c5d6feb48d1795d24765968bae6c511e1413459e1a241ccd9,f,f,f,f,f,
131071,f,2026-08-05 22:54:43.15786,203800ac92fdd43c98e81314576eacd4f3dd5322d11a54b75a38c7256d246d20,f,f,f,f,f,
2785619,t,2026-08-05 13:55:32.553307,e55bdb1003659b279aaf195d58207851ba9f233b59a59877420d5f4165c90ca6,f,t,f,f,f,
2907240,t,2026-08-05 14:03:33.265464,cb3a093b4146ad7d2f016d1c153d3767a19890ed54cff0f0440f9a82f0984b83,f,f,t,t,t,
131074,f,2026-08-05 22:54:49.633416,6ea3e711a6bc60688892cb9f00b71f016912885d64aef4c3c1d198ab4e65bcab,f,f,f,f,f,
2877979,t,2026-08-05 13:56:51.319842,a3bb5e67d070eb844be3a54790c8bf67dadeb49afe5ef3a4a7498493b5f6ac70,f,f,t,t,t,
2908011,t,2026-08-05 14:03:36.56699,cc3d47ca72d4029acd5fead49d993e152b9d3334e9af0c5966a78f89122cddb0,f,f,t,t,t,
2913773,t,2026-08-05 14:10:52.658865,59438dd3c017726199a44c759b770f86b80b45d693db59d73aeb59ddc1a3d5de,f,t,t,t,t,
2922700,t,2026-08-05 14:11:11.560944,e00f97105a7b343337e3ad5c8cbbbf5e6637c804ba8c71caad58fecd4ecc4b0c,f,f,t,t,t,
2774547,t,2026-08-05 13:54:17.21004,a66064614ae1d28f4148afe1dd304c2f75220935bcf9f4c98f2ef86db6866b7a,f,t,f,f,f,
581063,f,2026-07-20 22:30:18.024861,8a90e23c49cab07a9bf95dee98ed16497a64178cf4ff8428aa8f453655e747b5,f,t,f,f,f,
126905,f,2026-08-04 00:15:33.562066,14ffb17ed39b809576ef3e7ca92107f822e5c2fa391cc83ae8b11e2f02cc1a8c,f,t,f,f,f,
2911294,t,2026-08-05 14:03:46.171375,158a7eadee217eeb419ee764e6551d5a6394f92d180d4399c8891372be034867,f,t,t,t,t,
127729,f,2026-08-04 00:19:15.491646,fc01b075057874bf39ad784fd89f6f124010296c742dcda78ad8747f26b7a588,f,f,f,f,f,
2908066,t,2026-07-30 12:38:44.641711,012a0676fdac56766b94784a55c63ccd9f05fe3bda855f9d4ec17f9f5d4ebe96,f,t,t,t,t,
3044633,t,2026-07-30 12:38:44.641711,4a8aa714a9716c3ef667479caf4dfccaa5c7aef3f22e95abe04a3de0cfcf2017,t,f,t,t,t,
3072008,t,2026-07-30 12:38:44.641711,a63c36bc29283efd79391e427091e48d31c5dd49be95c4fde035760c0e0ec34f,t,f,t,t,t,
4010307,t,2026-07-30 12:38:44.641711,c9087d92226f68af4b8c38efc49d754e32975525c910d441f6d29fb3f49d1f87,t,f,t,t,t,
127727,f,2026-08-04 00:19:22.723434,efe4ba9bdf165549db0a7c011100284ce66ac2a505f9f84bce108f00f7e3082d,f,f,f,f,f,
4008024,t,2026-07-30 12:38:44.641711,1b99c0a153696598e6f0d916cba447626b90e3fe291fce26501a5c3138b66194,t,f,t,t,t,
2755784,t,2026-08-05 13:45:35.804187,b79ecf55e2ccdf5016b4c532a80fc7f780f664d27d556b446ef4cb78b25d75e9,f,f,f,f,f,
626298,t,2026-08-02 12:09:40.87407,581818633a710901971aaeac4f234d12c7662082613896c9297d42d5b5613fbb,f,t,f,f,f,
127735,f,2026-08-04 00:19:32.04974,9ee4b4f3e96ad56f206ed32701e36eccaf25eba9db8a9acbec2b0e9adbd64f94,f,f,f,f,f,
125658,f,2026-08-03 00:08:21.342464,6ecdf4bd7b55586ba7ba10100f948c3cd1eba5a7f49ec55d8d302f401659fd36,f,f,f,f,f,
128966,f,2026-08-05 22:47:59.474825,fa27b61c2e6d5bc002c093ef63994945c6ce0295cdc50f2de53c914a0c71d0b8,f,f,f,f,f,
1965276,t,2026-08-03 12:02:45.199297,dcd36cd9122ddbe23b3c52d51244630148da8c4585ddaa053fa01793df4af852,f,t,f,f,f,
608471,t,2026-08-02 12:09:28.220713,9d22bb964e6aee87e74e1635dc9ab6f0bc0084ddda5d98833a064472f1a53250,f,t,f,f,f,
2774730,t,2026-08-05 13:54:28.617755,9b725edaedcd98f18c9844315fb731fe7fb0be3250cf3ec102cc4137cafb4673,f,t,f,f,f,
135282,t,2026-08-02 11:59:47.377531,7082fd22d7b13dc1d8e8d40ea131e41867fac12d7517282fdd6fe0fd12592160,f,f,f,f,f,
130326,f,2026-08-05 22:52:39.94464,2b88df6119387f024ca9ecba16399c87de55543a967aac3a898c326a900e1a70,f,f,f,f,f,
2776847,t,2026-08-05 13:54:39.42068,3a5db7bd0c30728f98d7ec33e5da1135153556979a4303fdd15e31ef1cc38932,f,f,f,f,f,
129007,f,2026-08-05 22:48:17.429829,0ef4af7e9bab9993a7c5fa94975fb6a2f487bf78ee300f4bf39a559b13515fd7,f,f,f,f,f,
129038,f,2026-08-05 22:48:42.823041,e376dcddd8227f4ae251e37f3083197466fd23486818d5e10b4c96591424c0a2,f,f,f,f,f,
127871,f,2026-08-04 00:20:40.79134,cb38045be147b6d7ca1e50c1db2e042291ae309d55d68b3163a0b4e8b17b2771,f,f,f,f,f,
129204,f,2026-08-05 22:49:01.412231,8b353c6d0b62f293e5a81d4d4ba56ecb0f490bb06a231cceece27237b3898676,f,t,f,f,f,
2761729,t,2026-08-05 13:46:03.462322,4a5f4230fb2a0b984cfad6fd361530e31354e88cf4d4da767eada9fc9e034423,f,f,f,f,f,
2820765,t,2026-08-05 14:09:44.998015,d3c1edc51b93e3145a37011a18f6b3aeb606d9b679a63c1a3e0a2f7b6100fcfb,f,f,f,f,f,
2908041,t,2026-08-05 14:03:36.868135,f369426e2889541c7978d993d65abe2297ad5d5e90a274e68928aada2eca0704,f,f,t,t,t,
2877990,t,2026-08-05 13:56:51.617735,e2c7d08fcb1cd82164554c595493554f0e3cf42d7d4b8253cff5ec89b000c287,f,f,t,t,t,
620133,t,2026-08-02 12:09:31.265635,7b1a091f4bfee4fffd7b8a52c6fc27382b833ae248adfe22b1a18a8ebc57c50b,f,f,f,f,f,
626316,t,2026-08-02 12:09:41.120074,77d39e8617959af782114b8a8c96c468fefa05e6faec3e3dc90ab9b39643b84b,f,t,f,f,f,
678537,t,2026-08-02 12:09:59.136246,e01805a4edd834e8e98b97b98e4ebfd07b963a4226817ea2b9391b8ca4a8465d,f,f,f,f,f,
125593,f,2026-08-03 00:05:48.117607,73919d86ceacbcdc1ada5a4570bafa44494a49be0281914f1d39a5c9217b5f7c,f,t,f,f,f,
940259,t,2026-08-02 12:10:46.430396,ede554aa138314908e5b0b3c1dd4464e6b18c4172b3f5c6729f8fac2be7fcd09,f,f,f,f,f,
2715296,t,2026-08-03 15:08:26.483189,2141130c0a0a33287fcd1846609a0e1248e3cfaecfddc4b2057a04686c293749,f,f,f,f,f,
2406245,t,2026-08-03 12:05:34.473978,746ec112d115430207c72dbaf491227788b9233a1533fae5e43730642dcfcb9b,f,t,f,f,f,
2715341,t,2026-08-03 15:08:26.782472,098118fbcbd736fa1308235c0ac61b4d183c2748a6103f4f90b6e3ab4733089c,f,f,f,f,f,
2633902,t,2026-08-03 12:13:31.105524,5cc1a8cb4a1af72ad161377b973b8b69b3060df09be70a83a34fea2e072b2c7c,f,f,f,f,f,
2401954,t,2026-08-03 12:08:38.468968,8180371924a02ef206b29463bff1963f64282f09d265adbfa8fa7cd17667e6db,f,t,f,f,f,
2605877,t,2026-08-03 12:09:45.353647,111028b64abddaa755aec6ca5415c3fa78d4621399107c33dba33f385610f037,f,f,f,f,f,
2702650,t,2026-08-03 12:17:10.109135,3f5165175bb63549a68e9ce7322644ed83290399ab292d4120adb1ad82050860,f,f,f,f,f,
2729920,t,2026-08-03 15:08:52.297599,1eb742ed8e7d8e3e7fa7aba981ac4f7325a4fec7411816aef3e599fc58d871f5,f,f,f,f,f,
125711,f,2026-08-04 00:06:51.226332,8eb33bbc896f4ff615dbb041fd1755a701584950aaf53cb1656ed29ce9b3dab7,f,f,f,f,f,
125753,f,2026-08-04 00:08:54.257618,8b0aed57a3729cb8f676bba0a2cb41834c1bd3fb20d65c6e21f8d923551ac6cf,f,f,f,f,f,
2737341,t,2026-08-03 15:09:19.013759,413b8ea0a022894439b17b74a28d84a3385a776cf5606fd5049781d53008edf1,f,f,f,f,f,
2761818,t,2026-08-05 13:46:08.838516,6ee131682a7ecfbda194a390971a318355f937fa211e18ea982f8c44aa2caf0e,f,f,f,f,f,
2738782,t,2026-08-03 15:09:20.220501,6d9b50830b5918826102ead2232a2415eae5dfab29fc2f9cf02964475aee86ed,f,f,f,f,f,
125688,f,2026-08-04 00:05:38.237477,cd50869ebf491d3eef1ada42621274bdf9f1d6318c9efb5bc86c1bf843b3b9ad,f,f,f,f,f,
2855506,t,2026-08-05 14:10:05.410002,4c0b017fdc62ab28db1fb724d5a81aebcb2803520027b3ee9c4756c68ecfb93e,f,f,f,f,f,
131909,f,2026-08-05 22:57:01.775978,dd59b584e878219288e723844a7a39aeaa16662a4e722e6cd290f87ac6a410a8,f,f,f,f,f,
2913284,t,2026-08-05 14:04:06.888874,247e1ad91bfe4520487369d67ba78cfdabe1e4b104ff45fed52c749bcfb1e0a9,f,t,t,t,t,
2913760,t,2026-08-05 14:10:51.152361,00059cc5260566dbccf4af73a83a7f46cfea3eb45b694ccc8e13556553131288,f,t,t,t,t,
2913763,t,2026-08-05 14:10:51.453023,b80a131423b3619647ff68771afba21765c73cc5c7684ba1850a56834b50e128,f,t,t,t,t,
2913769,t,2026-08-05 14:10:52.356302,3d47e539af929b2245ded39f445b860b99a909d3cbd184de8ad7792f59e8e10f,f,t,t,t,t,
2913781,t,2026-08-05 14:10:53.257138,5f8dcedfd205580e3a29637841fad1f7ac683552aac71834f2513e06c1f7ead7,f,t,t,t,t,
2744434,t,2026-08-03 15:09:28.62232,e884ca3cad07c4fe99fa13e8e529407b3200dc8e3068ad761b18d4e256f33e06,f,f,f,f,f,
4010384,t,2026-07-30 12:38:44.641711,46cbf7beeab66c635ef624d60d93d69d4a361a43cdf7c470bca2702118bace2d,t,f,t,t,t,
126904,f,2026-08-04 00:15:35.023334,f2c58e930f311b3c0996b07c4df29e075f3c08ffe178230846f6d060ebc475d2,f,t,f,f,f,
127571,f,2026-08-04 00:18:25.229617,1faf9e4bebe00f3f896ade90164f9fbe6e0324a3e1a8d33e718ee3e57f6a4204,f,f,f,f,f,
3036718,t,2026-07-30 12:38:44.641711,966305c91b9c31c8630f7d62af7060cdf803acacdc865f6e6036bc36c99baf6f,t,f,t,t,t,
128029,f,2026-08-05 22:44:20.295606,a61e8451e7f66ec0aa2dc016ab2c12c80945604b0bc44eedd73c582b48158c5e,f,t,f,f,f,
3037190,t,2026-07-30 12:38:44.641711,fae1c5490f5880baf42d3ce1b781c1b679c5c32e3845fa72460b28a66ef938b1,t,f,t,t,t,
2909351,t,2026-07-30 12:38:44.641711,7f0d66cc04996db2daa30582de1c19c57fea269970962c539e4cc922ea77ea16,f,t,t,t,t,
3484525,t,2026-07-30 12:38:44.641711,5242c7c7be51688d55e6a0e874b4b8cf8dca48e7beaac3125f0123584e05e4af,f,t,t,t,t,
3036761,t,2026-07-30 12:38:44.641711,4a9ed274e64d7624d8fabf41801c3dd3bcca2cb0efeaf6c5e5e234f791145190,t,f,t,t,t,
3075294,t,2026-07-30 12:38:44.641711,f8bdd3c34a7bce4fcb9115223040ff047fe66255325d8d48e4278fa090d075b3,t,f,t,t,t,
4010385,t,2026-07-30 12:38:44.641711,d90801d5f64db1985bacfce2a8a833cc0f0ee98aab1e7748f2eefcb1637c5cb0,t,f,t,t,t,
2892319,t,2026-08-05 14:03:06.246949,e65be47f8951c70371d45207125ca9768b73399c05524933f0cb06e673f3227d,f,f,t,t,t,
2774540,t,2026-08-05 13:54:16.306617,5c1f10736d8bc4be84f5050861b9c1c4ededea6345cde5723f3fa5ac1ff382b0,f,t,f,f,f,
2892393,t,2026-07-30 12:38:44.641711,1a1629b8d0e101dbedde248a3cb3f15dc32fb758a38bc699e88a7346baaf46a8,f,t,t,t,t,
3101687,t,2026-07-30 12:38:44.641711,06718bb71ea63471aa53c20860dc04ed8118dac8c99cfc3aa87398aeda9dd02c,t,f,t,t,t,
2791690,t,2026-08-05 14:02:08.246554,e89b7c6fecf97fed5f0609e66b2c62f1255720e527e87b7bece204e099c6be78,f,f,f,f,f,
2892407,t,2026-07-30 12:38:44.641711,8aaaa8e68e36d4e2c4e7013688d5ca988a4f6d54491828aae734a778d1150d0e,f,t,t,t,t,
2892427,t,2026-07-30 12:38:44.641711,a5ba64109fd57ee510dc4ce40ac792cf064c9780436e0b3d905ae6b7c783a1c1,f,t,t,t,t,
628690,t,2026-08-02 12:09:48.966951,2c36496811c9cc527dbc99b7db5ac1218231aaff31fd01f611fb30a93dea9036,f,f,f,f,f,
2718833,t,2026-08-03 15:08:41.79487,0d9dea5e1df922730523d203fb31203d8e5be702b4613e26fb642c02957055f9,f,f,f,f,f,
2755019,t,2026-08-05 13:45:25.890083,65e6895eed6cad7221d8c6a2b8ed06ed0b4b82dd231e955895f93e0c9857170a,f,f,f,f,f,
629269,t,2026-08-02 12:09:51.370108,2b40859d549de2826f1912e201c45747cba0d1f1112d8c825266237b84df6b43,f,f,f,f,f,
2734204,t,2026-08-03 15:09:07.002667,37d141a5fed881b872cd510c71e8de1a2c9374211ef36a56aa4af07528071219,f,f,f,f,f,
2734296,t,2026-08-03 15:09:09.999977,628c352135aefe23366a4c22a7c2cdcc3dd6124cb635c975eac5ed0e1e689882,f,f,f,f,f,
1955959,t,2026-08-02 15:09:14.769109,b63a70cadea65b53e3807915a42c04903d8356c70f57785b851ca3a26b09672d,f,f,f,f,f,
2744436,t,2026-08-03 15:09:28.923373,8fa5a84d43af5d1e75bbf624558504eb464ccb3476938df35746ff8a4a2298b2,f,f,f,f,f,
2755554,t,2026-08-05 13:45:27.997435,ea0f7226db0030355ec5cbd2f3ccc56a93f0392246d2a423f79fd82e6c3c9c7b,f,f,f,f,f,
2792252,t,2026-08-05 14:02:13.651146,41cb27403a57f02d9c8c90515d7210957918988a4355adb4fd3324cd50484f63,f,t,f,f,f,
250475,t,2026-08-02 12:01:52.675975,ec34c7eacda90b2954df139230c5154e8dc03ac6e1f5492b2a56cea12246d214,f,f,f,f,f,
398005,t,2026-08-02 12:08:58.539426,b84a8991b498f8fe89157bbbfb9b3648ea9f5602fa22e17c2e17ddfd155f05e4,f,f,f,f,f,
398154,t,2026-08-02 12:09:01.242976,590c3727849dc7d9c8491ed1030169dda59ee84bab5d46d6d01add5ac33e3523,f,f,f,f,f,
631794,t,2026-08-02 12:09:53.136943,dbe8d88f21eca2e62caaac5026745f74d8f5dd222299337733472c69fc36fc0c,f,t,f,f,f,
125420,f,2026-08-03 00:05:24.421532,7b6d8ec5fa5b894da0eb8763ff25dfeec7f078b6c7b5e1f50f13dd2bdfab25d0,f,f,f,f,f,
1851928,t,2026-08-02 15:08:47.464986,185d60e129f18b1e920aef9615043f427475301ab52131ac2bd73bb49b900da2,f,f,f,f,f,
2755592,t,2026-08-05 13:45:29.797486,4732c0fac461e7ed426367d8f9ff4c764648a167cf91b332e5f0de2378fade08,f,f,f,f,f,
125606,f,2026-08-03 00:06:04.079461,1e94d520b60906212ecb43836dd56d402d3bb148671796f45989c97c18ed0c77,f,t,f,f,f,
2623576,t,2026-08-03 12:13:27.205377,865f478dc004f7f7aea725dc4310702668687dad0bb5ec61ed5467e1e45832c8,f,t,f,f,f,
2613261,t,2026-08-03 12:09:52.550858,defeddf4eca48ed03f1e4021113b199b653454993487d9b02d6084ccdf405031,f,f,f,f,f,
2684634,t,2026-08-03 12:16:37.395718,5ed10c247c8d7e6fc3792c4fd3b84d9cba042821afb097efcfc623d1b028fe37,f,f,f,f,f,
2755612,t,2026-08-05 13:45:30.4812,a281d8ec7b445e24e89d30a7d8223e22e43e5e48484c10fcf882d8f49aac1ccb,f,f,f,f,f,
2755649,t,2026-08-05 13:45:30.69752,58dc4b18fb7f41c67411f100e38876c8b51bedfc0eb81f1fdb27bb61621e5f37,f,f,f,f,f,
130879,f,2026-08-05 22:54:07.0914,2486351a03c1d7867f08550b5161a8e68139b30b38c4af4f62b3c720051ef7a4,f,f,f,f,f,
2837945,t,2026-08-05 14:09:53.108178,c30ff80185514ee844a2346ba0a2daf24d3dbe8c7aeeb0e07e9ed05ae64bebc1,f,f,f,f,f,
2909303,t,2026-08-05 14:03:43.471762,28f1f9ee3d9bba751e84ba49ecb39051ef0c35644750b347d484bc1abf16c6d2,f,f,t,t,t,
2761737,t,2026-08-05 13:46:03.716488,fbbf70db9e5f9ce69e320eba1144beaa474316861141a7fa6aff5a202be5d82e,f,f,f,f,f,
2909271,t,2026-08-05 14:03:43.168496,2afd57b4d52840ec1a2778b93d3c107b30952ccb4787564f4468ce5200de24d4,f,f,t,t,t,
2791411,t,2026-08-05 14:02:06.444311,b8fa6a030ec3f7614743637510b7c85a24a8cb6f25e91116ed5e29377b3f6085,f,t,f,f,f,
125735,f,2026-08-04 00:07:58.646205,396ce0198dffc931bc61c97ec28b87392d79c96374f797d216b654ea0b1d8ba6,f,f,f,f,f,
125733,f,2026-08-04 00:08:03.504778,75ce9ad3fc7252fa3acb0302c55df6188dac14742f77b403a363124696e55f66,f,f,f,f,f,
2839731,t,2026-08-05 14:09:56.104733,7441fb395be87c5770668ccf4abc963e5ed3144394a4f3e838419c5374594556,f,f,f,f,f,
608059,t,2026-08-02 12:09:27.912643,5a3f5c439389666bcc674d91cf94c4b092411da667e327dece34cabd243d5aa8,f,f,f,f,f,
2754964,t,2026-08-05 13:45:24.090261,8aab54b56321903cca84b5cf034bd7c910fba6486ef085498ca308a8ddaa184c,f,f,f,f,f,
127647,f,2026-08-04 00:18:47.258975,abdb87e2d83cfff0143243bae6728ae14655fa87887eeaa869b99acd9957891a,f,f,f,f,f,
3465127,t,2026-07-30 12:38:44.641711,e6d2b540bbdbaf30d0757a314c19b118b17f4c72b57621e1c1b12ad7398cd477,f,t,t,t,t,
2909439,t,2026-07-30 12:38:44.641711,2f82ca56e8a54b1610692bebd8e9a9861cc7f34a4d8a838ef36f2956c09e4e30,f,t,t,t,t,
4080774,t,2026-07-30 12:38:44.641711,72f6a7e4198ea9de86b902ae2bbb99b49adc020c4e75692688b0586190b30d1f,t,f,t,t,t,
4080891,t,2026-07-30 12:38:44.641711,82819bed2065103813d94b3012ab6f58f622f899be1b70ebddea10aa47e6ca5a,t,f,t,t,t,
4081927,t,2026-07-30 12:38:44.641711,9cfd8d57231dc2cf1ee94897974840a245478931a147ea70681527ca3a6daa0b,t,f,t,t,t,
2913675,t,2026-07-30 12:38:44.641711,2f17f22dfd4658aaa15cf3cd44ed6fbc516d9d356336cdd184654b21c87a9536,f,t,t,t,t,
129137,f,2026-08-05 22:48:40.792836,4946e1cd8143a3eea2c6ca1d1f113900134abf2d609e7142e16efd156b8c55e7,f,f,f,f,f,
2814150,t,2026-08-05 14:02:58.367996,daea11555ab31b368743a020a90adf73601c2253b4ccef501496f431dd05888e,f,f,f,f,f,
2946244,t,2026-07-30 12:38:44.641711,f815c9f9164a99a7773496361a57169812e0bbd95340459ceb6703311536b33a,t,f,t,t,t,
2938789,t,2026-07-30 12:38:44.641711,d9ed5ca5a5050391f27cacfba644bbd2f4c925584628b0923ffb4b4645bc106b,f,t,t,t,t,
3490017,t,2026-07-30 12:38:44.641711,9635c62182ecab1ea1ed1ff7035724a382ddfa52fddfa664ed6269d60bc21840,t,f,t,t,t,
2774565,t,2026-08-05 13:54:19.912857,e0e0e5bceec5f13ce938e9195f74d9669cb6d585bc5cfa9625a963114ac7c509,f,f,f,f,f,
2892439,t,2026-08-05 14:03:10.452832,ca8734164d59e99149d3439a46478cbf98b5eaca9ad7f0a2898ce48876e2af2d,f,f,t,t,t,
2754966,t,2026-08-05 13:45:24.391118,37a9cd38248907496a4e82017991a50f32ac1b3827f2b9f814179e5f3b412271,f,f,f,f,f,
125764,f,2026-08-04 00:09:25.980951,da8dd2dd2be00c78ae1fae74b3607997120e0442dc46f4e1c773306d62b7894e,f,f,f,f,f,
629268,t,2026-08-02 12:09:51.074703,ed81708dba368bf08f3a701cf744795e7b9f54d2a94a3f5daee3c6d9abd85034,f,f,f,f,f,
131301,f,2026-08-05 22:55:08.978398,287899e8647f93d089b1870cfd1cde440f51211342722d196aab10a331d807fc,f,f,f,f,f,
139183,t,2026-08-02 12:00:58.637673,a8be162a3b38d67fb4d9a834d9011e8c77dcbc020a8dbd31d4069cb8cb2d692a,f,f,f,f,f,
136636,t,2026-08-02 11:59:56.34962,4bb667cfcbf88f7bfa51c2288bb147473723b180729dec435a692ad65832af7e,f,f,f,f,f,
138351,t,2026-08-02 12:00:09.872834,4f43b7fb2be09309c2e78811aa23e86f011007ae29e5e67b9294cdd970b2faf0,f,f,f,f,f,
134332,t,2026-08-02 11:59:42.472877,4176060661557245a79236a67ac27aacb67a08e6b3a28c077b2474da10d19ea1,f,f,f,f,f,
505886,t,2026-08-02 12:09:05.154431,140cb8262dc5eb7e292d368d56b217be92de01f7c25391dc23ec553b51c838f8,f,t,f,f,f,
523030,t,2026-08-02 12:09:15.006488,80fafe942f0f1b8b50b44d4ee8c246f075025d666d8fb5c0372145fe0cc8d463,f,f,f,f,f,
629262,t,2026-08-02 12:09:50.721584,fd0af85a5db82276d38ee15b86d129d0820bf6890638011a7c45dfe14542457f,f,f,f,f,f,
1626128,t,2026-08-02 15:08:31.540151,b05ef3a65e791f5e791f09400952e766caf448fab408e9672b70199504e0820f,f,f,f,f,f,
125626,f,2026-08-03 00:06:45.055347,ad011a430f6b333d0b8ca0073581b76805d453f3c5b26e98dbfa7be65c7b4de2,f,f,f,f,f,
2495006,t,2026-08-03 12:09:02.725552,41cb93727c5a0ae44097108c2f016637dbdb12c1655aceb0325c6036ceb63d59,f,f,f,f,f,
1626481,t,2026-08-02 15:08:33.045409,9980c22cb10938272de5b95039263059ae813757747823b431a06bd71caac411,f,f,f,f,f,
1837460,t,2026-08-02 15:08:45.069945,3abe44f19745adc7344a5fadbac0e366ff47a166ac42b2a79f9a03080c35afdc,f,t,f,f,f,
2613272,t,2026-08-03 12:09:53.150017,95c65fd701d95d0171d801147023a5ad0ceae2fe3ad1bc8dc812fba80c2e00bb,f,f,f,f,f,
2638580,t,2026-08-03 12:13:34.106245,c5ed6c295bc297dc67426cec5e837b0a1734e281526b64c964241fc85de5a338,f,f,f,f,f,
2683032,t,2026-08-03 12:16:37.093301,8ee495f6570a4260d716dba1ddc75aff521db1a5b24144c98940d4343f98a21e,f,f,f,f,f,
2613357,t,2026-08-03 12:07:48.35472,7c14e4957b38b3bbc7cde6aef0d348bd3403bf89759320541053ae61d08a3aa3,f,t,f,f,f,
2613363,t,2026-08-03 12:07:48.687739,e5a497046a874627bcdefa1e0e207913a93eca500525fc889c450e3035750268,f,t,f,f,f,
2613364,t,2026-08-03 12:07:48.99849,bd795583575a48aafa1f34dc5bd83693ff85f6573c3f9dfd5ca78c86496d5f16,f,t,f,f,f,
2715232,t,2026-08-03 15:08:25.579336,28eaafbc19948cc52c848cef65270569e8e3b011570b0aa773adb495f59733d4,f,f,f,f,f,
2731135,t,2026-08-03 15:08:54.396185,d88d221d0a156eb45e02ae67e007849547c99a5455066698683c8885efd84be5,f,f,f,f,f,
2761829,t,2026-08-05 13:46:09.718665,03aee0a21ee3f4ba86fc7d44d6ca0c622fea6b2dfd7e238f37857e496d37d5de,f,f,f,f,f,
2755523,t,2026-08-05 13:45:26.797593,0248db7486c02501673967e83809191e314c826f1697bb8dcef9fc7d276b7d31,f,t,f,f,f,
2734165,t,2026-08-03 15:09:05.814774,a596a17f25e20babe6ba0bdf902edeef0a9b5b42ebaaf5de011f61793f8ae95c,f,f,f,f,f,
2755548,t,2026-08-05 13:45:27.393859,19eccdcd918251d25f5362ec004764bae000ea319b2b38e267678bb040d3a469,f,f,f,f,f,
2761850,t,2026-08-05 13:46:10.919788,51f133c0b66961539055cc3a8a3179825a54077a8e79ca7e50bcdcd6b019ee41,f,f,f,f,f,
2761857,t,2026-08-05 13:46:11.216468,405b0f63150a36fa0f48d06086fac3dae33b7764d5f0bf1317640da00ddf6575,f,f,f,f,f,
2734314,t,2026-08-03 15:09:10.311514,c0adbcfc8d6c33681d2ba68f62d668d61ae1f5e9ee618d51afd98cb1f51aa1d7,f,f,f,f,f,
2734317,t,2026-08-03 15:09:10.604771,0e06b64e513405b5edb2099d597cc75a4a578a40d0097a4a7205c6c037e850ba,f,f,f,f,f,
2734846,t,2026-08-03 15:09:13.009166,f980bf62668e36c7332634a4ac2bd1b9824513e68e15086abcc54d86b849a907,f,f,f,f,f,
2743236,t,2026-08-03 15:09:24.126369,4e08a258e153337ffac19ca8935e5cccce69dc3bdeb82c43f2edd0c2612e3cb1,f,f,f,f,f,
2911986,t,2026-08-05 14:03:48.874561,5980fe0dce52962184eef7486d33125f1762c942b58ca48462b7d2b05f96ab9c,f,t,t,t,t,
2792227,t,2026-08-05 14:02:12.456974,88d12df351d27e4f6f0d641254d6d788b2c58a33108403a0427bf69afd2d1550,f,f,f,f,f,
2792290,t,2026-08-05 14:02:14.857,c1003784f1b9618aede559aa0f93b30ec04205efd266b074dd13cf90107e8158,f,f,f,f,f,
2913209,t,2026-08-05 14:03:52.173837,085c3aa605e08e94b0e410b0216fceedff73c494b980469f44a16134b8e1b75c,f,t,t,t,t,
2913348,t,2026-08-05 14:04:20.746572,0259f331895e6cc0d4ff2e15d69aee885602f84d34399e7a6fe7ad55cdedd8ed,f,t,t,t,t,
2761869,t,2026-08-05 13:46:12.416826,f0372712bf323fa7be97d14b583865cef9c484b6caefa47337bdbdace00f3f28,f,f,f,f,f,
2717384,t,2026-08-03 15:08:39.694353,90e6c02cdde5fdc28133a7b5a26b69c2423c7f772baddb6466837fd7940bbb50,f,f,f,f,f,
2743837,t,2026-08-03 15:09:26.2669,5ec16d924edb5736a2f5a453c3fc712535deefc4e45d7c8760630d6e69a45983,f,f,f,f,f,
629065,t,2026-08-02 12:09:50.137744,97aacac4f08b2a999bde459ccad896ca6a6687bbdecf23681ec111f5f530ac4a,f,f,f,f,f,
2774589,t,2026-08-05 13:54:20.820865,8c832b688f593c826d2e89080e97014b0f6390dc4f1c95e1207ad78978b8cbd6,f,t,f,f,f,
128024,f,2026-08-05 22:44:24.55337,d7ccbbbd285fd47b4c71c3327f245e041040a39cf198c9f123be704b7df6abe8,f,f,f,f,f,
2792232,t,2026-08-05 14:02:12.745911,0792bc9cc35acf15124f214e9d8b2055c5197e7e3d063204572eefeea0e0c1ea,f,t,f,f,f,
2752067,t,2026-08-05 13:45:15.685745,0264be9bbf54d587804117eaad6a717d577ac80405dbb93fc5149eb6cf1a2c93,f,f,f,f,f,
2923216,t,2026-07-30 12:38:44.641711,0cce118d1ab39687e8453d49244af81d3877146919f6ded94485caea184f6462,f,t,t,t,t,
3543710,t,2026-07-30 12:38:44.641711,c3491a6a55cf372a8307c08e3d5ce72e0a7c2db6d192118a234cd92a98f340fb,t,f,t,t,t,
3533134,t,2026-07-30 12:38:44.641711,fe1ce34ef2e0cd3ad7f9d90d5e7accc01ef1bfa4dfbff04fa4f026d8efff3bc7,f,t,t,t,t,
3484898,t,2026-07-30 12:38:44.641711,baf26b7768c5065a865a5627cd4a8fefa1914ee1d0eccddc10b6578a0b8a03fc,t,f,t,t,t,
1871402,t,2026-08-02 15:09:00.671909,33b274b4165806b89f4caf2de5c7972aa9ed038969a3da2f25c77b29838d9213,f,t,f,f,f,
2873042,t,2026-08-05 13:56:36.908529,eadd9c1bf1d7fa36849f60afaa93255bdc93f8057ec3e983c3be87dd4a088586,f,f,t,t,t,
250290,t,2026-08-02 12:01:39.50632,0662aadd6a910af432eec3f4bb7229f7b340df3faae414c24e81f08363ffb963,f,f,f,f,f,
629130,t,2026-08-02 12:09:50.465095,108c338c4f8d9f48e496bad67326ca7db0a7cd85cc4a24a1a2e3de816aab34fd,f,f,f,f,f,
140833,t,2026-08-02 12:01:24.6021,cf197df04320b6a3e9ee50d9ca1abbdb0ddd46060a4d8ad9c62a914de665258b,f,f,f,f,f,
132272,f,2026-08-05 22:57:54.414018,be91a39ceb5a56ca3e3f482a3e21491c3cece13bcc385405cbdfe53ca9260396,f,f,f,f,f,
134265,t,2026-08-02 11:58:18.309388,f37b96533109384b415d9d3bb17e0676e3a286448c6d18bd45605524d6f94f0e,f,t,f,f,f,
135573,t,2026-08-02 11:59:48.983269,07b24e9050a547bbaa0b41550a6c75c0d45538fefec5800fc9dcbbd763ba7f36,f,f,f,f,f,
1626062,t,2026-08-02 15:08:31.254658,dc5a88421d505971c53d83c52a877829af362039f3ff3093c17eb079bd7744ce,f,f,f,f,f,
921016,t,2026-08-02 12:10:45.528515,232a2db3e81e395cf1de9fffd4d1e7e906940207c2e1ffac45ecec90dd06aeca,f,f,f,f,f,
790124,t,2026-08-02 12:10:36.222008,8f4fecb09ac8ff015c6eb781ed418ffc9b7f3c1566f3f4323f3cbd70057a9416,f,f,f,f,f,
125610,f,2026-08-03 00:06:22.314517,936fe6c6f593e632a033f8a317c72e9ad6935831b556d1c6867bd5891516e035,f,f,f,f,f,
1871407,t,2026-08-02 15:09:00.965726,7a30b022aa87b434c29014bb3692a3ffd3160a2338c844733712b109498be0d2,f,t,f,f,f,
2754975,t,2026-08-05 13:45:24.989791,191a7529b7b1de5bade6ba1940f6d7ae7007652e516effccb18038c9514fb192,f,f,f,f,f,
1899635,t,2026-08-02 15:09:03.413737,8f16ba64aad57af466ca7cb78b7853e5eef49eb9bb76b94d7834544bfcb02c0b,f,f,f,f,f,
2002445,t,2026-08-03 12:02:53.008382,a48ce5984453ee399e0bb71b83b7756dc3a51216eb3aea2ac71568a86c42dc61,f,f,f,f,f,
2743846,t,2026-08-03 15:09:26.523015,81681fe8273a4c2f2169b27698fbaaa6988123ee6076a9802dacf723469ecf61,f,f,f,f,f,
2465418,t,2026-08-03 12:05:39.579054,8251a5f1d86628c319ed91291bbd741b671a65eff68320ccc70c99928d65afee,f,t,f,f,f,
2702231,t,2026-08-03 12:16:56.005119,3b44477c4cd921c6028e65240978ecb658852cb30c1c72cdbad0827a44f61fdc,f,f,f,f,f,
1919999,t,2026-08-02 15:09:06.376236,ee940c68224410ed4917745b35a9de983cfa63ecf99a56fdf95091b69a78114b,f,f,f,f,f,
2372816,t,2026-08-03 12:08:29.766091,4d28b7313cf246084728131c404b898e2c77021ca52202bbeedc3dc47020c9e5,f,f,f,f,f,
2432993,t,2026-08-03 12:08:40.274824,f5573357bf953d3b276fe9d3df7c235f0fd794c2e26b70c494def47e0d4de7e0,f,f,f,f,f,
2369352,t,2026-08-03 12:08:29.168698,fef9180d6f05077de467e95b31d192654f641517a6304688b1050a1ae73bbc0f,f,f,f,f,f,
2686284,t,2026-08-03 12:15:19.221275,9ff848f822ea80c4d1dba1d83ae3feab9ea71cb763e10bea2b38bb448ec77d04,f,t,f,f,f,
2702556,t,2026-08-03 12:17:07.707409,31c70e2826aa007718848e8dfa58256a529fbcced412e64087bfe33bd4b4736c,f,f,f,f,f,
2755516,t,2026-08-05 13:45:26.49007,5dc5f580d0d7113d46ca08cdc436cbcce638232b7a06a6c0ed0e64318f87bf38,f,t,f,f,f,
125734,f,2026-08-04 00:08:10.61282,2a704ec6e99539db1177eb6e2d9f3088c3d7694e5417c7772c06ebbde3e43a98,f,f,f,f,f,
2714524,t,2026-08-03 15:08:12.67482,56ed2f99134c7c90b2e48f9080e76002ccbf374c9b41ff5edeaa287ed8c160ee,f,f,f,f,f,
125745,f,2026-08-04 00:08:42.899995,7d3fc968cd55976403ac0d270fe79fba6e12a1f7d520cf895b43edf84efddc2a,f,f,f,f,f,
2737327,t,2026-08-03 15:09:17.830771,41d41de0c2ece5b7625810f0d5a59320ce402af6ab412d176723c8469fb3961a,f,f,f,f,f,
2738764,t,2026-08-03 15:09:19.615057,ab8fc5f784a978d5c8bd8dcd0e14fe1928f0c3550743faf8aeba7b51c95adfbe,f,f,f,f,f,
2761876,t,2026-08-05 13:46:13.021042,5815ae13c1182f95097e4328cf3ab7ade63b4988949221582788ce936daf65ca,f,f,f,f,f,
2804284,t,2026-08-05 14:02:50.098812,3196ddc7a8b6791973c6838ab8c9cf3cb05eeab565ba0c3ae2e009cdf6ffbe6f,f,f,f,f,f,
2837965,t,2026-08-05 14:09:53.400789,0d7e628b886e36dfd4731e71699c9ee627fb9f1e18ced03c8e4e4f15eefdee2f,f,f,f,f,f,
2911291,t,2026-08-05 14:03:45.87261,c4e1a5ab6e82462d194be595ebd47ef08d82728b74619c1baf4b00472b11d60d,f,t,t,t,t,
2714726,t,2026-08-03 15:08:19.280915,621225cc677e2631a93ff21b12234415d191993fd4f94e80a51eb2a127cab9e9,f,f,f,f,f,
2837981,t,2026-08-05 14:09:53.700833,97c02ec262d49d3f6a9cd17c064f2be959b1303431792103910d3d416ee82734,f,f,f,f,f,
2792291,t,2026-08-05 14:02:15.151642,9b94f4be46499bc90aab6e6f2b09d7b1f35ec8359974a609c6e553004772bc8e,f,f,f,f,f,
2806196,t,2026-08-05 14:02:51.466633,c7a61628ceb085d8d99d8d5fd77d961b4b5c403e6058c5a4f4bc6f126e80fd46,f,t,f,f,f,
2911985,t,2026-08-05 14:03:48.574626,4116ea4698f5c65b6a48667eb7e88e0d912cc01e040030360e754237e6c5808b,f,t,t,t,t,
2913207,t,2026-08-05 14:03:51.574207,3ddec74498771b74c6d97c7a60611cf5e104ce82a9912a4b627d2cc09d456cd4,f,t,t,t,t,
2913270,t,2026-08-05 14:04:02.980685,141efe0c8c432cb0c4e32473a1cf153c84822b1e4f7c9d64c970b62ce78c9176,f,t,t,t,t,
3074861,t,2026-07-30 12:38:44.641711,8cc87bd87564e2a94d8a22d873036d2e42977be2d286a99e9031e959c6dca744,t,f,t,t,t,
3076689,t,2026-07-30 12:38:44.641711,2fefe20ebece387e1d34e4d8ff3ca64fe04f75947be30b8a96ece3b84d70c88c,t,f,t,t,t,
2909326,t,2026-07-30 12:38:44.641711,d9291ef5b7f9cd15f39bc0b21d49b591ec55f6babd2b1043071ce4bfaddbe532,f,t,t,t,t,
4038919,t,2026-07-30 12:38:44.641711,4e5c5e846f95e1ce1aa528396714c7124de0312ab8df78291cd8d4ed8ef0a516,t,f,t,t,t,
4085187,t,2026-07-30 12:38:44.641711,e1e179159d53ebd3c97bbde08fc104785e6f8b34450752a5bfe3fefe07957820,t,f,t,t,t,
3037222,t,2026-07-30 12:38:44.641711,57dc1107891eeeba0c74cc1ddc7da2cd7bf9f4b30adcc0bed273e453fafe1e56,t,f,t,t,t,
133786,f,2026-08-05 23:02:34.327063,5338e19cc2e68d938537b752e81a6f154bcdd65bef773687933250edc9089bb1,f,t,f,f,f,
4079527,t,2026-07-30 12:38:44.641711,9e585e72b4974eab532559b3a9ac3b317b255efce815d7ce43bcc909b6608763,f,t,t,t,t,
398138,t,2026-08-02 12:09:00.944332,7f451d9e2f32fcf3973e7e7ce4a517bb10c46d5e8f24280717f1e4f6e54aade1,f,f,f,f,f,
129305,f,2026-08-05 22:49:33.968402,25ac9dab46426505259ea0fa76cee0226e1812f7c25cb09ccf94c23793b97bc3,f,f,f,f,f,
4075091,t,2026-07-30 12:38:44.641711,5009d76eee0cda6183df5570039d11eabdd6c82fdcc1a3fbb636d85bbf5429c4,t,f,t,t,t,
4081268,t,2026-07-30 12:38:44.641711,34942de4debf80f7657aa593576b24de3cac754be0ac2b90972777a1e9753590,t,f,t,t,t,
3333975,t,2026-07-30 12:38:44.641711,efdb797442f2e8564efb02b1dbbf591ebf10e9a9c0f96b8a6dea9972add6cc80,t,f,t,t,t,
4025026,t,2026-07-30 12:38:44.641711,d8d2726391c6c163f27c0bf86427900e6816b158de6cfadc79d722b32fa012fd,t,f,t,t,t,
139054,t,2026-08-02 12:00:54.023997,61bdc7dc85de571281ad27743f0bfe250f178087b8459dfe40812f130620f741,f,f,f,f,f,
2539802,t,2026-08-05 13:46:40.899311,0368a1876f5d64ca9a23bd27092a7f03dab9cdda0ef13b4be961a959f49990bb,f,f,f,f,f,
2996726,t,2026-07-30 12:38:44.641711,a9c4ca4a9d0aa9e8c8696f6187e33bc7ee5d0363d6e3ebd65de007185b526516,t,f,t,t,t,
2858935,t,2026-08-05 14:10:07.510755,f64f0b5480b6b50b89da637a5aacaf1263583bea0c32253a8d47d0ae0eb57f55,f,f,f,f,f,
2807694,t,2026-08-05 14:02:53.573001,5bda0d253625803e596eb529fbb2420e095814b0ca4d3fb1f98887b73db7fc53,f,f,f,f,f,
3044525,t,2026-07-30 12:38:44.641711,db0e781ec9437791eef3f13627f5c6e90065343e431411432bfdbff055456cc8,f,t,t,t,t,
2929650,t,2026-07-30 12:38:44.641711,7a1c5973d497bf0f745942738b0660b3df8fa33f53667fd7c1d149bdcddf752c,t,f,t,t,t,
134368,t,2026-08-02 11:58:27.447121,b16bb1c720465441efbbf6e66d11820e71bc894b2c7155abd02b09a458e33dea,f,t,f,f,f,
337517,t,2026-08-02 12:02:21.937039,c19a09d03804120f73bf469ec1fbeed1dd30c7c1a5ca3953bc5574b88d4ab804,f,f,f,f,f,
1626209,t,2026-08-02 15:08:31.877583,cc9c125b5978c916495f338f5c3cb06d4d78f108aff2725853646c1e5436b4c6,f,f,f,f,f,
745328,t,2026-08-02 12:10:32.320467,b3741a283919dbbed73b176d0e77bebc911776f1ec84807e5ad4b58d62195852,f,f,f,f,f,
1722441,t,2026-08-02 15:08:35.444488,c305ebf821f90aaa77677d92d1d960bee70bab0f9d7e2041e49f72765f3fb8a2,f,f,f,f,f,
1954348,t,2026-08-02 15:09:13.867627,66d85b45ff8f998a98e8a5596d6482b3f696b3fe53b9dd9a96c2c2b6df402fd0,f,t,f,f,f,
1960926,t,2026-08-03 12:02:44.896551,1dc0ea9c900c0a0cfccaf6d2e8d43df043cd971b614f2042b8cefc8bbcba451b,f,t,f,f,f,
2613277,t,2026-08-03 12:09:53.446105,50daae856046f5330543f9d35b3edff81251d600eb757ef2f45e34eb2bf2081a,f,t,f,f,f,
1769697,t,2026-08-02 15:08:37.546755,d8a77fb0e3fc2acd70db36e7be32876d30d5718ab7b61aebf0539634402f1c43,f,f,f,f,f,
2514555,t,2026-08-03 12:06:54.61702,71276cd1ca3d1c5a8634e847bafc6a1bc00244b4c882afc83feb07fbfd144147,f,t,f,f,f,
2685355,t,2026-08-03 12:15:11.419445,7e9345b96184e79f1e3fca4f1e7c04e7e648024fbfa68f2e8cda866ae9e3c430,f,t,f,f,f,
2875565,t,2026-08-05 13:56:45.908341,fe33165d909112678c94dc1b53e5036d5142978b9585e0bb5182978781a95c08,f,f,t,t,t,
2685360,t,2026-08-03 12:15:11.720971,4a8c4721604e5826a9018455766d3339a3d4acc6a56603c836d7662a170b077b,f,t,f,f,f,
2491622,t,2026-08-03 12:09:02.125237,5adb151c627ae6cad974a0f5ca5c804bb5c2b585fc8373e92810e2275678c900,f,f,f,f,f,
2685349,t,2026-08-03 12:15:11.13148,686968de9d2adae718720cb0a57b6f6c1401954e29558ea3b9a7585cd71f1373,f,t,f,f,f,
2648266,t,2026-08-03 12:13:35.315248,a93f4e6ba53fee9887a4ac4c94081c266afee17bd6d8d2c070684e77e2fb0925,f,f,f,f,f,
2704983,t,2026-08-03 12:22:32.838545,01ecf6f72f49466c02d7e323b5c8b6008943a531747e5b653ca0b685d2f685c6,f,f,f,f,f,
2726707,t,2026-08-03 15:08:47.196077,21f834fe3cd640a662db0557498c5fb05358bbdad8f988beef5be8cc2a295a3d,f,f,f,f,f,
2734324,t,2026-08-03 15:09:10.911318,99a28569b50aae778458fa90a4a0722d13fb5a95ad45db79e12fe5ebe419ebe3,f,f,f,f,f,
2837997,t,2026-08-05 14:09:54.016416,1f09144f6dad69de7d4918caa13ade40226b0fca50f38b02fd33e8912409b9e0,f,f,f,f,f,
2755563,t,2026-08-05 13:45:28.616817,76d110de4a4c643614846d6f4307dd002df8d60b924b094fe01b181282611938,f,t,f,f,f,
2755701,t,2026-08-05 13:45:32.198614,ca81703a17be27c1e847e9681ed2b8e06d028bf094fffeac1b7d89626628100d,f,f,f,f,f,
2715219,t,2026-08-03 15:08:24.687692,5263063313affc005379f974fd63379fbf958f56b5382d252fdab8ffda44437c,f,t,f,f,f,
2715272,t,2026-08-03 15:08:26.182356,d49f2fe8acfeb1ca910d43e44f0efbc4f64728e5f34282889420a7597ed825b2,f,f,f,f,f,
2737337,t,2026-08-03 15:09:18.715659,f29aa09e47271d7c2051399164c499b7a6b1571791b5e54710f685d0fc62666a,f,f,f,f,f,
2755817,t,2026-08-05 13:45:36.098075,a8ee3f3b3337a1f5229c081ac8d2419adbc750de5723ee11ec6ba7487870fe66,f,t,f,f,f,
2755711,t,2026-08-05 13:45:33.094999,4c0a7acf2af53eab3756acfd6f0769a9d03bb391372982c511feb058bfc02207,f,f,f,f,f,
2892030,t,2026-08-05 13:56:59.423632,c00c0db58af02dfd97453ea1e7a4c2a0cde46e7dbe281cd0560cb93582d314f4,f,f,t,t,t,
2892475,t,2026-08-05 14:03:11.3511,f5102bec9142dea08f50b5ed6e139e139896d39d16c9e54a706fc244ea19c586,f,f,t,t,t,
2892043,t,2026-08-05 13:56:59.71865,23f5335600634785a23d042c20048f26be1eaadb5cd728d02c5e25954290bac8,f,f,t,t,t,
2909474,t,2026-08-05 14:03:43.77617,6a660d7168459b9a0a03718e1ed135974a9457e74db6588cc73d823adf11f92f,f,f,t,t,t,
2838013,t,2026-08-05 14:09:54.299393,c6fb946500e4729d0e29b81760c601420de37b3ec4fb883369974c03dbca1fb7,f,f,f,f,f,
128746,f,2026-08-05 22:46:59.430962,f8bf1e3248110f946f9cf2f0d60b79a20604c254f83e1003b5f8b6579222ed0e,f,f,f,f,f,
128074,f,2026-08-05 22:44:27.955116,31959392327b00c31c4bc79c0144438c86e72a148f93d591bad76f7adf8d96d1,f,f,f,f,f,
3072042,t,2026-07-30 12:38:44.641711,2c93145a958064134cca3a0d6df33b7105d5df82c91dc4b053ca75ea27f48f78,t,f,t,t,t,
129006,f,2026-08-05 22:48:24.203742,7ffe151b8758d182e2cf9c234b77a6721225f53beaa91029853b781226e128b0,f,f,f,f,f,
3044559,t,2026-07-30 12:38:44.641711,903b75f4f288afbfcb864c331296f240ca74dd4be5f34870a85b5c3b15291559,f,t,t,t,t,
2790500,t,2026-08-05 14:02:04.645329,c6f81bd20c5b881670310d3ce85eba16f41913e19cfab5010bffd073cbfa7042,f,f,f,f,f,
2752273,t,2026-08-05 13:45:16.287105,2c463cc5ea8e2b326f8538bf60a8310d41b23111b0dcf08253c82f634613f2f6,f,f,f,f,f,
2909535,t,2026-07-30 12:38:44.641711,0f825cebe51349e2114019ffbb3d5247434644836b2d3758898f6b8745bed4f0,f,t,t,t,t,
3542489,t,2026-07-30 12:38:44.641711,a48e6a674a50f1651d9c580600ce874abf5f277174f244210f220b359e768261,t,f,t,t,t,
3428229,t,2026-07-30 12:38:44.641711,76ec525616dbdf431242ca84b0ce1b78cf7b94b124f262ba5d6d96fac4a42f17,f,t,t,t,t,
2923250,t,2026-07-30 12:38:44.641711,93e6d89a8c663587af497cdb038622d13f090105af4cf2b482bd982cbd4ed90a,f,t,t,t,t,
3490410,t,2026-07-30 12:38:44.641711,445ae1dde9f6db3047310903aace7debea5dd8c0669d8d6b721d21b64514b7eb,t,f,t,t,t,
2755468,t,2026-08-05 13:45:26.192192,a091b798bf8d6b0341879769b394e569338a7026ee49f098825429ddd09d5eec,f,t,f,f,f,
2951595,t,2026-07-30 12:38:44.641711,6f9327c8dc98086b1d47e7b9ad86872ece4217a747852fcf780288ef7ae7f514,t,f,t,t,t,
134334,t,2026-08-02 11:58:25.248768,5dd5f30e7f665dd21d794aed87e054e27ff1d950df32dc7c153af73142c05311,f,t,f,f,f,
2774538,t,2026-08-05 13:54:15.706723,2614aee568324d5b9ccfe90ecfc4ca49f881dc908b8a76322dc1d593a65814e0,f,t,f,f,f,
2915918,t,2026-08-05 14:11:07.676687,2fd2dc4d5eb2e616986d55f2009dde154f19f58c07a88d5712599e8e80b2c99e,f,f,t,t,t,
2755562,t,2026-08-05 13:45:28.319576,382be6aca892f8b2aa26e5605e1ffe2ad0ee22d61ce37864039f6a006ae447cc,f,f,f,f,f,
2909518,t,2026-08-05 14:03:44.066124,f29d4469ea0f07277e1dc69ddac787cb732eeabf737822619a1d788b50bd1f92,f,f,t,t,t,
134355,t,2026-08-02 11:59:42.772542,57259093bf80ce1d1620601e89243ec6da0c64722d50152f688f154cbb91e504,f,t,f,f,f,
513977,t,2026-08-02 12:09:12.306082,e9dc8d95c686d3461d122cdda97a11065ccd2b8e4d160be11b7118f8a34c3cfd,f,f,f,f,f,
514175,t,2026-08-02 12:09:12.607513,3336ad1283c9063abf07039d44af4f360de117ffba31314edcf729edefc50cb4,f,f,f,f,f,
513725,t,2026-08-02 12:09:12.004604,3e9f447ce19fc0097dffceb174fde8a0c0ce3392044bf96cb822fe79915c4707,f,f,f,f,f,
629503,t,2026-08-02 12:09:51.666357,de4e985b2ae964f990880a1e0ad3ee133eb0bd3b5076e9acfe4681c382dc2df2,f,t,f,f,f,
2789710,f,2026-07-22 16:02:52.196088,6d8050977b1996cf376d7dbd3cb894bb9f204c93406a169bd949b38dc2e1abbc,f,f,f,f,f,
513284,t,2026-08-02 12:09:11.187191,c402c43afd27da9ef3689fc4686b88730fe62ac0f1ba27a957955852a232368c,f,f,f,f,f,
513482,t,2026-08-02 12:09:11.702712,dd8a99bc7d0bf4b741a77ca8ad80c3e392b546a7f299a826894302244fa92d36,f,t,f,f,f,
1684261,t,2026-08-02 15:08:33.949728,35a050776354abb06e68331029d74a12f86d3f4380238e38df41515a3f791ec6,f,t,f,f,f,
2027215,t,2026-08-03 12:02:57.50482,03632503d131c9684a928c5a95fd48fc342dc80990ec019d92cc85bc9163d1a4,f,f,f,f,f,
2380348,t,2026-08-03 12:08:30.963738,fcc700df87fbac0c8034f9cb07cba8cda53e69a0db19d70258241272f1aaa4ee,f,t,f,f,f,
2685498,t,2026-08-03 12:15:13.213528,c8daa61f7e41c3995154f6c1994b4404efc8b68eaba315030836d0313c54af5c,f,t,f,f,f,
2613675,t,2026-08-03 12:07:50.450372,c3e1950b9aff4d9a05be33ea859485dfac46c8a02dbf04ec2349f0ffe8772983,f,t,f,f,f,
2613677,t,2026-08-03 12:09:54.949232,532e3669cb571daafd2563743e7e9666cc3a0a0452c835ab8ed751357887a6ad,f,f,f,f,f,
2685507,t,2026-08-03 12:15:13.847373,06dee62bf53ddcdfd73935ba94f2fc11e876592f0f6fdfcdffd0283814d5176b,f,t,f,f,f,
2380443,t,2026-08-03 12:08:31.563957,97f155b3088327c546b8d854547528f922ff665611cd8a1a6521131a3a35db7c,f,f,f,f,f,
2685508,t,2026-08-03 12:15:14.116559,612212ef3b8e18846c7eae5c7d61c8b59164716416a2a931d947ecc18a8616fd,f,t,f,f,f,
2681517,t,2026-08-03 12:14:57.018635,3d50d0ab1fd9aa53d0c37aa20ea0104410f23b4ef3f0e1e2e21f1bc713368fb7,f,t,f,f,f,
2685493,t,2026-08-03 12:15:12.927171,475aa4ff682ec9a7931feccec9a00f01e697364268b4e2bc3e97f91dd1b62503,f,t,f,f,f,
2734271,t,2026-08-03 15:09:09.703366,a569ed1f6992c28430ce7351b51546578a7442da024659f086623359059430c6,f,f,f,f,f,
128377,f,2026-08-05 22:45:52.087626,4c8af200f6fd6af5e67474c0f6ad94f5be7e93362c512943c32fdfaf70935fb2,f,t,f,f,f,
2762033,t,2026-08-05 13:46:16.329447,457d0367198ab87e668e889b02322242cc90cf324d94300deb6f2a3f691003ed,f,f,f,f,f,
2762179,t,2026-08-05 13:46:16.618726,a15e9b2c85a225b5238cffabee6e6e2b2622b3ceb9ecdc5bff4d1d6e8c90c249,f,f,f,f,f,
2875588,t,2026-08-05 13:56:46.214225,c2d512b17907c69d9ea4dd7ac5080c1e3c01c267745c57b0d582f70e54911eef,f,f,t,t,t,
2875629,t,2026-08-05 13:56:46.511408,2a9cf57d0124898c16bd990fd25fd3d3a608fcb501ef0e2402f8cfb925864a6d,f,f,t,t,t,
2875671,t,2026-08-05 13:56:46.810271,aceb8064e8ebe182822fac945945623e9f6b032ea3eb9a3e09e89690aa55fe27,f,f,t,t,t,
2923240,t,2026-08-05 14:11:13.068728,f0e51242fa02bb1d707e01435fab7cee188eebeef8e12d610af9a16eae6e3abe,f,f,t,t,t,
2715218,t,2026-08-03 15:08:24.376527,55c6d89c529da47c2d00dd24fd10382878f44e5689fc422438566d2e1adca57c,f,t,f,f,f,
2743211,t,2026-08-03 15:09:23.514352,616215cc6dea02f0f7df42327b0468d6c308bfd62992e98a5501fcb42e8a593c,f,f,f,f,f,
2875712,t,2026-08-05 13:56:47.114359,6f226d7cd1cfc2bf772635fe0eb7d84664e52b4242abd4b4ab056446c58bb1c6,f,f,t,t,t,
2789625,t,2026-08-05 14:01:52.635032,53f9cdcd676e77bed72414931f6daca732b9de6e3184eb7bd9f5a147af5c6391,f,f,f,f,f,
2923260,t,2026-08-05 14:11:13.386901,71a9e8760aeb03114685a64b7dd22db4d6951ea441c4f29423382ab67656870a,f,f,t,t,t,
132445,f,2026-08-05 22:58:15.258796,51c286786d4e7051509b8114c5d79b9888efc78d2bf57df3b7567420369751bf,f,f,f,f,f,
3044623,t,2026-07-30 12:38:44.641711,e59ba837a21cfc4d8148dd99553e46e61de6402444ed707bf3ac6833ec08f3be,f,t,t,t,t,
3102086,t,2026-07-30 12:38:44.641711,72b29375c6350322e6f76b84c4f0561571a9cade6a72431f9ebcebd89fd69bf9,f,t,t,t,t,
2683893,f,2026-07-21 22:34:41.040808,b687402d6e19abd6e1c29defe1f1ba176b5211bcf28e17fc7a0fbe644cd4bfeb,f,t,f,f,f,
3348343,t,2026-07-30 12:38:44.641711,2df074d8d6054e0a43a6e57551c5ef2ad14f57aabe6504c71df030ebfa2de529,t,f,t,t,t,
2939639,t,2026-07-30 12:38:44.641711,dda90cac367221da397a46f11ed97117e3c4f2da2753d32de2c438c3ae55ad5a,t,f,t,t,t,
4068911,t,2026-07-30 12:38:44.641711,587970f05e5fbed8f1e2c2cd3d3eea2622ef389db8f316291a8b979497f17c9c,t,f,t,t,t,
3451068,t,2026-07-30 12:38:44.641711,2573eb76010dd276b5b8d78e34384763becf534b1d1e2c484820930232c08318,t,f,t,t,t,
3532981,t,2026-07-30 12:38:44.641711,ccf9471add9873d1a908195704cde42ea0d31bdd6771dc19acb3e4a3cc3ff026,f,t,t,t,t,
125807,f,2026-08-04 00:12:26.762164,3e6a1f317b88aa15e1ec9276b43e13d51b4ecf3582fa1a07f8e4ce6f1fd2fb55,f,f,f,f,f,
2951844,t,2026-07-30 12:38:44.641711,6b3f9c0bc67b3039225491727b7c176724db6e858464ab57ca68eaa370f3ba73,t,f,t,t,t,
2685550,t,2026-08-03 12:15:14.715745,249274b689d8be95abe5b6699858e995ad78faa02d0de9e74b3b3ebb47916226,f,t,f,f,f,
134580,t,2026-08-02 11:58:31.607402,dad42e92bf40b19a8e756a71c6fc635498d47b854ca6b173933295391745cbb1,f,t,f,f,f,
2892120,t,2026-08-05 13:57:01.228309,0450b17ac617620b9b7cd55b42a36ed4a33458f9eb3c335fa91f75c2753ba690,f,f,t,t,t,
127734,f,2026-08-04 00:19:27.675516,c1ac760cbfca138251159267d74081bb95a1232a3be37ef6e3f940337471b948,f,f,f,f,f,
1910074,t,2026-08-02 15:09:04.271304,e4c5b0253532cba36b2270132151fc23538447df162532745b34d8b62db8471e,f,t,f,f,f,
130882,f,2026-08-05 22:54:14.362824,f647748ec8aee2d17efb3c91428d6c9bf02d0dcdc0faa01af55e7ccd60058971,f,f,f,f,f,
129259,f,2026-08-05 22:49:01.943914,d6c28c67858dad960970677df8132069ba8cae180ee7751dfab623d10f9ec2e3,f,f,f,f,f,
126773,f,2026-08-04 00:14:16.284343,166592259663648bf865155aabe28eae4b37973c12e260fa8f8e6e2e2eb14d07,f,f,f,f,f,
128748,f,2026-08-05 22:46:54.052027,df708f8ca22731198ff600bb517cdd0597467b6dae4bf304fa0c839fb6ab92ff,f,f,f,f,f,
136590,t,2026-08-02 11:59:54.900906,689ffca4b1f579f96c5ce52e3721cc29c855cddf237793ab498b21005ddba3e9,f,f,f,f,f,
138696,t,2026-08-02 12:00:34.026037,a025a5cee80ab79430515d5d4664e513b4040507e67dff9aa4c05ab78be7b740,f,f,f,f,f,
514561,t,2026-08-02 12:09:13.206845,4d6db4e7d03de2dc2007f1b576edd1ce3b706b37e7ceca81192433bd0f9180b8,f,f,f,f,f,
136549,t,2026-08-02 11:59:54.585506,74a0bdeede7419159a2133bc170951031b9408c2c084d97d70df3507bcf176f5,f,f,f,f,f,
134267,t,2026-08-02 11:58:20.352246,380faa0e7f6b129369cf08aaeb3c3624f67f20aab5243cebbe779340d638673b,f,t,f,f,f,
136548,t,2026-08-02 11:59:54.300416,157aaba021d066e330714a2d4eb138e66f40f6cb2c2160b51c081a955e243eb8,f,f,f,f,f,
607556,t,2026-08-02 12:09:27.617422,a538988614c6f36ab84925f92ff0aecbdec442bdd4e56a69ee0bd1bdf3524191,f,t,f,f,f,
629617,t,2026-08-02 12:09:51.927612,0ec08c8c17caa7ac44d72c86ee4bd3423a4aae8168dab49df427dc4de62d5c9a,f,t,f,f,f,
658851,t,2026-08-02 12:09:57.986474,2c999e73e8054439c3a6882302bcf674f00b734ca36c85eae62d6d27e865cf56,f,t,f,f,f,
496377,t,2026-08-02 12:09:04.802995,cdf1aef0d8c59cb9a1dee9b236a55b8b9b943f0b6d77945042db0afcaf799ecd,f,f,f,f,f,
513359,t,2026-08-02 12:09:11.446175,e50d3d7fd4fa0ed8b3bf36bb77841e7648545103d2cc45207763167f7e4e8d8b,f,f,f,f,f,
398170,t,2026-08-02 12:09:01.542434,13677dc34d4d2254c98a7024be340698a864dabd6a9af59144d9c41389537205,f,f,f,f,f,
2685551,t,2026-08-03 12:15:15.015346,7110111e674b10e036866f3ef444f74b7f07b6ff65bb0db711892795f1bf99d0,f,t,f,f,f,
1030627,t,2026-08-02 15:08:18.335179,07b6f9a372df832718915178faa1f1d610c59ed59d97532238434ad3449f03f1,f,t,f,f,f,
125611,f,2026-08-03 00:06:25.210049,2685f360dd9afa175b5bb186eff4fc8b72619b84aa4c4944c727d662906bfc9e,f,f,f,f,f,
2380945,t,2026-08-03 12:08:31.868732,9816b23a47d8cfcd4196004068889f4df69ef745fd996cb846ce02d3f7e6d1c1,f,f,f,f,f,
2380368,t,2026-08-03 12:08:31.267374,152a96bc07f1d9c8f042192491d9a525e895a079aa81fc87479785a3e47c9f5a,f,f,f,f,f,
2685552,t,2026-08-03 12:15:15.317381,0702e0d70d08251bee483e2ede3a2fe08800ca62d69b4c0ab5456328380ce6fb,f,t,f,f,f,
2685504,t,2026-08-03 12:15:13.52514,06d68230f81b095a8c13f64dc5ab3d3bb729853eeee91ffd73cca5bd0043b35a,f,t,f,f,f,
2685549,t,2026-08-03 12:15:14.40883,2848bc9b7438606c6f1674b08566f5a3721907b1a75175eabff48107c7c3a4f3,f,t,f,f,f,
2714198,t,2026-08-03 15:08:11.770576,8a83b371b4baccc10cc74240e15209f8f9927a3f2c31371c0fd876a51e4ab2ed,f,f,f,f,f,
2730188,t,2026-08-03 15:08:53.803548,a8175b87d087448dfd26f3b7def657c5f0fe3b0d2ff5dd8960b5bd8071538a98,f,f,f,f,f,
131299,f,2026-08-05 22:55:01.409363,ba01b3f5fba9500f0a7bb588bdf0e8bb5680aacd6939db7f427540a4332b9c65,f,f,f,f,f,
2755590,t,2026-08-05 13:45:29.494262,3f9039fff95c95689e5f29316838ba4b0c6a3cd8fe59d7bc798132be094d0f64,f,f,f,f,f,
2762785,t,2026-08-05 13:46:17.520193,2ea447764d189361c14c1c592e943aae80b30c7a5387905ff75d3e1d1478fe40,f,f,f,f,f,
2774541,t,2026-08-05 13:54:16.619428,5b4ebde4f2ea0845aa0e8be39e887b9d2ea0f58edc4f9bab8d5b39e2b95bfeac,f,t,f,f,f,
2720873,t,2026-08-03 15:08:43.298114,ebcc5b3b6c13d0f0d56ff14bc12ca8874d918208eca0ca58a82b719e6a7309ee,f,f,f,f,f,
2875531,t,2026-08-05 13:56:45.611158,7f766fce2db4aae56bdb201b1be9ff6e144278d56c77b5d043db51b227520d41,f,f,t,t,t,
2822688,t,2026-08-05 14:09:47.397114,8c0c535806314555a9a4b69c1d73a63def684a51ec8bd427885d26c48b9d4d47,f,f,f,f,f,
2909555,t,2026-08-05 14:03:44.375055,db2396df3fe6c0f7e7c25aaf40161789264056e3fa7419c58553f0d46f1048d9,f,f,t,t,t,
2731137,t,2026-08-03 15:08:54.695142,39907430d0faeb8c62a444810188ece98ae6af7d2cdb386dac39757f77507ffe,f,f,f,f,f,
127516,f,2026-08-04 00:17:50.218889,f947c783deb70e008a43052495cedbce9692afcb7fc1c6da5acac9beb616d6e5,f,f,f,f,f,
3044648,t,2026-07-30 12:38:44.641711,208a2ef8de04bb520f04c447f542c2aefbb0436348dfce62837bc6908981f236,f,t,t,t,t,
2927438,t,2026-07-30 12:38:44.641711,ca2689d48fb53db2391c0ea7557b171d626dd30cc3f15d64f5f5fd008e14de41,t,f,t,t,t,
3469417,t,2026-07-30 12:38:44.641711,15c5c4d753b42a08e1e41061ca199499d5e981d5e73cbadcae7811248b708779,f,t,t,t,t,
127302,f,2026-08-04 00:17:00.342225,c8660b52803fb5cb18d9f3a36889b011dfc2d0e860bb94d9bee9ecb7a2d3d305,f,f,f,f,f,
127809,f,2026-08-04 00:20:01.356561,ef3200a6aae81dbc8e665b96b2225f228529187138d265c69490436a3b53170c,f,t,f,f,f,
126601,f,2026-08-04 00:12:38.537664,a1ad0e372d5bf2f616fdd852fdab8c5b04fc4dd9f73e9db5dd718403bd6c2172,f,t,f,f,f,
3334712,t,2026-07-30 12:38:44.641711,f437fc0f1bd75a51cada3e6c4118e2a5b54cc755ef887578e0dd43eeb59b1767,t,f,t,t,t,
126710,f,2026-08-04 00:13:29.454602,1342efe699554fae3e05586daaef68d49b90e9ff3b69841809c2e58218b11f86,f,f,f,f,f,
2925292,t,2026-07-30 12:38:44.641711,4fd12a6556ee33f3a57deb930bc4980b813be99105643a2b1087914c6ce9d323,t,f,t,t,t,
2952000,t,2026-07-30 12:38:44.641711,5b0c18f6e8e6c2f7f47f22602a4af22e4cc62c600640c636817941b1bdc7472c,t,f,t,t,t,
127826,f,2026-08-04 00:20:15.372133,a7ed335b7d5c6e57b9100204b20a755c5910d1149355493e714f63fe6bc954ee,f,f,f,f,f,
3476653,t,2026-07-30 12:38:44.641711,40cd08df9c57eb7b83f1a2e72023d7485fd3c0074066164c801b0e2408a0dcc8,t,f,t,t,t,
131970,f,2026-08-05 22:57:20.284409,7936b1ff5236f3b1bfb5d9d5c255fa173a04d4245849a7d23ba8b0b76f0a51e8,f,f,f,f,f,
3510248,t,2026-07-30 12:38:44.641711,54b6cc754e627ab7dd14cc585775270bc6de60de5083b177f33b50c388154746,t,f,t,t,t,
2681523,t,2026-08-03 12:14:57.309482,48632cf06f90d4cbb9520f9da02bfba65aaeb7f99068625f3377e3d9b9883be9,f,t,f,f,f,
129886,f,2026-08-05 22:51:43.030722,bfa235c84761428eeb383782b30ed36a29cf50261806884445aa23ab1ad987c6,f,f,f,f,f,
2732456,t,2026-08-03 15:08:55.909944,3a148937dbc7894875e7305817859345500cc1b28ff170316df555c7dcbc46fe,f,f,f,f,f,
136990,t,2026-08-02 11:59:56.418262,33d50443a06d355c0301141bcd38e48effc88e8597e7fcca37ef129447ff0c55,f,f,f,f,f,
131788,f,2026-08-05 22:56:30.886315,59fe7334182bab358a83746e117bd3f691fa44c99e8ba8fc52b8301e5af9e8c4,f,t,f,f,f,
2875986,t,2026-08-05 13:56:50.125515,c3e966968ecc067db1f71183dd30b3ad5796279ebb94a56f8b4d0f7ef8c943dc,f,f,t,t,t,
2762791,t,2026-08-05 13:46:17.823594,2d699c8a5428bd890035d81945bf31ce5909c8b501ccd0da2491b22ca8e8f416,f,f,f,f,f,
128298,f,2026-08-05 22:45:24.299373,b1c75b0c8a1580680eb021a83fbce1b0e9c1541f4c001cd75438e0080be42334,f,f,f,f,f,
232325,t,2026-08-02 12:01:37.962919,be069e9e43ea364f3ac85454430708fb888941179cc929550fb9a8b7ce8bad31,f,f,f,f,f,
407202,t,2026-08-02 12:09:03.31026,424b37419bba0fba1cdd1614fa1c29dfe76558ac475298c7894341701082e5e8,f,f,f,f,f,
514521,t,2026-08-02 12:09:12.909476,f535f90482bb01048a49263f556feaa52c6181bdedbd77f671ff04baac1002b6,f,f,f,f,f,
1122064,t,2026-08-02 15:08:21.634928,e3eda83bc5493363ae4b3166fe97f769271fc53d0bda6c7a7083f51e00677f0f,f,f,f,f,f,
627268,t,2026-08-02 12:09:43.828494,3e77a8b0b0a8c6a001f9c5b277df83f6b5a54ae9dc0f7134fe9db63cb6562ad8,f,t,f,f,f,
895963,t,2026-08-02 12:10:42.225892,56683461c1e07fb02f629af943fe67d31c4c6d4e77d6ff3b8783813d46921887,f,f,f,f,f,
798017,t,2026-08-02 12:10:36.826279,e7cf15ee49989da90e17125f372cefd91fb11f593afe3834fe70cfc4fd7faca5,f,f,f,f,f,
1857095,t,2026-08-02 15:08:57.369235,e7c680b7d83fb04b532140b9eb08f3af002a14cc0a0571c6c57329a41df14420,f,f,f,f,f,
1917281,t,2026-08-02 15:09:06.077603,d3bc7faf36d2a06089e008378925489f65fd31cdf0e5dc6d984e92a545ccc486,f,t,f,f,f,
2027280,t,2026-08-03 12:02:57.80617,274b3cbbf90681be77e26cbc3a7e023e360f453a195bce7a22532dd6544082a1,f,f,f,f,f,
2524174,t,2026-08-03 12:07:01.270115,ca3a916da02f160ed260b4f2e4e91769cbfdc556ab49fe880a2f4a86bdb2ff18,f,t,f,f,f,
2683975,t,2026-08-03 12:15:02.107411,566837b42ab2358ab6c931c72d37c1d41335b3a6d08b06a764b3bfb0c03b561f,f,t,f,f,f,
2702135,t,2026-08-03 12:16:54.800876,8cf727dc5a330ba2b372a8def6bee8a69d8e762add0749c0cfca038cec51a2df,f,f,f,f,f,
2685838,t,2026-08-03 12:15:18.61552,929ee9eb022b2056623c970822074851f77c5dbb7a053274e89d1b143ff1c8da,f,t,f,f,f,
2685963,t,2026-08-03 12:15:18.920016,41678cddd18b3005fe382b3239884da612215ab3b65026cf930c02afeb80ad7e,f,t,f,f,f,
2673991,t,2026-08-03 12:16:33.79136,4e4fb195a4123a364a1586bd89bb1040a3c80902976f061728d2bc98a4067954,f,f,f,f,f,
2614913,t,2026-08-03 12:09:55.25292,448e71ae681d64df828a7d985b0b548409f6cc97b5ff39f865eff8c1477f8870,f,f,f,f,f,
2380303,t,2026-08-03 12:08:30.661899,1694e3ce3dcc9cba9b42bc33cba272d48c451c039310b2c2475be6a40e20e8aa,f,f,f,f,f,
2702474,t,2026-08-03 12:17:00.200629,20e1b76b1c2bf294ea744d52ef6f7723fada189c93e5c9be756d5aabf990e251,f,f,f,f,f,
2702475,t,2026-08-03 12:17:00.502405,f37f03996963db3d6b32678742dcd988d082dc75278b027880623bf124d27c1b,f,f,f,f,f,
2702651,t,2026-08-03 12:17:10.414167,1d3b72a4ba36042a47f07b37eebb0360f2ea1bc1be5d6f4bca8676b7ecd7ba99,f,f,f,f,f,
2681553,t,2026-08-03 12:14:58.208889,2de0928626036a312dab79be2c7e660a3af9da383e8063bcfef10844a59ee1e4,f,t,f,f,f,
2665226,t,2026-08-03 12:13:43.41667,bcd9ce256db8a6000bd6203bbd50ddae9137a42b6a97575a90df0df6638a76f3,f,t,f,f,f,
2665242,t,2026-08-03 12:13:43.717919,515c08a8b81c2894e82aaf18857066f6a5c5074837fdcdef9acf2c2806045c75,f,t,f,f,f,
125724,f,2026-08-04 00:07:24.525139,65dff8f1ee794b8431381d6f458bf629bed55671d94880385ac1336fb5e62073,f,f,f,f,f,
2755763,t,2026-08-05 13:45:35.194482,5ca261e6c4915d65ea41ed7cd7931159c4f4abeb3fe15b448a86276c8619e146,f,f,f,f,f,
2755769,t,2026-08-05 13:45:35.495984,5e78323e22e9cf2b049d465d458ac626bbdebb4e031261a05736b94362f1f997,f,f,f,f,f,
2762893,t,2026-08-05 13:46:19.022699,57a45dddc5761337b813d806807186d605e2fdb7451250d430bec335969617cc,f,f,f,f,f,
2876015,t,2026-08-05 13:56:50.412695,6d13e8671d5631db6f90226311d573c972e097e06eaf264e7465f3a02c5e801c,f,f,t,t,t,
2762901,t,2026-08-05 13:46:19.325281,0f18c063d4da85a5f05638c715f01bd9a344ae9f5132bed9b0e53d82ac488175,f,f,f,f,f,
3072228,t,2026-07-30 12:38:44.641711,57d852bd71f40625fafb3708dcd4ea81adada59c85a2739e1b09050d12807f52,t,f,t,t,t,
2908375,t,2026-07-30 12:38:44.641711,1cab2c3688dcf9143c779bb4f48e26fac05f1daef9cb0f107d310081255555f0,f,t,t,t,t,
127824,f,2026-08-04 00:20:01.018254,7482279c40f098a2dba181833505696db6572c282f20101a7c4758af516a079d,f,t,f,f,f,
127827,f,2026-08-04 00:20:20.738704,da1bf50517012e0507acd467495470c9a4b90faa9db97069384acf02fc28511b,f,f,f,f,f,
126751,f,2026-08-04 00:14:02.813523,ee629651670dc1d80e0d5392dc15243ee17af6807c91eed7d30cfa8522b198cf,f,f,f,f,f,
2891338,t,2026-08-05 13:56:52.217392,a601ed7aa8c9084015b6e9473dc96aa0dc59cdd512c13eed1e527197b669de78,f,f,t,t,t,
2914127,t,2026-07-30 12:38:44.641711,66f940492bb74c709300f9ed0f83feec6d5dd785feec02a8a35be9e12b09ab47,f,t,t,t,t,
3072216,t,2026-07-30 12:38:44.641711,4ce196c4baa88ba73fdda71609b73916c98e5f622f88dc5dcab43652762fffa9,t,f,t,t,t,
126886,f,2026-08-04 00:15:04.582836,ff4e27e89c71e3442f3eb0aa4f1f78db6c3aeaf03c832d5912f8aaba31167b3b,f,f,f,f,f,
2757149,t,2026-08-05 13:45:37.002914,0df5afb16e17b8e90f85c75f3743e2d5a145c62641983feea207a557830230ca,f,t,f,f,f,
127299,f,2026-08-04 00:16:41.916911,2ddfa4fa7bad9b95228f05a9f14efe50d5c5701c16cef109146c9ab4a741ac36,f,t,f,f,f,
126894,f,2026-08-04 00:15:27.632315,01b523120ef28dc8bf8312c40ac8594afc48f23fd1222890869379d0bc62a2a2,f,f,f,f,f,
126807,f,2026-08-04 00:15:05.32341,1e67f933a786a9fbe2e15c820ddb3d3058566abb7752b30a86fd17203d049ce4,f,f,f,f,f,
127303,f,2026-08-04 00:16:47.102533,389a04d4112cc926a070583484a6f97efb97f6ffb8a24aadba90c1762dc9a515,f,f,f,f,f,
1854625,t,2026-08-02 15:08:54.067849,28df513c634db6e265b8dd5639d43086ecec9c0206b397acc176b5cf6b1a4f26,f,t,f,f,f,
131941,f,2026-08-05 22:57:14.085698,f1f869d16eeab81d8b18cae1f9336024233b60066a4df59312903ab78ade98b3,f,t,f,f,f,
2892559,t,2026-08-05 14:03:12.551466,29fcbcec7457d0d918cfb61b74de0e040519e493454011e6ca99aea122baa545,f,f,t,t,t,
622333,t,2026-08-02 12:09:33.965179,e574dc1c91c177f4b31aebdd3bdfa82bc9a6d9207213acefee7f31f9c5632ed5,f,f,f,f,f,
130475,f,2026-08-05 22:52:59.90174,b4826d8a015346748de5f4affd381789fc91609e9d0037763184d9d770e516b9,f,f,f,f,f,
131774,f,2026-08-05 22:56:15.018198,d3f9b942b63397d5cd22b6f824086835a40abb7ced702b71b7e600f22a792f6b,f,t,f,f,f,
2728546,t,2026-08-03 15:08:50.503129,f42e305b05594e90956ac488f9a182a525322cf9dfd1b90c4d18bc9c15aff0aa,f,f,f,f,f,
292835,t,2026-08-02 12:02:18.59126,ed76ffd2328ace51a184a97fd71d09a4beb7a27008829b1e468bed4e50c57295,f,f,f,f,f,
627284,t,2026-08-02 12:09:44.125885,faccb741fd6258900f278e63cf8c76442b06d8ab19915b5eff073539e4fc5b62,f,t,f,f,f,
141252,t,2026-08-02 12:01:26.337616,e6122aed7dbda6571658d797cdbc64ef03693d4a807f0dcc0c33834294b4b41b,f,f,f,f,f,
134501,t,2026-08-02 11:58:29.545857,c71e642ba916613dce272ac4c1daf5662ae30bee590422ffdc4e52b5e4bc9d3a,f,t,f,f,f,
138384,t,2026-08-02 12:00:12.497348,e652d8b33cf517a086b5b7f8ab11dd0566e96447c44bfa04d4fe1f2ae479c799,f,f,f,f,f,
1991092,t,2026-08-03 12:02:50.902606,2de3a0f089dd6e4ca8d44f1f3003f19f7048d7eca97c92f68c80599b37b6f916,f,f,f,f,f,
2702454,t,2026-08-03 12:15:40.828944,a856fb5aa14c063c86e2ac08818c615471629c6558daa47998c35866966e9955,f,t,f,f,f,
125649,f,2026-08-03 00:07:53.187154,2efd85061c7c580a389f4964df7a324ce404b1dbc35c169939bccb588ea6d0eb,f,f,f,f,f,
2503786,t,2026-08-03 12:05:49.184223,ed7d1a078c4057d1dfb28ae578704053eeedb729067866cb37fac8257497a315,f,t,f,f,f,
2681536,t,2026-08-03 12:16:36.791004,124ce2918f5a94e297eeff6935c98a416b0c1ad14cd1131c20e1114893ba15c7,f,f,f,f,f,
2524948,t,2026-08-03 12:09:12.632714,61f8428c286a336a8033c78450f44bc94a9b2548d1e7b978bae96880f164c7fe,f,f,f,f,f,
2702472,t,2026-08-03 12:16:59.906966,7d16c335685157c3b51558a9c70106871f9c1e881cc49ac7dbadd69b7717c20d,f,f,f,f,f,
2657838,t,2026-08-03 12:13:38.905824,bfc72e69ad1429c5538f56d36804d9d5a5a966054adabe3fa63c6881527f6d0e,f,t,f,f,f,
2704681,t,2026-08-03 12:22:30.739128,b10b7e8c4b6a0f1ff8bf2ec7fedfa09797c4b0c261de9cc3aa2c26b4bfa1d18c,f,t,f,f,f,
2762966,t,2026-08-05 13:46:21.119813,d2bb89c3f1474037de90162264feca120a208e4d659c3735e87c4c3c262e9f84,f,f,f,f,f,
2763000,t,2026-08-05 13:46:21.724552,c56d32e8c77d6c736b98d3dee265f02a5edb72aa4c73cbb64058b67d649a5050,f,f,f,f,f,
2749815,t,2026-08-05 13:45:13.890857,56e39fec1b602032f4df1a6a05e92b9e0b716e66902b1dbce588b62ed9af66b6,f,f,f,f,f,
2749989,t,2026-08-05 13:45:14.18523,6cb17137e3c67940f4fbb876b35ba831f66a9a3410389a2a5b56ad05c40f9fae,f,f,f,f,f,
2755825,t,2026-08-05 13:45:36.39561,e61076c9641b4fdf501c26bf1e804a80b9a6a67449c800b23830ddef63693eae,f,f,f,f,f,
2757116,t,2026-08-05 13:45:36.70112,b80219796f24ede9c5a2f58bf55e36a1cdfd69fae73ca1a97b47464f077b930b,f,f,f,f,f,
2791941,t,2026-08-05 14:02:09.44906,aabd01362bec5273b9675bc0e7e8695779594a14b73ecd4a6613fc9c93d493cf,f,t,f,f,f,
130667,f,2026-08-05 22:53:27.935994,eb379525908416f0b49c37b006423b99bb2c001de5c9914d9c8c3ce14e12c0db,f,f,f,f,f,
2777377,t,2026-08-05 13:54:45.429281,8d66934bc4d3305edc1a1b01c9f996b9ee928f22a38cb2412733d0d9afe1d08f,f,f,f,f,f,
2818132,t,2026-08-05 14:03:01.990658,6c00b3c171e60adb79a0e988f915b9599da51660e3dc5c04db39dd7c3e62e61d,f,f,f,f,f,
2733994,t,2026-08-03 15:08:58.913639,0237372cb042bce078247fb58941a71ce02956b567a44e32f6e8248d3d3dc203,f,f,f,f,f,
2734825,t,2026-08-03 15:09:11.508886,d145c342d73dc618429d2f6d698884edca1734bad01bc96879029320857d6e61,f,f,f,f,f,
2734828,t,2026-08-03 15:09:12.111426,72b6fd5d5ef86409d7b873346037c3cac1603279af2738dc1dbb2029b463ece7,f,f,f,f,f,
627314,t,2026-08-02 12:09:44.432089,2f9224d18aaac6fd56888b9fe9e2c02786244b677cf159adfb09fb14c12407f5,f,t,f,f,f,
131931,f,2026-08-05 22:57:08.033776,3d54a65d309f79cbc409f90a6470df1a6eb46e9daad36053eaf6c4e4d2dac921,f,f,f,f,f,
2925342,t,2026-07-30 12:38:44.641711,059fc66cced42a6d85036647726616b1bec9fb52306efb1b6162cd6849215b8d,t,f,t,t,t,
127304,f,2026-08-04 00:17:03.231627,7ab3dbe7929a7d7a2d1fbdc2c26d4d43a7e495fb384743a60d71644f64193c20,f,f,f,f,f,
2783083,t,2026-08-05 13:55:16.64465,17bb844c9fc21265871dee0a229b291e3b2e4866739b7bb2dd5d7fc8016ce3f1,f,f,f,f,f,
3111839,t,2026-07-30 12:38:44.641711,ba88fc1e60fc1205832d6de8ad9a9517b3f62023084ed6f66ccbe97566dc887c,f,t,t,t,t,
2932231,t,2026-07-30 12:38:44.641711,c2f04422fb029e958ab9627c1204024c134097e9332816e789fb9e46edd4bfa0,f,t,t,t,t,
127583,f,2026-08-04 00:18:33.967491,ffabcce0067b776c88f6b54c1ef9725e7c0353cbd6f458e458a95929f9142928,f,f,f,f,f,
2908463,t,2026-08-05 14:03:39.266713,e9e6fa9a702964da1a62b30102cd11c99eb6f18936026fad0f464d36d966e734,f,f,t,t,t,
126887,f,2026-08-04 00:15:13.922826,127279c8e4983b5786b722cdfe3c0e8f39558ea46a51d3913995f57afd6f1776,f,f,f,f,f,
127025,f,2026-08-04 00:15:39.220941,069b62be3626dfe1dc0eeaad9ddc5fdb4f9e8953c679590b6b82fe4e982b95f8,f,f,f,f,f,
127740,f,2026-08-04 00:19:48.096278,ace52545c694347416e637dbdda8057b30c157f54f3bca3b8f976ae0b5429ae8,f,f,f,f,f,
127828,f,2026-08-04 00:20:25.776357,4ff209a11ba2f22732ef8a72e076fdd76edb10f3b7e241cb6ccb8a5a4deb891a,f,t,f,f,f,
2685338,f,2026-07-21 22:34:51.971334,a4413f7cc82918a8f9765bf17a81e777ccc6ddff729e329996c825c5ed12fec0,f,t,f,f,f,
128754,f,2026-08-05 22:47:04.934897,afb2844bee18084c48a802655a999b834a71a425675da130055649cb33219175,f,f,f,f,f,
2764619,t,2026-08-05 13:46:45.397267,2de2b83e94fc812a9a55597927a4118b801e1c4417061001fc73d00a44f2000c,f,f,f,f,f,
129260,f,2026-08-05 22:49:04.144874,a5ad99493c8e73cffc2e55224b629ac56bf17625f85f99fef12ab19255aa8d29,f,t,f,f,f,
2818853,t,2026-08-05 14:03:02.585479,e6bd7caf8906b14b0812c34f22dd233bf6d595d6f7692f35dc2d0d8889dae16c,f,t,f,f,f,
128798,f,2026-08-05 22:47:40.50563,0813955840cce4b59a5b30fb76ec3be37c308137099cb19700a212f02431a9f2,f,t,f,f,f,
2774004,t,2026-08-05 13:54:04.379431,ad21ba692ca6d7df65b468c9b42c13d4d2d8df523c8118e215e74cf2475f8931,f,f,f,f,f,
129262,f,2026-08-05 22:49:16.506332,8a1990b1db3a95ea8dbeb5f2974fa99006c417bb03c8ce783148b9d5e89a22df,f,f,f,f,f,
2749485,t,2026-08-05 13:45:13.594394,eb9abeaf54ca9107f518675cb3ec065be6a3aa13e6371634f8ebe26f94c522cc,f,f,f,f,f,
128299,f,2026-08-05 22:45:32.275301,d2fe83e9d216a125aa6809bd50fad8b4133e3e90aa156d244f9a91a96cfe8e93,f,f,f,f,f,
2757597,t,2026-08-05 13:45:39.110238,9df09a82102494b77541444241db84353fc4058bc96d0c25fb8a3191ca0b003f,f,t,f,f,f,
2875477,t,2026-08-05 13:56:45.308139,c9f9aa347ae57b02d423d5ad736bc8ebaf330141b7f2ee8fc5b93ba1ef208296,f,f,t,t,t,
2777305,t,2026-08-05 13:54:44.561512,a5022c9949bc63ba1c4b5289da7de82915dc6b719f3b6df0285aa382a45607b1,f,f,f,f,f,
125613,f,2026-08-03 00:06:22.080305,fa1e648e299b43479aab9ac109ca9fc40b7e94dfe5fc980e40200abcb8cbc24b,f,t,f,f,f,
2777602,t,2026-08-05 13:54:46.323942,df0c019b1bf94fdb13e31e44f422778eac6c9038aacf36608760e4feba0abe09,f,f,f,f,f,
2757695,t,2026-08-05 13:45:42.402029,45bbaa669daa7fd1f254c8155c3336048bfd1ffc3e24b13b00807c44bf7fd3c5,f,f,f,f,f,
2785628,t,2026-08-05 13:55:32.851521,2926c78697e6c6279175b43c1fb1747daa4334e1820713cbd0d34cad6a7112dc,f,t,f,f,f,
2757980,t,2026-08-05 13:45:44.798594,4a50ef1c9196a5544c260eab8dde17c5d86e5a6782b1ef2f7a22c303c2124134,f,f,f,f,f,
2908434,t,2026-08-05 14:03:38.972497,9bcaf4995c44b50fafe4f16240d1f5d57030b453723be391c3d9113fe6533c61,f,f,t,t,t,
250295,t,2026-08-02 12:01:43.693696,d76017d815b37008d0c4ed411a51b7f8d38393185275d8f40cb3c1ec67ee3c78,f,f,f,f,f,
1995974,t,2026-08-03 12:02:52.41164,60af9f885fcb8261262aa39b4b8baa1c83384b28be658b5bdf6bfc7bbf5ec3e7,f,f,f,f,f,
899898,t,2026-08-02 12:10:43.130094,333407f2b3b7036de3cf5e26762cd2f3a3745dfbd2fa0994498824559824c908,f,f,f,f,f,
2499305,t,2026-08-03 12:09:03.919926,4605a9e5026365c52ef3089d0ef479cd90292cfdb26a09bbbdcc673824323738,f,f,f,f,f,
2708661,t,2026-08-03 12:22:38.24422,1b9f2e2dee9c6d1b70261f0b294f2d302c121cb515b1e151a5efd1e901c9e232,f,f,f,f,f,
2381761,t,2026-08-03 12:08:32.54821,5511e2ad771895e878aab44711fb3c93bb478634f1943e0f7a4bde93c748a976,f,f,f,f,f,
2782012,f,2026-07-22 15:53:07.231344,d3f8fbf69e8eb5765b2b4e0ee78399a5c1c327fb88a42a29c780cb266e0f502f,f,f,f,f,f,
2717599,t,2026-08-03 15:08:40.297515,28463257ffa686afc55468eb5ac66372250db69ab235b177bd4f9b7543090ed9,f,f,f,f,f,
2732132,t,2026-08-03 15:08:55.300236,6e74eed9b5287b4447eb0be03d5d68a99c5a40f3db4c6a060d7e0e0bd9d910f3,f,f,f,f,f,
2743233,t,2026-08-03 15:09:23.814753,2fa3c3048b462c2a44f3eb2cdd98a7f7da691df57a9d079afa478a61cba06bf6,f,f,f,f,f,
125758,f,2026-08-04 00:09:25.372822,ca1d52b6bcb0a34755dab14e68f4adbd5cb19928c05a027acc78398f247331d4,f,f,f,f,f,
2746219,t,2026-08-03 15:09:32.820667,b53bc61500f94ef4a1e460730eb532052b5bc1afadab6dda0158822a177f7b18,f,t,f,f,f,
133696,f,2026-08-05 23:02:19.863373,f504a2ce1863e3a3c54db3f5e25bc6b98a1081ec35cc98e036c95950ed191a18,f,t,f,f,f,
2891837,t,2026-08-05 13:56:55.518217,d4719dd03d8db712e6e92e09a8d8daf0b921c7f2baff3ed3d9af903673392870,f,f,t,t,t,
2764599,t,2026-08-05 13:46:23.818521,27f00781fa77e47f44aa91d6233fe5b0bf0e383cb18b4866a3b1a5a6169ae7b4,f,f,f,f,f,
2765136,t,2026-08-05 13:46:26.223864,4de8090027d759a1c4b0cc099c71aa23e719361146cd4deef3fbc1831304a420,f,f,f,f,f,
2772532,t,2026-08-05 13:46:29.526745,781b1dfa4c09d6ceab4a036310766672826cc0ea1b6b0a534a56e3289c7039ad,f,f,f,f,f,
2913814,t,2026-08-05 14:10:57.1531,38173cf2a3a9341092ddf444a56a294223dbac48ad026c583b1b651f2bd39a01,f,t,t,t,t,
2913913,t,2026-08-05 14:11:04.35837,62097e971f40bdd31b3d75cc8339056d7cca37d0d63888531f4644b6acebd356,f,t,t,t,t,
3072226,t,2026-07-30 12:38:44.641711,8f855046f2b9fb9a6e9e3103fd6be8735923e681d9d41b641fa5320acea16d0e,t,f,t,t,t,
2812256,t,2026-08-05 14:02:58.07506,c43dbd5147aa61d51f66daa2ba1a07b3d701dd8b5320b840597875ab3513a384,f,f,f,f,f,
1937095,t,2026-08-02 15:09:10.333952,c91a7b1a8fad981b4803cc2978a74e99a9ee9839174f0cd3a6775faeebbafa58,f,f,f,f,f,
125785,f,2026-08-04 00:10:42.596942,14d3869a63471600f3c1852bf0b6a8e55daa9a42e37c3d412ac9086fb7adcb9d,f,f,f,f,f,
125794,f,2026-08-04 00:11:16.486026,a8a3c836e89e3a0067f55b05c0efd2ed1b75b7c03c8ea9ebf8e7a66500406341,f,f,f,f,f,
4041419,t,2026-07-30 12:38:44.641711,7d9269086c28cd2c00e1643d0c024f9d43cbe2683d2bfcc66abbf6351baeb57c,t,f,t,t,t,
3042177,t,2026-07-30 12:38:44.641711,52375e15ff3ebb8a1dec87514bb8e63e66c9486a06c9db16d0b6ad67949c3a44,t,f,t,t,t,
2939003,t,2026-07-30 12:38:44.641711,ef7da28305928b0b91b9abca689a535cf56e7c1f9c15ce69a8c3554d50c59e3b,t,f,t,t,t,
125784,f,2026-08-04 00:10:55.286172,4502496c190bd16cade9a8d5df04694c6043d78f268696798de7c4697b88c827,f,f,f,f,f,
2782864,t,2026-08-05 13:55:13.344294,d3bbbd0d9d51781a17bb69f3165e1095141a3a720004702396c1e87ef4e8031f,f,f,f,f,f,
129884,f,2026-08-05 22:51:41.155513,74f42ef942e01dde133a8e06f5ee2fecfb366fb9da8051c1b280f85b2a3ad7a6,f,f,f,f,f,
130467,f,2026-08-05 22:52:54.569615,04a625e6da484ac7d07d09a5591d65efcd8be07b73c2bcc70fc8c5b49681b349,f,t,f,f,f,
2914140,t,2026-08-05 14:11:05.261284,c7387e1985637cac2a725c5ac7a063301b184eae06cbdc4208d1209bb02e026b,f,f,t,t,t,
128159,f,2026-08-05 22:45:07.095394,1990286f4fcbaecc984ae06b7359b6227554dd3e28374a3557fce8bbff5eb2d6,f,f,f,f,f,
2757184,t,2026-08-05 13:45:38.496622,5017b5e4292cf4aedbdefbde4beb2d5c31dc57853033e1a2b07324017b9e284e,f,f,f,f,f,
250296,t,2026-08-02 12:01:45.751009,cf1e7082a5f0ecee6282c79203bb6518eb06d34a0464b7a2acfbfc8ce0b5c402,f,f,f,f,f,
2791991,t,2026-08-05 14:02:10.053413,4248985ffdfd9853064eb3bbe248b6a3fe6a8b8b224227d16b8245d21417d49d,f,f,f,f,f,
575968,t,2026-08-02 12:09:20.730778,b2a5c251e5840b6113f46c40f980e385535e4088f33eaa2c0a2653b038ffb43f,f,f,f,f,f,
250293,t,2026-08-02 12:01:40.841616,23ff84db84462a4a50ca60971f592c22630ee921e2588513b4aa9da5dfab3dbb,f,f,f,f,f,
131963,f,2026-08-05 22:57:19.485431,2a3ebdb8f88374930bf5e454094e490e2737cd213ad1424746091d82490876d4,f,t,f,f,f,
2792271,t,2026-08-05 14:02:14.256066,32e53d1409f231a061b7c2b35647e5260f93573025b99518bd047838f9a480d0,f,t,f,f,f,
138375,t,2026-08-02 12:00:12.398105,649176ceecba86a4dee47cce93b0fc511413cdc799851d3ec150ce04983734e7,f,f,f,f,f,
647272,t,2026-08-02 12:09:56.426047,ca772b38e323d95902f2305444ad6fc2cd6b4fafb45194993d6e7ef9ff46df44,f,f,f,f,f,
1398051,t,2026-08-02 15:08:29.144012,eece714b4ebefb8da6aa86c8b47c35036dfdd421a040bf9a6c2215f5f224401f,f,f,f,f,f,
798077,t,2026-08-02 12:10:37.122326,d8433fb02dc7232c67058a01fcadf6d8248eea8921218c3ac595b5fc795596d0,f,f,f,f,f,
1971317,t,2026-08-03 12:02:47.604566,929547fe96841ee79d570cc3992ec1c319bd904a343befc0632bfa466d847ce3,f,f,f,f,f,
1971323,t,2026-08-03 12:02:47.906378,2681b60d2f2b1860d5b962ade141eb9fb3e9a56f3d76408e89ba26b97e0f5abe,f,f,f,f,f,
1971330,t,2026-08-03 12:02:48.208185,02005b7e5abb14648e0147f9f8cf1a5497ce0bd83f6c39bdb2f1c831b1ae3f94,f,f,f,f,f,
2019815,t,2026-08-03 12:02:54.86689,1581fbc84a9753186aba5398c73f832c85bd3370daa1d52c97d35c4a3c38e08a,f,t,f,f,f,
2559537,t,2026-08-03 12:07:10.568763,9c5cc627256e545ad7130addc25475365a73408f087a9a1edeeb451bf85e6e97,f,t,f,f,f,
2732983,t,2026-08-03 15:08:56.79713,6d2c386dbaf6699d17b364078fa582ae13f48836e543dc7e2a0891bbd68beec6,f,f,f,f,f,
125659,f,2026-08-03 00:08:32.391375,bfca74bc7bf78a5b10da024902f14a40bbef50d7bd17ad403de8fa8f4ad2b8a9,f,f,f,f,f,
2504599,t,2026-08-03 12:05:49.781175,c0960183056f5763cd583f351e8f8907a2097aa4f3a0b2c62b08c8083a25800f,f,t,f,f,f,
2700323,t,2026-08-03 12:16:52.700904,f8a02171946e3217e2d55ad207dbeba79e05cf613341a56a1e2400073fd7ef40,f,t,f,f,f,
2781564,f,2026-07-22 15:52:50.832251,6386211018028684c4e5a6949c9103443a283b743706007fb141d21151a16c62,f,f,f,f,f,
2669251,t,2026-08-03 12:16:29.289654,8c080ff6004ee15193d951d14b042e7ba3d4860613c8315c83c27b4a30e9ffe6,f,f,f,f,f,
2744934,t,2026-08-03 15:09:31.331368,2bec61af9ea35a72c4da40c7962e62aba6d95b18fbad638d79d74bb054dccaa4,f,f,f,f,f,
2757993,t,2026-08-05 13:45:46.001672,70a4e6981954da50bf5bb66cf0c1e48633ed34913b791bc8acf809e26dd04891,f,t,f,f,f,
2758002,t,2026-08-05 13:45:47.798589,5e83ba6989ec1ec279f93bccf57fbcbf023039ca94cadc3b770d20353839f297,f,f,f,f,f,
2717302,t,2026-08-03 15:08:39.387398,11ba2851ba021c89ffd56357ada91cf9da75c79837f039e3e0d746606b4d6ec3,f,f,f,f,f,
2734174,t,2026-08-03 15:09:06.404574,40ffe0a4a459279aa3537845d4db8f125b779b6e7e8ec85ee009937634d52eb3,f,f,f,f,f,
2734177,t,2026-08-03 15:09:06.710591,9948e1b58c81956baf8c356d8636672d4caca912ca2932f6767e7b1faf2d5795,f,f,f,f,f,
2745986,t,2026-08-03 15:09:32.518233,8ddf600654f725e701842d626ea24e1029a910830999bd55f79af52966990825,f,f,f,f,f,
2749347,t,2026-08-03 15:09:37.331838,e3876f534ecaa1a91b0470987e74a0bd7a6a42a956d50f8031488e3976ec2a4a,f,t,f,f,f,
2761208,t,2026-08-05 13:45:58.049144,02a6bf70e271c0b95b52ee3c4eb162b5419745fa96e8acdb93d70d7653736822,f,t,f,f,f,
2713395,t,2026-08-03 15:08:09.088967,903afbe69de63220e517c4751bbd91772f541e5f77901e6d38135adf951dbc0d,f,f,f,f,f,
2762882,t,2026-08-05 13:46:18.716941,113b8cf24c0bc4ccd8a508cc5fe38fab438fdd21452b18c14c2640090c6888d2,f,f,f,f,f,
2778066,t,2026-08-05 13:54:52.930634,182a4e049e83867d5ac715f5810c7cce0a9130e1a42897d920d4ce9b7095f40e,f,f,f,f,f,
2714159,t,2026-08-03 15:08:11.475911,73a488351e07b1d73e06e43d1471ae8d67c133dadc6a3e09b2aedac557f5adf3,f,f,f,f,f,
131945,f,2026-08-05 22:57:18.645666,ee209c0b8ff7e8391797a9913cb6597d2b7b6c488b260e6901f849f4e5be1ad5,f,f,f,f,f,
132777,f,2026-08-05 23:00:38.858277,f20e011ee1768702aa5fd33c3816b2bd1997181341ddbc72652e2f55bab28245,f,f,f,f,f,
2763374,t,2026-08-05 13:46:22.624573,c8bd8cff27ff166012507f2e49e44358b4d8e2589a440707c71829c28da40c85,f,f,f,f,f,
2771421,t,2026-08-05 13:46:28.332695,1628eb0de6cace8088393b6705ca8540068681ab25ccb0f72f4b434942613bfe,f,f,f,f,f,
128752,f,2026-08-05 22:47:05.343069,d16eaa871663275b4bc8ac6d396de5f611e8444c8178daf0aa561cae39c71426,f,f,f,f,f,
2908573,t,2026-07-30 12:38:44.641711,05a390a9d4a013f214b5931bb4fe5cf10b2e6bf6eb3b006acffcbb9b3a88a2de,f,t,t,t,t,
127298,f,2026-08-04 00:16:40.316575,ae394a3e9c41f66bc5b78d038ed7e4c47b0ea3a6d3647cda84e0055dfb44c62b,f,t,f,f,f,
2816670,t,2026-08-05 14:03:01.375586,3a823f29aa56af2f97d3192e7f12a9e3b5a7003216d741275db3a414e4872d1f,f,t,f,f,f,
2816921,t,2026-08-05 14:03:01.754257,37022cd162459cd82c51d147b9c99c9a0679571a464c1e74c1580b26b9ff0fae,f,t,f,f,f,
2911420,t,2026-08-05 14:03:47.068009,8f8e4b7305591b8a23393520df5b379d4af0ba32d8700ad2c84e83a8e557bbdc,f,f,t,t,t,
4079535,t,2026-07-30 12:38:44.641711,21cbf152bbbb3d673c93aa3021ac90468f0d87f349f78e03c9e87e885a5e2251,f,t,t,t,t,
127019,f,2026-08-04 00:15:47.178102,c4bda17add404ad0d7158970fda3be1ed0181a2f8b3fb6561fbf89cb68d806ce,f,f,f,f,f,
127301,f,2026-08-04 00:16:42.009644,dd6d2f91c7850e57b3af964b05aeff858c276f01b135686012c4f1d462b4dd45,f,t,f,f,f,
606549,t,2026-08-02 12:09:27.366753,a7484d8c8bc2cafbc195f38b60ff9a39ec726a7f14be94a24950d8f5a7361d79,f,f,f,f,f,
3442721,t,2026-07-30 12:38:44.641711,e4adf7740b4ae991ad5cb7f855f1be958bd9373b3423d76dc7eb8e66997ef663,t,f,t,t,t,
127300,f,2026-08-04 00:16:50.369113,83c963a2d4d506ae21debc93096c74de38d718dc6f9eb4b27e34a6ce77ba8a3c,f,t,f,f,f,
2758005,t,2026-08-05 13:45:48.109287,0f1c8c2243c30189a539155e68dc4d73c9febc0e91eda76256e85da1ad6439f5,f,f,f,f,f,
2761322,t,2026-08-05 13:45:59.255592,d211faa00cb0967468e14badac7f059e4f7996101c04f46ef3fa6dbf3d48a832,f,f,f,f,f,
3545186,t,2026-07-30 12:38:44.641711,3d8c73121a6fcce3058ae64f1bcd6f2f8229cf928180306e3bef1b0e2da76290,f,t,t,t,t,
2761762,t,2026-08-05 13:46:04.613169,59a9ef4c05b75e25c77c552ff31784969f58f098753c401a8f05be857bca5d08,f,f,f,f,f,
2390803,t,2026-08-03 12:08:35.465754,c0faaf6472ece248bfc07dbbf507560f36c558acae60faea683fa48224d7b2f9,f,t,f,f,f,
2019819,t,2026-08-03 12:02:55.103844,87c1bce3b50e0dc80f7da08ebe6f9597aee9e658882e5e794d18d289c163a9c6,f,t,f,f,f,
250294,t,2026-08-02 12:01:43.369467,0001c63181ad0d841fcfa2f274db36b1d7a1b1dfee8fbf5832cd43df5137d0c2,f,t,f,f,f,
1854623,t,2026-08-02 15:08:53.761193,5d4a31a6cb6923405cca37ac5bda6fe43b6ac62969debc350965c50f8ece4a07,f,t,f,f,f,
2744516,t,2026-08-03 15:09:30.119027,fc390ff19f05353ad9f6d261f41b45d121275029cc848cfa42500b90ef62d3a8,f,f,f,f,f,
403579,t,2026-08-02 12:09:02.408746,e0e5bdb373dd4182a11b59712c9085a9642d14a263bba7a1fd988906868433dc,f,t,f,f,f,
403581,t,2026-08-02 12:09:02.714224,349c991227bc4430533ea811783f51872cc2b2fa8efe82c70edc9992d95aaabc,f,t,f,f,f,
2719984,t,2026-08-03 15:08:42.388558,4c12eae84d078b99c5359c82ed28bc60730a2b2b382ab57361e17a02709fa037,f,f,f,f,f,
2730768,t,2026-08-03 15:08:54.09961,3d19512831317fce5f1be614431d230494d1eb6d079d12aae87ceb7c68fd06e1,f,f,f,f,f,
2734210,t,2026-08-03 15:09:07.305046,5a4da779db4a0e78612cf4bdc73788b560e92b105a759ec8edd251e39b67d4f3,f,f,f,f,f,
1937324,t,2026-08-02 15:09:10.578694,6af0170b275b7fd6474a045cae1d43e071e4fd38c7c56007f3ee976536372f6e,f,f,f,f,f,
2633903,t,2026-08-03 12:13:31.408738,c460301b85d7ec899ec100c31b2a282b32cc1fe4facdfbcf01d3c330ee604259,f,f,f,f,f,
2616104,t,2026-08-03 12:09:56.455876,edd95d476182abd7cf5a25007a23aa0a378ce2ce09ab8ce65dd3d41a247e9c8f,f,f,f,f,f,
2652634,t,2026-08-03 12:13:37.110414,7832fa0241ec830faf657a8651ab49542cc837ee66ba436a5853618f9b09f3c0,f,f,f,f,f,
2734247,t,2026-08-03 15:09:08.504449,45b6408618d19ea846344e6ae3df6252897901d914fde8aa4f3cc35b9a620779,f,f,f,f,f,
2734262,t,2026-08-03 15:09:09.109945,2a7ca825882fb7d6bd037653dc3121a06d2ac77a84fe2bbc0c96608754b0346a,f,f,f,f,f,
2743815,t,2026-08-03 15:09:25.922583,aec1c8a86848169f8f4132e08a46e01483cb857364f17680fde51b7ebe0656c7,f,f,f,f,f,
2744517,t,2026-08-03 15:09:30.426747,58cd6709c7405b8e318a8a2eec4a771c6362f91f527be6f595995d0a72ccab92,f,f,f,f,f,
2745648,t,2026-08-03 15:09:31.621457,e7c2f1bcdd24f1e2b51b6977723011b3d87266a301f43d94d40e489549ff8efb,f,t,f,f,f,
2747499,t,2026-08-03 15:09:33.726432,2d435d92df0c67b31046f3901166a642637106fb882ccc87a2528aa225c5962e,f,f,f,f,f,
2764837,t,2026-08-05 13:46:24.724502,8ce3d929538cd677747a204083648446367742582368fd033b9ef05213c17d36,f,f,f,f,f,
2764888,t,2026-08-05 13:46:25.328214,4e5b562d43b80858f9bce1c65753219ed6f14ed8abf6d2a6aaae2f006997a670,f,f,f,f,f,
2765134,t,2026-08-05 13:46:25.924447,5ca739e1a624eea1d5657e533159a876d7b6b539d563af962d6666b72dfe0f6c,f,f,f,f,f,
2734267,t,2026-08-03 15:09:09.40361,86099439bc8f62a038ceaa525ec42506bdbfdef07aac2a7dc51ab5b7af706e7d,f,t,f,f,f,
2739360,t,2026-08-03 15:09:21.115919,75c2ab5485f502946a44eb2474f322af7892fb96f7d9b023a161142430f6c19a,f,f,f,f,f,
2855525,t,2026-08-05 14:10:05.719439,e74d7794897abfc021599e615d0505de3075376c04c592270ee437c67f7bcd98,f,f,f,f,f,
130309,f,2026-08-05 22:52:18.640485,ba7963326d5cb67a7672e8b26e20d43b5df55cd9245f4feb2dba9b8674e6188f,f,f,f,f,f,
131929,f,2026-08-05 22:57:12.340229,79760296650a4775101b2fbe724cec0e99b7bd13c933a4a237ec8995b5efb094,f,f,f,f,f,
132778,f,2026-08-05 23:00:49.039023,216e15fc763af9809bb5dba0ad9056ebb8a57e149555d1d47c6a2f2be72efc47,f,f,f,f,f,
2913258,t,2026-08-05 14:04:01.178347,1001c31588fa2e4cc39db40f6de34dde18bed9fabb57200a70e72b0dc61229bb,f,t,t,t,t,
2792261,t,2026-08-05 14:02:13.946812,9d036ccc7def10151762753695ea4f62c89c4e8aebaefccf95660383a7143649,f,f,f,f,f,
2913260,t,2026-08-05 14:04:01.484349,1de85018bdb8ee2465b7ea8f35b18ec74a056b2ddced14594400b73145275d23,f,t,t,t,t,
2913261,t,2026-08-05 14:04:01.782267,9a2d5cc73db7124da015b5bf0f7730ae8e1e7550c759f97259c97b0cb5b2fcc6,f,t,t,t,t,
2913267,t,2026-08-05 14:04:02.081969,ea5502a4420639207da9c9bdbb7ea5c9d3c8367f74770d52184d4d766cf643a8,f,t,t,t,t,
2915567,t,2026-08-05 14:11:07.368716,b8e1f11cae4b216c1174964720a498e858c5b6487ea4fc0c38fbba6b8978381c,f,t,t,t,t,
2925199,t,2026-08-05 14:11:18.474316,31e8ba04127cd0349151d2fa9920dab98b20a22fd13bcc9fd2ffb7438c7811eb,f,f,t,t,t,
127297,f,2026-08-04 00:16:40.264971,02cd59a7f7cb4f5cf4c1cd6ce9c2e1126ef82a78573a4b07c331f6f692c56ae7,f,f,f,f,f,
130108,f,2026-08-05 22:52:04.00686,395dcbc1fda40ef9055ab3ecef9332b4739df2b66f1ba7d598b24d346858d357,f,f,f,f,f,
2777869,t,2026-08-05 13:54:48.728658,69002d8f12de64730c63e8cfbc5fc0b61a0aa49b9fa0206bd8449c8c2fbcdd98,f,f,f,f,f,
3520743,t,2026-07-30 15:06:11.046305,e787d425717cb6198f481715e39609454190017e5bdcd71213c767d8f8bc5882,t,f,t,t,t,
128068,f,2026-08-05 22:51:06.759694,056a37cbabf33b6ed7491e39be17c5117e5be218231c61fc250c45b8729a2a6a,f,f,f,f,f,
1959509,t,2026-08-03 12:02:43.707472,f4c94a4725beedb58588e546cdac359c8c07510bee54276885362535ceb1398b,f,t,f,f,f,
3022275,t,2026-07-30 12:38:44.641711,8cbb489200c1eb476ab439ecff6db3b007f939ffb1ade50c770188f660b00247,t,f,t,t,t,
3428263,t,2026-07-30 12:38:44.641711,2a420f8b92e5b86fc263f268a4ca27793a0fa531a5eddc63021cac2a50dadb01,t,f,t,t,t,
3557532,t,2026-07-30 12:38:44.641711,682f216cdf52527dac13468415855ea5db52550552362e50f1e836b713439846,f,t,t,t,t,
3072217,t,2026-07-30 12:38:44.641711,8fb850a426a601048a3ce04a00be1289ba2511a1e8344d64da3d068ca9773bde,t,f,t,t,t,
3545226,t,2026-07-30 12:38:44.641711,e6e4ae13896d9d7cbc738598312c14447616aac36e497ed6ce5807bd0e40a006,f,t,t,t,t,
2908600,t,2026-07-30 12:38:44.641711,c22e9926907fb70a13dc93d4f3cb4688d1348a0738c54476ba347a3373597db1,f,t,t,t,t,
3481687,t,2026-07-30 12:38:44.641711,7812adfc0bf2b51663946cdf50926a5b82954398b3c334753795b630d9c0d92d,t,f,t,t,t,
2654759,t,2026-08-05 13:46:42.400356,e507fb404a16cf1edf51bd5d43d4fa453ec8fcda9e98627649bbb42cb16a8973,f,f,f,f,f,
2783528,t,2026-08-05 13:55:19.944332,02cc79555e907a54260b44e7f5cd9525ff8520e4c819ad5b25cc0d68ba6deba1,f,f,f,f,f,
2683277,t,2026-08-03 12:14:59.404589,376379fe7db9dafca53bc53d4dbb52b83483f737e7bafe5345ccf8d057f8fd68,f,t,f,f,f,
125612,f,2026-08-03 00:06:16.077522,9490c796faf1daf4d3bb65962af50f25025eb4fbdcd9b0535fd286968958796b,f,f,f,f,f,
135525,t,2026-08-02 11:59:48.440492,f1816044994505e5eabd78e07e7139db55d218f526ebd9c46e6b52f09078e2d3,f,f,f,f,f,
397691,t,2026-08-02 12:08:58.238828,46af368c35a1dc4e9aaecf30be5e818b235aa5f17f5eae5262706b2b11d6848c,f,f,f,f,f,
398068,t,2026-08-02 12:09:00.041425,8548cf263a1beda9abbc18c81be35c8ec419025d014c0d9b363c5372e1bd2002,f,f,f,f,f,
779594,t,2026-08-02 12:10:34.723359,58a3640c1d40024ea61b6b9ea1652aaf569b24b2cdbd997b3e6fc0acd863345b,f,f,f,f,f,
770251,t,2026-08-02 12:10:32.922701,4067f27b2e80323b237bce440b84ff4de25d27fe3c9e8a15c1f8c8b7610da557,f,f,f,f,f,
1625235,t,2026-08-02 15:08:30.945564,cbb5741a13b1cc754a0465240748dbd4bb6340bb911d1994f57680d30e053ab3,f,f,f,f,f,
2746220,t,2026-08-03 15:09:33.127007,5c963568198a946f66b15c210d97da028974a18d3730a296a351c944db670f76,f,t,f,f,f,
2683263,t,2026-08-03 12:14:59.143864,075382826c9d22ee907252ebccb550b7c288c6b1f23248a1e7bfde2a44c7560c,f,t,f,f,f,
2376711,t,2026-08-03 12:08:30.371268,d6d91bff6d645fc76799376fd922694a81a8b75274f1ab5ec5c7240abb43622e,f,f,f,f,f,
2760767,t,2026-08-05 13:45:55.056196,f67cdb695af15922882c66720d7aa834310c453ea8f679f7bd03b80a22f1ad72,f,f,f,f,f,
2708335,t,2026-08-03 12:22:37.942695,63a23b2bc97d4255ab9192689193e04f15b270295a3b2e503dcd9b4ec7c4da7d,f,f,f,f,f,
2714723,t,2026-08-03 15:08:18.974975,fde86782b7f2234c6a4b0329bf1f0b20e275bd43a8b223c95af91a02f63fbfce,f,t,f,f,f,
2729954,t,2026-08-03 15:08:52.593172,a7ee4e8e39966804a8b9e0f528bd84c246c8eb7dabd99f85465c335aa26680fd,f,f,f,f,f,
2733990,t,2026-08-03 15:08:58.597484,37c3dae336a8b7fef1bf5b2167ec7d47586c86508b73c925ed1eacf6eeda658e,f,f,f,f,f,
2738776,t,2026-08-03 15:09:19.920796,fcbcee812fe19522c080ab2499aa12d0333eeca9da86b181b035a0ef5af86c88,f,f,f,f,f,
2770458,t,2026-08-05 13:46:27.127112,31840d25b80518e31aced2c93cdb6b30928a5af297369a3b82f0c1b62443d475,f,f,f,f,f,
2772886,t,2026-08-05 13:46:30.127733,7b4c64a4b9e98a01568a98e96244ee72a1c2b1dcd858de897480f8fcf8132a57,f,f,f,f,f,
2773005,t,2026-08-05 13:46:30.729742,1182abc4d3b1171499c57acc491b431b1762301fc1ffdb5b6582f34360a702e6,f,f,f,f,f,
2714728,t,2026-08-03 15:08:19.876625,930b0d610cb066080ca99784244db27d2d2c650bc9f62084b0b98fc8b1c78544,f,t,f,f,f,
2798360,t,2026-08-05 14:02:37.062263,ac81cfbc57137760da23928fdbc21fadd0fd2d67d958969c8b9219e3071a969f,f,f,f,f,f,
2740976,t,2026-08-03 15:09:22.32791,6e449ebcc1545c22ea089cbd677fe618d5741e7de7ae5f95f47c674e1f76d421,f,f,f,f,f,
2777894,t,2026-08-05 13:54:49.331473,80357a08be1a6398c7442a98fba8bca7d70c41d50010bae2d6e67002a2705d51,f,f,f,f,f,
135923,t,2026-08-05 13:46:39.994435,a851732b580ea88a64180bcc7ae22a82bb436c50c64df101725be0126ae6c617,f,f,f,f,f,
2913268,t,2026-08-05 14:04:02.396955,93f1e7879fc9a43b325bc785cd7c235f44747ace4121aefa961aa74854ed8aa8,f,t,t,t,t,
2784840,t,2026-08-05 13:55:26.248386,ad6b511f7674b09761ffa5d72d4b33d7de02ba85c616324dd23a79617397218a,f,f,f,f,f,
2787227,t,2026-08-05 14:01:37.628674,550a5436519744eafb2149945df329926b153c3471846a4e91b80a64e8778f92,f,f,f,f,f,
2788416,t,2026-08-05 14:01:43.32719,37e0b718af8a4aa743f3185b98ed6c040a4012ef07d1b8bec910fe324ada4b16,f,f,f,f,f,
2798965,t,2026-08-05 14:02:40.361049,fe1ac478d1d43c8c3c027a4365df17756e473ab491d90f114170e44c22896b66,f,f,f,f,f,
2789901,t,2026-08-05 14:01:56.835892,b080b0c24ee3e84b673c8806d8e22df7dfe8314735b9b0747936ddb9041fb56b,f,f,f,f,f,
2799025,t,2026-08-05 14:02:40.732779,caad0d621134b63f9f04b17466cebe6569e3c8d57f7d2475d5dea641d04898db,f,t,f,f,f,
2913668,t,2026-08-05 14:04:33.653206,a146c94376c00e57684e89a19bda6338f0b9bc3d05055d7b1b37cbdf5ec7d363,f,t,t,t,t,
133027,f,2026-08-05 23:00:58.835043,381ddd6060905c4d667907e9b41f07b8d4db725dc69a609f373f91e012bc67a5,f,t,f,f,f,
2790062,t,2026-08-05 14:01:59.541507,25af08fe0feab82011edf310daaa3eb0ea7a5cee3ca9cddec7f5d0654581dc58,f,f,f,f,f,
2790444,t,2026-08-05 14:02:03.749755,21cb29cb6b42801cce62cff8140c10d734242edbc7e658043ff69470c35afae3,f,f,f,f,f,
2795029,t,2026-08-05 14:02:24.149679,fb8fecc55f7038da9a3c16a6a9958e507edbf9fbd610999ec34fb5196ff41fe1,f,f,f,f,f,
2795303,t,2026-08-05 14:02:26.568673,d22ef9d7c0223b845b647230ca60c4282f1dd56ace99b661fdd2768e9220f07d,f,f,f,f,f,
2987914,t,2026-07-30 12:38:44.641711,1020abc1f409944a1ca27cd6dd702650f283d66829ad91695c7f6ca538ab0f37,t,f,t,t,t,
2784967,t,2026-08-05 13:55:29.547577,0b1b0758161eb5d58aaa84937c06c463e1f0e343211306b3767acfb2226b88ed,f,f,f,f,f,
3072658,t,2026-07-30 12:38:44.641711,294b1d6e08ca590dca18f9af1c82d61863e52e26f66ef2778e4949ee0a11e004,t,f,t,t,t,
2777759,t,2026-08-05 13:54:47.52635,0d44c95a785c133722fbfa61c8c5e8d330b3e78a74b258ed26ffd5e7d26e6dca,f,f,f,f,f,
2761315,t,2026-08-05 13:45:58.952349,311f1a90f08efe40b5aabbffc2978dd4f24b7e93b8a55400cbb2d6b4c76491e2,f,f,f,f,f,
2782130,t,2026-08-05 13:55:03.734395,3843785a20092ed000943b32ddf1a3cb9a8083f11a829496021f000665fa8c19,f,f,f,f,f,
2761408,t,2026-08-05 13:46:01.656226,fbb23eb6131299e9c8ee1e4209201a63c4f8e97e85c6d9578c9baf0f5a198f47,f,f,f,f,f,
3356046,t,2026-07-30 12:38:44.641711,6771fdbc63e0a37c7cc1fbcd712a1fbb03c2355aa643cc5aee240f170d9b0c1f,t,f,t,t,t,
2770528,t,2026-08-05 13:46:27.428388,10b19b16bad1a67e4d1cfa7ecacb7204001ce9ac7e384f9effe48fbb1d054ef7,f,f,f,f,f,
127901,f,2026-08-05 22:44:12.758042,5c01ab6acc480f6ff8ea874c84f5428030475456f48b53e1c5e014fa7cd8047e,f,f,f,f,f,
4053830,t,2026-07-30 12:38:44.641711,d110672f7ffb349dec3f5cbbb6a70732155e68d96d9f3fa620e06c23bd1a8e16,t,f,t,t,t,
2772349,t,2026-08-05 13:46:28.635912,6dbfbe0aaaa2d79a91ee6bf5f63ed23c2f3362b474f0e41bf91cc525c073981e,f,f,f,f,f,
2801460,t,2026-08-05 14:02:46.409422,87aa5d4b57ccd8a887b4028c767ff112a142de330a560cf4fa016fcab25eac69,f,f,f,f,f,
2795358,t,2026-08-05 14:02:27.156718,9782d1b93fa12491f5b9c109da1d9a1d0503278e92cc07ae92987afcd2a2eba9,f,f,f,f,f,
609878,t,2026-08-02 12:09:29.419823,4f5faafa83861644b3e7e6f0106c2015be520648e89fa483b5024ebf825c43cc,f,t,f,f,f,
135489,t,2026-08-02 11:59:47.773422,0476b4b231dc1b4587be94217fbfb16a0573c5ddb2e483a0afa207f4ef8a6aba,f,f,f,f,f,
628649,t,2026-08-02 12:09:48.32536,0ef40f772ff34762bebcae7c3045908ad2e87bfa5990d44ab4f737213cd5407e,f,f,f,f,f,
712469,t,2026-08-02 12:10:04.579116,d8abbc3fc37e70d3837c5b873fde426f278e5d98039369d40e2eede692e41a7c,f,t,f,f,f,
522920,t,2026-08-02 12:09:14.70782,fb9764844f52333689e9e33845db46a81eb11a545b3ff505cca82e34ffde98a3,f,t,f,f,f,
407252,t,2026-08-02 12:09:03.901442,e32d3962100f580d712cc2adad1afc02aed370cc87dd2de64783ad8aaa09ad10,f,f,f,f,f,
522878,t,2026-08-02 12:09:14.110022,c3fb2e83528f2354b41fc362239099a89ce1c236fa77cda082c2ef5d8862e6bc,f,t,f,f,f,
1871398,t,2026-08-02 15:09:00.369941,b433cf7dbe1d6430ea8fc5c335899458b65d86ddb572b04caf13695794d7ffbe,f,t,f,f,f,
1957499,t,2026-08-03 12:02:42.991248,6cbf3901409e6c7c2bc90055c36ab456e93db0e4de74cf8bf8350df325ad5b94,f,t,f,f,f,
2014255,t,2026-08-03 12:02:53.305773,2eed5feb629c93ce56caff7a28b7378418c21f9dcf75d3bc254977b2dd821758,f,t,f,f,f,
2728430,t,2026-08-03 15:08:50.19316,a48ff2b7a6c3c2ff6d60845b5e0274a9ad817511fb54a790d0868fbd47651672,f,t,f,f,f,
2683326,t,2026-08-03 12:14:59.712341,9c114e86ee45aa35eff8eb0154ede2aba299af12c3b69132e1419993ac3c8e6f,f,t,f,f,f,
2512982,t,2026-08-03 12:05:50.980349,89beef4b59122773f57ed1da209cd6d87c7aae340cbb2483989c85cb26950c20,f,t,f,f,f,
2680940,t,2026-08-03 12:14:56.409533,f2cf06d9c7ee5965471955e7e0e4ea9082896e78cce1186223a8b47cbb538dee,f,t,f,f,f,
2465278,t,2026-08-03 12:08:42.675571,6c76dcf77d6756cbb61d85184f547bc63f092a2171b68c5a66dd1e96db61f496,f,f,f,f,f,
2705266,t,2026-08-03 12:22:33.740823,0fad9626ccdc7c42f4ac994872786177dcebf4065dbbf6008c1e16ae033844d3,f,f,f,f,f,
2672836,t,2026-08-03 12:16:33.491175,56e8e4845d8c2bef132c79858063213fcb6760845b345611aed095e7fd304ed3,f,t,f,f,f,
2796234,t,2026-08-05 14:02:31.056887,38697e76c29ca84a4fab02ee7839bcdb97ed06233685d217510f8d29b825ac7b,f,f,f,f,f,
2796437,t,2026-08-05 14:02:31.960465,dfed2f9e9c12d5289509f5bb18e40bfeaf5b48871c1bd94a12efc38f6fecc4f3,f,f,f,f,f,
2913632,t,2026-08-05 14:04:29.145982,705ca7285044879a7e81f4cb7528ca3f13772f85dc5dd1acb3b39aebb2024ed0,f,t,t,t,t,
2790453,t,2026-08-05 14:02:04.048179,5c7a33c26e5f530877b93eafa8206c13f2790498bf93223e45bd76f709267ce8,f,f,f,f,f,
2787294,t,2026-08-05 14:01:38.23585,1f21488c1f992acc2708cb2b3327b634f9142be212a62c8adcac6c6e8a246695,f,f,f,f,f,
2793332,t,2026-08-05 14:02:17.849999,62a0d42fcaa8d31ac7ecf081d8abc4a6f35c5c2e155fd978d7f3db84f88e03c5,f,f,f,f,f,
2774527,t,2026-08-05 13:54:13.316592,3abafa5762e3e24f15791560436b60f633e0b930a25929945e7e3165cdca8745,f,t,f,f,f,
2793909,t,2026-08-05 14:02:20.552725,2d47b6331db1e6e2cb881791332c6de799e352db80bdf10ad45b98736bcfafd7,f,f,f,f,f,
2776515,t,2026-08-05 13:54:35.520327,9028967880e885f6897f04f799a5f0869fc17d744124938c90f73c5fa5766429,f,f,f,f,f,
2798468,t,2026-08-05 14:02:37.957967,bec6b8d4756e2736bdbc303921aa753e03e4d2e82d2af6959e3cf10b011d7e8e,f,f,f,f,f,
2782316,t,2026-08-05 13:55:06.44016,7de92c8e8eaadef79d6451e56759a62e48291f9df0408beac6f9de288f4c3660,f,f,f,f,f,
2874437,t,2026-08-05 13:56:44.11003,ab3959e5bb176a7f540b8a5b459701015c8ce29c007b525dbcfb685db9aaf72f,f,f,t,t,t,
2787382,t,2026-08-05 14:01:38.83493,e867d2fa1bbe9946d12ccce65fafc6fb6e27e49a3d9591c139090cef2b8d0a32,f,f,f,f,f,
2874473,t,2026-08-05 13:56:44.41672,628717e7e3cd7bf3fc1118a155909b26ccbf765e400a6d58b4402a3d7de20573,f,f,t,t,t,
2909084,t,2026-08-05 14:03:42.273426,1a69829a211518f1c971aa4c06bbf55e983b883a8d923175952b85b1f09dd27c,f,f,t,t,t,
2790269,t,2026-08-05 14:02:01.948744,f75a2c5fc05adb3613da2969168b68bbb34427bd9bab7aab3c9744f405b38955,f,f,f,f,f,
2795009,t,2026-08-05 14:02:23.855534,b1932d8c23015b4806f068fa05ccf0932172540789f9a18333396a709f390215,f,f,f,f,f,
2757631,t,2026-08-05 13:45:40.624649,96defcb921be0c653c7506d5f0310013c313693a53daf4345e64aa0e759f5a5d,f,f,f,f,f,
2801405,t,2026-08-05 14:02:45.510009,abc365ae4d18f19903ad56c867c3e349126ee227638d3a70e4102c8d155cbf1a,f,f,f,f,f,
2759294,t,2026-08-05 13:45:49.343973,a49d5cf79d926f65801d36a9341b3273e51e2df5943e22c22897078ba50e3853,f,f,f,f,f,
3072039,t,2026-07-30 12:38:44.641711,c5dd7e0e53fe63e0fe701f0ae004b1e7c78244a4b3ebfff1c682f86df7b62c02,t,f,t,t,t,
2773251,t,2026-08-05 13:46:31.931542,ac8cb30a1d5e8435785c46015604e1602956d5835eb557eedcb325e00b26946b,f,f,f,f,f,
2714497,t,2026-08-05 13:46:43.32833,113bc08945ede6a761d7b1053345f484151d8c78feef7cc68dad59e6abeffeb2,f,f,f,f,f,
2752649,t,2026-08-05 13:46:44.19164,ce0464d0831c9e3860f849041b634c57d9cc08ae51b0203a3f0b4b6e6e930927,f,f,f,f,f,
2909129,t,2026-07-30 12:38:44.641711,2d9f6d394836b5b0093e8f48a5bbfd3f2be12a2768157be7e1f347695ae7a84a,f,t,t,t,t,
2761892,t,2026-08-05 13:46:44.805278,31fc883d1e0e1ee241a8fa5e9966d893b8c4abe6bd92912b61974a860a130223,f,f,f,f,f,
2776574,t,2026-08-05 13:54:36.421563,31667929de79cd380ee8534aa2ffca479fb33e0b3729c3066b3bb0a817c40aba,f,f,f,f,f,
712505,t,2026-08-02 12:10:05.13686,37c172132f763187725b270b724c30b1225770867c8aea76371ec87a4eb131bb,f,t,f,f,f,
391883,t,2026-08-02 12:08:57.304671,cf2416b23c72653400832b4981b40c1508de54cfc4e4718f58101c2781cf0143,f,f,f,f,f,
142814,t,2026-08-02 12:01:30.445924,d244d83f1b82bec60dc173d4d605e0b184bfa6f94659e86ec1cca959b906df70,f,f,f,f,f,
132782,f,2026-08-05 23:00:55.003376,d93ba5d0981ed8a0e79d99f1812de6a717a0528a29771f4ac7ef93b43939eed7,f,f,f,f,f,
135473,t,2026-08-02 11:59:47.455291,42261863bf3cc7d6af582c2221c11dceaff1ab1d0f089f699632b1ad59dddd54,f,f,f,f,f,
134298,t,2026-08-02 11:59:41.571451,31b5cef245252891a0230706b404b35ccfe1195176b82365b131afca73b32843,f,f,f,f,f,
628661,t,2026-08-02 12:09:48.632662,11db794517718379c57abe4b04b76b4448b8fc1c5add43fd36ed45cb8929d0cf,f,f,f,f,f,
1706525,t,2026-08-02 15:08:34.545903,1b48252f3d0adb0838be422e2b906235c3795a6e911fab04578f41b8320c5828,f,t,f,f,f,
2683736,t,2026-08-03 12:15:00.305841,f83dde27d632ef6acd984dfa8eb0b4eccc57589d2e2daa12a6764c0f22465722,f,t,f,f,f,
2394618,t,2026-08-03 12:08:36.373247,6942d260dc2f81d3d1a84b3ba2fde1c620432da46602656d66ba6e3b3940c5c4,f,t,f,f,f,
2605318,t,2026-08-03 12:09:44.742672,f6cb8c27ed0fd18b59f8c9b9865c7d27d5fd85fe2f15d3f97b89f28a5156703f,f,t,f,f,f,
2683779,t,2026-08-03 12:15:00.609332,39aee8b56e6b6575572ae33e1fc3789c784736da15f90584763bac01128c7842,f,t,f,f,f,
2683800,t,2026-08-03 12:15:00.904355,55783105bdc4a9278e55b47346eaf95afdf378bce2c0f75332e989c42e4727ac,f,t,f,f,f,
2683830,t,2026-08-03 12:15:01.21233,06d8389f532f95f58340921cec7dd3e5206d28a4716f6e4943b6563032d08b81,f,t,f,f,f,
2683864,t,2026-08-03 12:15:01.516693,87efa7e41f66e8b460246d7eaf43511f1b51f323c3a197ea40131fa8122e1a33,f,t,f,f,f,
2733995,t,2026-08-03 15:08:59.200111,04ec4a2ff17b2cefa0b476f978d17e49cd89d968452016f5ff9dd4bc8bf96bb1,f,f,f,f,f,
2761826,t,2026-08-05 13:46:44.500534,f14c18cd0adb1a198c28af0c6f51e6921de3bbfa8f225048a7c5a601fd50692f,f,f,f,f,f,
2702539,t,2026-08-03 12:17:06.207147,fde8cf92854550e72b9a9fca9eea77558f21550ab3fa314bcc568698c6c518c2,f,f,f,f,f,
2683675,t,2026-08-03 12:15:00.014975,40f261e1e46822c06bed6317ef61d89959ab3e7db9d576e09a369733cfe21b8c,f,t,f,f,f,
2680925,t,2026-08-03 12:16:36.188107,ad866d4035a639d1ccb871e283cc2cf6bb89790973b3a9032c63df2850101d22,f,f,f,f,f,
2762934,t,2026-08-05 13:46:45.098238,73875d71c75911d7a6495db57115dba9fe65d217f348aab7591d78cb7c75c8fe,f,f,f,f,f,
129263,f,2026-08-05 22:49:08.082319,a3c67a47bd89064d5d08c01ad7ece954c0dc3cb3b1f59e6ef79d6cf86c0b404a,f,t,f,f,f,
2789485,t,2026-08-05 14:01:50.533285,b2327e582eebc2a3dee7fc26b42a9ee122581470a3c9e534486b92384a34d315,f,f,f,f,f,
2789921,t,2026-08-05 14:01:57.143482,de71e93131dc7cbf035c596a294f53aa2af7ffc2994d00bc5bb52d55fa2558b3,f,f,f,f,f,
2801433,t,2026-08-05 14:02:45.8094,c2a89ea6bf21010f9b7ec36f65b5366805b755936a78001fed37fa6af4b0ea19,f,f,f,f,f,
2789984,t,2026-08-05 14:01:57.735057,e2ae155709d66d62f46facaf5c21a89f597967a8579d1a0ad35b836ed18209f9,f,f,f,f,f,
2794141,t,2026-08-05 14:02:21.751369,f5b6ee5bff4ff2ab6b9115807fd81f69537a142ae01d9c1590d7357d51a67c3e,f,f,f,f,f,
2783928,t,2026-08-05 13:55:21.148164,79c5f57bc1df44f729c5c8b1f5ecaf68d2697297b26eb944b23b0448a7b26984,f,f,f,f,f,
2913243,t,2026-08-05 14:03:58.778647,e9e969af25d0a816fc873a7223fdabd816297761ad912753dc0c04c801cb9f0b,f,t,t,t,t,
2794445,t,2026-08-05 14:02:23.251952,402e92f41da943eb167d407c9694a730ed2391afaecec24a6739571c4fb92bc5,f,f,f,f,f,
2774471,t,2026-08-05 13:54:07.005935,ced6b62e482ea0f5ec4a888da8ec1e496754391f7511ee2d24e664d99597820b,f,f,f,f,f,
2784068,t,2026-08-05 13:55:22.945921,6131a639f0a3392aa81681bdcad8362bac04f8fae9de9666b5a63beccb134e17,f,f,f,f,f,
2874500,t,2026-08-05 13:56:44.71014,f4bb08c06f5eaaac207c13167796f7a6eb6bcf7fbdb6d27dc68c24010ff9f52a,f,f,t,t,t,
2913634,t,2026-08-05 14:04:29.75449,44db2821a69c416a37c4366afacc6d06b635f1ed2c99cc7876005138c84f3d92,f,t,t,t,t,
2796909,t,2026-08-05 14:02:35.557589,54d036abd62649a980c9ee414f5d6f9a53db92adc33e1be92cafe9cee808746d,f,f,f,f,f,
2800978,t,2026-08-05 14:02:44.001935,e4ae00c0991556a729ea485fd4747c19e8799f51410e8bdc7e11b3c134148432,f,f,f,f,f,
2786179,t,2026-08-05 14:01:36.42832,470701d2ad54356a0b3c954384845bdd5f9f24ecf93f3fb22fe0085e55746d20,f,f,f,f,f,
1333464,t,2026-08-02 15:08:27.685011,9faef1015f5f22ac26a8671d4ba3ba65dfa55fe0296303e9554c38b49b062725,f,f,f,f,f,
126715,f,2026-08-04 00:13:49.282258,fad2cfc85417719fcb13489831c80c8e7ce350d8a8cb8598817deba140f93db9,f,t,f,f,f,
3044585,t,2026-07-30 12:38:44.641711,dce38b8be84b63006e7bb98219e71c0b2df5f2946694fb744defdfd251a3bab2,t,f,t,t,t,
2988365,t,2026-07-30 12:38:44.641711,c929943b03a4c6520211042663196c9b4800c4739af871b403ed5c69a515b326,t,f,t,t,t,
3072031,t,2026-07-30 12:38:44.641711,e6fa19f1bac5a09a841b9977285f18843ceae089eb13ee271b264e096d28dc5c,t,f,t,t,t,
3302532,t,2026-07-30 12:38:44.641711,09041e3a3c66f8a2bce76e612392ae5a6d9fa5731293803794ae78b9e1360e97,t,f,t,t,t,
2777329,t,2026-08-05 13:54:44.827776,c5762d944c30679fa44ae167a67619aef954e924b3dc3d74f87a785e7b7b8587,f,f,f,f,f,
2784874,t,2026-08-05 13:55:27.161398,3b37309765a6f9f95529b873caa7eb09bccaf69b0ae0bcec5e62a79ec3acbe18,f,f,f,f,f,
2781563,t,2026-08-05 13:54:59.542254,099043f2b1cdd02f26ade542c2275321490c9c1c8363d7defd3a8af3e4f66d28,f,f,f,f,f,
2717291,t,2026-08-03 15:08:38.789703,9739c20ddee60f1c6f225396981a59802cad6a7ff18b3d1fbc5713e392c0019f,f,f,f,f,f,
2796050,t,2026-08-05 14:02:29.865185,8bd0d46d4c8d5235ce6a0c711abbbf8d5df3ebb2c49ce7219a392602976d0814,f,f,f,f,f,
2796559,t,2026-08-05 14:02:32.863733,672012996bcf1af6b7af12190815d71cd1576d0e8ade20c79a3bfe1c89ee8836,f,f,f,f,f,
2680226,t,2026-08-05 13:46:42.696763,16a82d152cccba91af3afba9fcdfa8d1bb834ddc233200f6b0baf92cfc424c8e,f,f,f,f,f,
506235,t,2026-08-02 12:09:06.303349,1f525f2103d529432fc8219266fa0b86e5945c799e43a64c8278ac2db05ea540,f,f,f,f,f,
136541,t,2026-08-02 11:59:53.984913,d490da919bd3596ccf318aa9536d0b946591a4d4b4bddd7d1d3aac41185ca8b2,f,f,f,f,f,
135450,t,2026-08-02 11:58:34.796339,69f172f467a8f9b2de9db2813a66e3337781c4cf68a389b0c9f3f510d12314c3,f,t,f,f,f,
136540,t,2026-08-02 11:59:53.694066,fb4c4e7f2537b8191528434972ed787522a0ca99a961adf61af52ab6422c85ac,f,f,f,f,f,
136089,t,2026-08-02 11:59:52.573664,5a57723ef7584fb34142bdcd3f58b3b6b2ac9507b014363451d1aad937e90176,f,f,f,f,f,
522525,t,2026-08-02 12:09:13.504178,c85e26e54884b5d81ba967cb88f17e67faa9f039d0fe639ddbdcf2e14c65fe4e,f,f,f,f,f,
2684083,t,2026-08-03 12:15:02.42219,a248667573428cafb61098b17e367da650908da7fbe82f8df378ba9456ae0cb9,f,t,f,f,f,
2498993,t,2026-08-03 12:09:03.327653,f66317120c7ddcdc5897a03cd82948466ed7a0159ebcbbb1a7757fcf6d04ff58,f,f,f,f,f,
2574384,t,2026-08-03 12:09:37.844799,4608601b6e952ffd9450f2fa5e3bdf055002435ea7f5c59ff9799621970fdb9b,f,t,f,f,f,
2683896,t,2026-08-03 12:15:01.81013,f2413c9c89e763cfa734ccff60ee4847ad3e6698c1f55a38b97ccd1fd9df1700,f,t,f,f,f,
125729,f,2026-08-04 00:07:48.768957,94899b8b88a74bb896da6552276de4e3657778661b8e177a3be2b23982f42276,f,f,f,f,f,
2574386,t,2026-08-03 12:09:38.142238,bfe56513d099dcd12a52d4ce0cf2f91ba84eb6ce9e6de697afd64af9b83f0520,f,t,f,f,f,
2605275,t,2026-08-03 12:09:43.849354,2d184f9ecb7a3b1f916a2f6a9458c51d35fd9d63cfaeacf0a5d3fc21f3834461,f,f,f,f,f,
2710649,t,2026-08-03 12:22:43.045374,6591e53cdbcf61d823b9f9f8d623b0b4a4cf1a170faa346593192d2bba7bdde0,f,f,f,f,f,
2702108,t,2026-08-03 12:16:54.503145,967508bf062b9a8f5e69c3e36d38359d69ef8b4075ca6f516c19703715538156,f,f,f,f,f,
2672809,t,2026-08-03 12:13:50.319753,b8e9bc0368de6a17b0571b827e06344683f9609900501078c21409d04588a871,f,t,f,f,f,
128341,f,2026-08-05 22:45:38.396869,a2931065e5fddc52722be5e64fdd425a764e7d83f989a2fb39d905d1ef663bde,f,f,f,f,f,
2760231,t,2026-08-05 13:45:52.948172,e4097b674332b388f858ed52fbe34e22f12c7772035d85981d4f10eaa7a9babd,f,f,f,f,f,
2725124,t,2026-08-03 15:08:46.306283,e72f145a12fba0df86e837eae457f2d82e54d5963185d0dd79dd02ba343f4d82,f,f,f,f,f,
2783076,t,2026-08-05 13:55:16.341571,cab8f19061d3d4f514f3c7eb8f6e1436dfdab9ebee03d1a2da0f06541c85117d,f,f,f,f,f,
2784946,t,2026-08-05 13:55:28.650453,33ca51049b3af610437ccb8d6ca032ba51cb7c876f61a68de6dd1a90e48eb48e,f,f,f,f,f,
2787258,t,2026-08-05 14:01:37.927717,feb038b5cbbda78398f1db5e2683ee8191843f08a305f12cbf170e180209ea21,f,f,f,f,f,
2801323,t,2026-08-05 14:02:45.206154,c68044bccbdf4f0c70bcb1315c56151716810cc8208ceb82d447f3dbe2e74f9a,f,f,f,f,f,
2788239,t,2026-08-05 14:01:41.824646,09e7883a81d27f4eb859ae80ce81c203000f9333e4db93755af21da882c3da09,f,f,f,f,f,
2789465,t,2026-08-05 14:01:49.693889,c24474c866fdfe0fd021ad27ef6bdf911f540d388290d5ee3aabba70e54963ec,f,f,f,f,f,
2789659,t,2026-08-05 14:01:53.237076,effab602209bd934d597997a99cd0a24cf04deadc98f96008ae162bc95fba872,f,f,f,f,f,
2801751,t,2026-08-05 14:02:48.469203,cb46b49f7e404afe56edf1516013047c8bc80a8422c563a3d5f2293e8cbfdadd,f,f,f,f,f,
2790008,t,2026-08-05 14:01:58.642231,379f3cfb86ac4e98c9848b94ca03643cfa59af5d60882ed109975e50feabbf63,f,f,f,f,f,
2796875,t,2026-08-05 14:02:35.256069,53b813bbb98cf13a00feee0dce5389e28a93071ea230c90ab8eb2260b763e9cb,f,f,f,f,f,
2822727,t,2026-08-05 14:09:47.69307,8e94b6621936a96fb03e941a8dbfc50347520f3f3721c5db2e38aa9eec6f3ec6,f,t,f,f,f,
2774496,t,2026-08-05 13:54:08.80699,06888a67583612c468a8d077e4acc891612706a5c53e05d8d591c91cded538d2,f,f,f,f,f,
2776566,t,2026-08-05 13:54:36.122213,5f7cce16eae9d8ee027fef1046463ae9fadf734d4fab87084b8be24c786aa440,f,f,f,f,f,
131634,f,2026-08-05 22:55:40.585153,4718c4dbc612bcde0a7748127505ed41ce6c838574347d9e92841a8a8e351208,f,f,f,f,f,
2790142,t,2026-08-05 14:02:00.146275,0973da2c51bca2eef424f63f76f19a6d6be101fe1807d36ff0deaaed21e36763,f,f,f,f,f,
131725,f,2026-08-05 22:55:56.505049,4113c10e6cc211d71370373f60d9a593f86b7b6ab5fa0b37af164baf7a8bb8b3,f,t,f,f,f,
2793737,t,2026-08-05 14:02:19.65698,9782c13308624956700d27300f99c3090260f4eeb953fbbcb8bffc11fa20c171,f,t,f,f,f,
2794091,t,2026-08-05 14:02:21.151955,18ce28c889cafc7f491e5f41235045b821b135edf248f7a2c4433f469d86d1a9,f,f,f,f,f,
2773344,t,2026-08-05 13:46:32.82623,0d58261410bf144838c30ca304a90fc1d42c4de17d181c5ac188893d3e5fa171,f,f,f,f,f,
2716217,t,2026-08-03 15:08:33.38313,b7dd74fe14f429b792ef78d3cdafcf832cb0afb291d7ac6ca7567eed42e9f624,f,f,f,f,f,
2777489,t,2026-08-05 13:54:46.028499,0d44a7ebcecfe26a2ebfdf177090a937df6fd069f9709d48997a3054c6408fd5,f,f,f,f,f,
2784980,t,2026-08-05 13:55:29.851349,0d6a7bddadd5b8f64c1e9242537eb7d7767696122b3dd7f917fc46045dbc6340,f,f,f,f,f,
2795327,t,2026-08-05 14:02:26.854454,dd0245dda43a1610aa67c8aa2deb657f60a34718f5f15c286298dc3e58f24adc,f,f,f,f,f,
3354835,t,2026-07-30 12:38:44.641711,7c3aca8b2081e35ab96f9c66014511648d24246569fb16cb924cb03f737e281a,t,f,t,t,t,
2914395,t,2026-07-30 12:38:44.641711,099bd0fbcce9c18eaeb08a8a5cb669ce9610a70e37d5a6f45f824f14cc0491a4,f,t,t,t,t,
2752049,t,2026-08-05 13:45:15.088078,77fda8e0de50e70489596e71ac4ccadb3be38955dfa8a6741d97102510ebb5f1,f,f,f,f,f,
628880,t,2026-08-02 12:09:49.271882,a8591078a9e4c1c1fee2aae981632578b011525ade9b2247569b58f4353be0ef,f,t,f,f,f,
2795387,t,2026-08-05 14:02:27.454711,de2e34a30f799bc2f885e79af465175c5e3f54a908602196e3b2d29bb849320a,f,f,f,f,f,
138661,t,2026-08-02 12:00:17.710198,e9ea22e312ee788a4ad76c868ca3fa497e0cb13770a32e7c10cb3cbc55f1a9ce,f,f,f,f,f,
506233,t,2026-08-02 12:09:06.003028,6eaaf5fce771422b13c1b45bf56b3a37981b84d1e4553b52b8109e957330994b,f,f,f,f,f,
135532,t,2026-08-02 11:59:48.905938,40f46baabc775ed73a922855bfe37d379ecd999ca809d672a8ec10a39e37c82d,f,f,f,f,f,
506532,t,2026-08-02 12:09:07.504041,f9e908bb15392e4bf87733c68de266e37a4d4c5b53876bba5194fb27a1cdcf78,f,f,f,f,f,
2037368,t,2026-08-03 12:03:00.510326,72d4f5bf6218cb09ec99dea2b0ec8bdf37f014b1f64ee2b9d66f40c484a322f8,f,t,f,f,f,
2640123,t,2026-08-03 12:13:34.408455,d97ea489fe6d24c2574ac57c1de13b952844b4a2d0f068839650519ecd6ea4f2,f,f,f,f,f,
1992872,t,2026-08-03 12:02:51.507861,42c48a4ba50c16e264220ff233d568348368c849acfb4b1d42a9754643e5bfa6,f,f,f,f,f,
2760102,t,2026-08-05 13:45:52.645086,9e4a6efbda4b9c9f81125bb0c93639d0476e8cdd9ade97a2417f11a43a96d359,f,f,f,f,f,
2684992,t,2026-08-03 12:15:03.006855,560b621fc32011dfe4639ea3d942ead3a858cb4767bfd14bfce08b21f5b8522b,f,t,f,f,f,
2680961,t,2026-08-03 12:14:56.709834,09a79d2c577ffd56657c5c836b5b029f786bc3a19ce8452209982d6f6de79464,f,t,f,f,f,
2684999,t,2026-08-03 12:15:03.307539,bb2d833166ebbeca43a95aa4a2ef539dcdf1b2e84c3180477d1cc496cd604b61,f,t,f,f,f,
2685036,t,2026-08-03 12:15:03.624189,a96324da76a580f5832362fb4347460f9390e51b4ea82aeb47d8d88f2c8eac67,f,t,f,f,f,
2734001,t,2026-08-03 15:09:00.101429,24f8bd93faee07f396bd22c75667f613a6db1bb99bf8d356b2bb19bf29096483,f,f,f,f,f,
2633908,t,2026-08-03 12:13:31.704481,5c49cec1e1a58a9aca1a6ceb2d7cbdf4ea7c8c66a630582dca3e6464346b0229,f,f,f,f,f,
2672834,t,2026-08-03 12:16:33.190141,d495bb99ff6ac5939bc9a0644985e4f9d422123addd8953cb8adb6076de99134,f,t,f,f,f,
2680234,t,2026-08-03 12:16:35.899558,c0dc932ed665632e574c4463196890f2352a652bc0a39915dfae10e0ef76de63,f,f,f,f,f,
2755008,t,2026-08-05 13:45:25.590525,7432c79c65c170601f0752e35182612770b9274e220dc873dc1aa34fed7b9d97,f,f,f,f,f,
129267,f,2026-08-05 22:49:21.702888,31cb037191f02db3be7e4f10d140e6df8afe7b54833ff659f56935641f66a69a,f,f,f,f,f,
2801131,t,2026-08-05 14:02:44.908088,3326dcdd27be414d2e71101605c54ce8cb3288b5e16a773d7ddf7d5dba14732f,f,f,f,f,f,
2913619,t,2026-08-05 14:04:28.554357,dfb7e60ae8ccff1211d77071ff1ae1ead0400b6f49be3f520f6f5df597f2fd7e,f,t,t,t,t,
2796786,t,2026-08-05 14:02:34.063245,dbd633b3be20458e2b9548826316413938ea1c02344fcdcee6785f5ba1e8ed66,f,f,f,f,f,
2788970,t,2026-08-05 14:01:44.537538,d7be7e961ca723e98d889755161c1a6167e508db8d8880ff819b4ddb19d4493e,f,f,f,f,f,
2913644,t,2026-08-05 14:04:31.549351,97483bdcf9f1a12f0f483f8ecce9708231b6c81e01d5d03d6361eb61f00c56cc,f,t,t,t,t,
2777364,t,2026-08-05 13:54:45.127718,3c932c545184f9fdcfd5174609aef8444396291b0635d29640d7451d188cdda9,f,f,f,f,f,
132549,f,2026-08-05 22:59:19.196544,8cef3ac4f0055450a65766fadec6a0edcbf5e667db33646da1cd2ff36bed8b3b,f,f,f,f,f,
2781612,t,2026-08-05 13:54:59.84704,dc94b8d1fc1c511eff9015d8814458fd53062217c98684ba584899af1a89997d,f,f,f,f,f,
2796846,t,2026-08-05 14:02:34.960856,8bb3d3b6c9a29aea4e618888d4d227ee9d2295ada0bd2cce65d764e077b76e09,f,f,f,f,f,
2781628,t,2026-08-05 13:55:00.168591,8498c89184a1ee41eb4b6d1631b6d47d1928650a68000c95f5c9ed3be47ac5eb,f,f,f,f,f,
2781651,t,2026-08-05 13:55:00.430386,5d5a3ea160f3ca4a677fb093b4e55679e88fcd544f5296c9ac61dc3e011f84bd,f,f,f,f,f,
2781912,t,2026-08-05 13:55:01.935682,b3b1143f522fe471d8c3a414d69bcf020890fb4289ae84026009a9aeedf0341a,f,f,f,f,f,
2789478,t,2026-08-05 14:01:49.934996,ea5a588299bb918eefd92b41a0c2a1331066a49fa1455db393811d64a0abcf1c,f,f,f,f,f,
2789865,t,2026-08-05 14:01:55.034436,edb5ba1f5d334bd672a6a34b7504f0433edcdb49e667185c537f28277b6262a2,f,f,f,f,f,
2790029,t,2026-08-05 14:01:58.942019,3df1900573190531fa991b2ea0a4a21e370a3a7ddf34f498591d7c2425cd379d,f,f,f,f,f,
2793285,t,2026-08-05 14:02:17.552607,0794f864729c9a14589b6bbf1b14383d86552b73be3ab87f457f91f26ccedeab,f,f,f,f,f,
2793408,t,2026-08-05 14:02:18.749771,861fa9d048e0b26d0376b97856ef31aba96c549d6b99dcf24045489784c06298,f,f,f,f,f,
2793653,t,2026-08-05 14:02:19.355649,2e7081e018b6fe75b98375a0acc408bd8e074e38f3decaf6cbe1868c29d01fdf,f,f,f,f,f,
2795136,t,2026-08-05 14:02:25.358101,9b411ae14e0d266ace4b5500e2de864f569218ba6bc9e48ccf6378859239ae6c,f,f,f,f,f,
2798815,t,2026-08-05 14:02:38.861333,bad7a98874b93f58928a6193df34bd6050b378488d203f4255b1e7b3cfc888f8,f,f,f,f,f,
2798901,t,2026-08-05 14:02:39.495345,a009334de5073688ec05ee3f6dc392aa2be43ec4e9e3aa81ef7a63524e51ddbe,f,f,f,f,f,
2716221,t,2026-08-03 15:08:33.981406,1615f17979a854ff3548849fa5ede948f23b6f992e5cbd1b69e26c6250b33d61,f,f,f,f,f,
128296,f,2026-08-05 22:45:18.609535,0d6e579920f74bab4d6919c48b6ee79a4bbbbf4b177035cd045c88e5dea01455,f,f,f,f,f,
2729828,t,2026-08-03 15:08:51.997848,dfd4d1d230e51cd4ed85b9971a2ed3492fe28fad2ce9de97c89a0bc56535fe2d,f,f,f,f,f,
4010144,t,2026-07-30 12:38:44.641711,b589da86167456d2dd3dbcf09ee7d14674d7f8ec73a2129a67eec3e37bdf0e7a,t,f,t,t,t,
127899,f,2026-08-04 00:20:59.12279,c477701b0de25501ee8715611fbe5ee2079ecaf088483f6e1cb7289c54bcc1b4,f,f,f,f,f,
3072035,t,2026-07-30 12:38:44.641711,957088ab94665dd7355dafda325cbc5749434920c40492b30ab2781b9a17ba9c,t,f,t,t,t,
2801764,t,2026-08-05 14:02:49.065688,9830fa38dc914113b3dccdaffc680730debf4f99e0268e47f7b666ee27031039,f,f,f,f,f,
2777624,t,2026-08-05 13:54:46.624904,5b5eb5ff84e3269fe9711f3ee2058ef2b0b415f68e935a36e54283f5708f2e68,f,f,f,f,f,
3586825,t,2026-07-30 12:38:44.641711,b2908318c81106eb53524cf4c44001b4513011c924f040adcc0b795f09ea2c95,t,f,t,t,t,
2771211,t,2026-08-05 13:46:27.727296,ee45616b9184aa762b579d35898fcf92af77c4ac5dd2ce7594a02b7a4be63dc6,f,f,f,f,f,
3377145,t,2026-07-30 12:38:44.641711,f315cc5829fb674b83ece37de975d1df01c0c6fb0be8a879d044f1dbc5f3594c,t,f,t,t,t,
2777908,t,2026-08-05 13:54:49.930229,980eb93dead485497ef37ee72b9a2f75faeb9d56e3ec42115dd0b2a01370b01f,f,t,f,f,f,
129005,f,2026-08-05 22:48:19.903389,9675c66e32d3b7fe1c8becae5dfeb9717f12d1e9c9ea714e0272e0fe40fb0084,f,t,f,f,f,
2779071,t,2026-08-05 13:54:54.132127,0151bf724aa3963142cefd5a47e9ce553193c37d59455f03915790ceba4020a1,f,f,f,f,f,
2913639,t,2026-08-05 14:04:30.646132,4f4cba71cfc26178f06ffbf6d43f811b320786ddff9aa003fa1f407da86a7ee1,f,t,t,t,t,
2759855,t,2026-08-05 13:45:50.800687,5a2acc737605e7e1c3c8e719b06d33411a7f82426907b911e4852a9c7d6cc9ff,f,f,f,f,f,
628176,t,2026-08-02 12:09:46.52948,25156a4951597477e8eb4728bc1407536c96ba8b7ccf14d5a83e7e204d4d34e1,f,f,f,f,f,
2754970,t,2026-08-05 13:45:24.689502,0c36fef938819c0c988b958b2b49b59de002d652a7640d531317ed60f4ff28a4,f,f,f,f,f,
135485,t,2026-08-02 11:58:35.816639,ae69bccc60918e09b404a28b4a0963721e36017dd65c9ea51b0d83f36cfe7cd6,f,t,f,f,f,
134359,t,2026-08-02 11:59:43.436291,466dd9a4c6221ca838899e239dc9e790f1423983ebc840759418a55ac3f382c8,f,f,f,f,f,
1071342,t,2026-08-02 15:08:20.441603,29da1a5830304e162b9ee67875a9975bee54a655c7fa7fa79fe86adc11db3c4a,f,t,f,f,f,
398029,t,2026-08-02 12:08:58.833135,9404e4129e7225bfefdb5ee1e8e8b773e78d1b2f240e5e126ff520efcd0f8312,f,f,f,f,f,
522886,t,2026-08-02 12:09:14.407246,95033dfde71500c27e5060888239ae3739c8678505b43b6c2d542e36f4f2b0f2,f,t,f,f,f,
522857,t,2026-08-02 12:09:13.809022,db7efacc0b7a98697fc0a3d3bab605e8f9b4dbd9d61549de96667d34733ff59f,f,t,f,f,f,
2685070,t,2026-08-03 12:15:04.212818,27de6ea7a3dbb1dbdfd8e982cf3bd8e0c73d9648fe694f87edd95d3a2d9d26ac,f,t,f,f,f,
2754976,t,2026-08-05 13:45:25.292927,b761b923de48c97f9a55c3f9d703f70bbc300e47fdf980386aca0d3f1bf4a23e,f,f,f,f,f,
2489047,t,2026-08-03 12:08:45.375432,f853c060f9066195c0ce54004a6dce2412df98586cbd4144f2092a47313d2f98,f,f,f,f,f,
2680928,t,2026-08-03 12:14:56.110815,ab706144f2bc138c61507feca94f0de1abf78789cbf378c16c9f26a62ec3d26b,f,t,f,f,f,
2685061,t,2026-08-03 12:15:03.928937,2d9f1abce994da139001030a8a5add256e70a536b89afb90b2824362d86fdf05,f,t,f,f,f,
2771373,t,2026-08-05 13:46:28.043339,6194ed087c35fc3494c3fce27612ba28d1baab1d6dddf9fc0d90da718b4ca744,f,f,f,f,f,
2773007,t,2026-08-05 13:46:31.031326,2011a6d9a65b52be6a82c979cfdccb03359097c3c28644635e31a17c9c3beac0,f,f,f,f,f,
2773046,t,2026-08-05 13:46:31.336151,c50d2d9be4f659038249da977f15e281c6a85c689dcf82133955a9ad7904eb48,f,f,f,f,f,
2773282,t,2026-08-05 13:46:32.230388,f954cf5c3b1c33b323b981d5d5c4c43520e669fe8de6b481c79f194ba688e2a9,f,f,f,f,f,
2789048,t,2026-08-05 14:01:46.9331,7ae86efd799bf96723c05f6cf29cf37b0da1d1c4ce1ee7ff673ff00ffcf1ed1c,f,f,f,f,f,
2784791,t,2026-08-05 13:55:25.646966,7d02558212a748cd184badec012805cbd8a96a5533f5cb8a592953f961df7b34,f,f,f,f,f,
2784860,t,2026-08-05 13:55:26.611223,b44388de06956cf2a84d5f278930dbc981b44482831559446f4a83429176099b,f,f,f,f,f,
2796621,t,2026-08-05 14:02:33.158261,34a7653a33c39d7842f44a565573e07c1e9be431b5f0c2778969078ec53e07e5,f,f,f,f,f,
2784940,t,2026-08-05 13:55:28.35599,45c98b1f239822c44f824ab331d3b720d3ea7bc89fd49e357967bfc0717b0424,f,f,f,f,f,
2785018,t,2026-08-05 13:55:31.061205,780adf2dd9383c46bb2ec1c0b35486363125ecbb755f58c1e2598e1c2eb17db4,f,f,f,f,f,
2796739,t,2026-08-05 14:02:33.758187,38a392dbb0ddf8f5347942a45443e5e5e5378fda9f7c97d4e90bb9487012cb22,f,f,f,f,f,
2789044,t,2026-08-05 14:01:46.641058,a2ce507d637f1035182079b6631b048099826c82e1bf7753dbcbcd7a18bc5066,f,f,f,f,f,
2789745,t,2026-08-05 14:01:53.535777,132b825357943f184179af03a83792c3920c149bea5a0a1d195e9569a3437e13,f,f,f,f,f,
2796939,t,2026-08-05 14:02:35.858381,6ded595ba512f48c28505051e81b345647a1a93cb907a51d2b1b94239737fc47,f,f,f,f,f,
2789795,t,2026-08-05 14:01:54.13374,b835da6cd3802d50ba8becd19c39614439537f0c41deffd59bfa0a7ec8b951a5,f,f,f,f,f,
2794137,t,2026-08-05 14:02:21.4564,c79e78a6e5cd8666216db9a2383cd36929a07e28e17f277ce4ae884c579ba54a,f,f,f,f,f,
2777416,t,2026-08-05 13:54:45.728708,66eb589c72fcda41bb468f17b03c68b0156a16b25aeb2c40c5b8c193b2039575,f,f,f,f,f,
2782374,t,2026-08-05 13:55:07.034637,f6c6d8c691752b7a773c289d173940b24176e74b606bdad444d738b763b5f954,f,f,f,f,f,
2783147,t,2026-08-05 13:55:16.978368,79575596012a9b7606ed2207e00738c1dc6a44140f768361c7cca90b8759f492,f,f,f,f,f,
2794399,t,2026-08-05 14:02:22.650268,c97ba465c68de5134e84a9c3fba30c8cb93148ad7a594bfbfbdacd9a8fec8693,f,f,f,f,f,
2795102,t,2026-08-05 14:02:25.128728,d65ed2331d860703c6b7f0a4beb6119f6b6bef4d218bd22ddd2abf80bcd0d92c,f,f,f,f,f,
125591,f,2026-08-04 00:05:23.148935,25359fbd7d5c8be75c42f5afe1ded03ebf29a41a5efae2aa095b89219f2c7eb3,f,f,f,f,f,
2776497,t,2026-08-05 13:54:35.22341,190d9a28554892481abf9fe15617aeb4c2c490795e6fada5a60cd62832f3c324,f,t,f,f,f,
2755708,t,2026-08-05 13:45:32.802737,031940d06f97e635ad10f2df8b61a394e3f6aa4a071c7f36a79ce02b9d44ac86,f,f,f,f,f,
2783442,t,2026-08-05 13:55:19.042556,22ac2dc7b2cb7d0fdc00107d3674583249f7a8f65b1ef402adc7c2bdb7edaa6d,f,f,f,f,f,
3448238,t,2026-07-30 12:38:44.641711,18f0888b709d4c3b06169013b72c1d979098ede855fca0a7534d9a6ac8f1bff4,t,f,t,t,t,
3067155,t,2026-07-30 12:38:44.641711,287204c1cfeb9e986e6275237a8d892a0ce6d4f3f99f7fea1e874bb6989aa68c,f,t,t,t,t,
2777657,t,2026-08-05 13:54:46.930069,22bd97d3163d5ffa7bd6d8af47d19ebda3660e253f0559447a147d9f486ed324,f,f,f,f,f,
3049903,t,2026-07-30 12:38:44.641711,e4aa5e70714e6e84abdada3dc83ee806103687d63c3644b60c9007e86926a4d8,t,f,t,t,t,
2773304,t,2026-08-05 13:46:32.531098,ced99cca079be23b5bee8d22c45bd64291b65d95bd442236aabf536ca7f93221,f,f,f,f,f,
2788398,t,2026-08-05 14:01:42.73462,915a42c21ad3289f17fdbd6147439a1913407d4009d1c54bdb2c9e6829428ad5,f,f,f,f,f,
3072029,t,2026-07-30 12:38:44.641711,067ff525c74aaca5ccc8721fefa4d707ac1c20a7f8cd5473d297b82784cb154e,t,f,t,t,t,
2757961,t,2026-08-05 13:45:43.343908,04b758a269cc3be8d8fccb051e11dedb572bed200ae19b839b36d20709fedb52,f,f,f,f,f,
2761860,t,2026-08-05 13:46:11.523735,7392b40eee82e5a113841f1f856f65e5a3149ab3aa54ddfb6714bd963d5161c0,f,f,f,f,f,
3072038,t,2026-07-30 12:38:44.641711,e63e0d84d1fa92511070ddc36f64e66c5ac4997c5edb8d9aba1d78394bcba6d3,t,f,t,t,t,
2773567,t,2026-08-05 13:46:33.729714,8f12a57dbc28f56fe914d1897a435408c14df3c0a4b8960554988ae76ab7b54e,f,f,f,f,f,
2722865,t,2026-08-03 15:08:45.102396,156105217096ef95541b1f209d629b52366e71f1905e341db6fef5baa4742dd9,f,f,f,f,f,
134100,t,2026-08-02 11:58:14.029548,8b7469f8e48640b912aa586482fc11ec724d2c899f8274fcd2ca5beaf215561e,f,t,f,f,f,
2782224,t,2026-08-05 13:55:05.833689,b029b5a65cd11d7ef604e967a29036028acacb2d490ccd580215ca2692cc82b4,f,f,f,f,f,
2820330,t,2026-08-05 14:03:03.82266,6dfcae450944703babad68ba66950005de3fad6ffd5da320df303bd0ddbd8036,f,f,f,f,f,
586143,t,2026-08-02 12:09:25.216308,ec2c499fd440037376c312eaa62a5669d66e12a5a265f126570ca4801a1aa9e5,f,t,f,f,f,
2015628,t,2026-08-03 12:02:53.909258,dc709633589f7bb99a5f6ba42c4701c79b7728297b606f70438ed91e8b73ff7a,f,f,f,f,f,
628920,t,2026-08-02 12:09:49.536232,5c01b8344b9c5ed4d9116d2a37ebe1727476896420a93bfe3bf3af90753e7f7a,f,f,f,f,f,
2022311,t,2026-08-03 12:02:56.00028,9d2318dcb5215d276fa829b1be4391186bfcaeff14562e1d42073292c4293081,f,f,f,f,f,
898016,t,2026-08-02 12:10:42.529332,04614e397939745b3d0a249cf4a6ddc7f6612d8748ff686484d83db24c11cc6a,f,f,f,f,f,
2685085,t,2026-08-03 12:15:04.819105,a12f13a4d9e8aa8ecf07f06f3ba0adb7795e2e4aab5fdc1a0cfe53a983bd44e2,f,t,f,f,f,
2685206,t,2026-08-03 12:15:05.105172,4ecea8b5830926f00adc99c9319275c8e1adec38a8a213bd35253c88fc1714b7,f,t,f,f,f,
2605393,t,2026-08-03 12:09:45.043775,4e2346d59487526eaa5a1007683e3cf33116f77ec4faef84a5be836539572808,f,t,f,f,f,
2499552,t,2026-08-03 12:09:04.224994,8cbbfeff4924a2558d29f6b05c5ad54fe7a4a934cf993719364205280381d552,f,f,f,f,f,
2685215,t,2026-08-03 12:15:05.405326,9ce9089f58f2d5a1d27c769299f5ec21f84ac77455ed860ca81cec39a070c3c4,f,t,f,f,f,
2725128,t,2026-08-03 15:08:46.60053,8a453b21923c5a4c67fb21f434a117595b6f8b4b0a92e8a2dd09775813279a80,f,f,f,f,f,
2710633,t,2026-08-03 12:22:42.444937,c16aa430bc1a6024e14bdae2a583d5d90e6b7beea135b81303a09db81f0d287c,f,f,f,f,f,
2661597,t,2026-08-03 12:13:40.41487,5982cc59f1d9586246eeb5a05cf2f0681419b53a19593122a0898d1b218d2cd7,f,t,f,f,f,
2685076,t,2026-08-03 12:16:37.707545,b0ece75e77003451b329821a2af6958d863f5ce79952c42451c6c6b1ede76bcb,f,f,f,f,f,
2796016,t,2026-08-05 14:02:29.560973,fa714c791f5fcb1cbeada579373ca05afe97593c8dc9d663f80fc50f9f5b51b2,f,f,f,f,f,
2732444,t,2026-08-03 15:08:55.59648,d4544c61563667d18e91179c3b9f58aed2896008a4d1373c0728371f04647e9c,f,f,f,f,f,
2789573,t,2026-08-05 14:01:52.352061,6903b7ea0b7808189b134d9821107a61feeffb871a3fbc22f8c90d23393a98ff,f,f,f,f,f,
2774013,t,2026-08-05 13:54:04.90597,7584e413ed78ad6c42870b2624b4d50f9fbac90029710ba03c6344f72d821bbd,f,f,f,f,f,
2796073,t,2026-08-05 14:02:30.152462,c66838dd07b81fd4981230d8197f20547334e01772caa1b637a48c11d2d6d2e7,f,f,f,f,f,
130989,f,2026-08-05 22:54:31.13313,ce60c771df489b34e6ad41aa508c9cabac02aeaa1dcacf255e60b496753f850b,f,t,f,f,f,
2796471,t,2026-08-05 14:02:32.253613,e6323de7bd6fd656310fc1e69b1e4e6b43c805c55eda686032b5e83c2f3842f8,f,f,f,f,f,
2782996,t,2026-08-05 13:55:15.148112,36b1c845b3f6341f44ceafdcaa691423d3f38321a3aaa1f37c2590899af30efe,f,f,f,f,f,
2801071,t,2026-08-05 14:02:44.607872,5a698b2be74b28906bb349510de582aa7bf880729f43d9b0484d7b02e8fce5ea,f,f,f,f,f,
131762,f,2026-08-05 22:56:12.031484,8481294885a505d3f8268da51ad47f0bd3adb8ec1799bef6070f198d54caad62,f,t,f,f,f,
2792718,t,2026-08-05 14:02:16.950339,206c29d98140cacad2a7c62bc26a3d0a8e884ff3135ebf0d4ed5eb8f496f8d8e,f,f,f,f,f,
2793843,t,2026-08-05 14:02:19.973046,780f20fd8c5fbc45327d681ddde15850985555cddd247d9a0a03ca60e1dd516f,f,f,f,f,f,
2794996,t,2026-08-05 14:02:23.553611,ab81371b3d687f41b60891ea533da3d1ac1eab9f98b1f3b9c46b38c304afd27d,f,f,f,f,f,
2795220,t,2026-08-05 14:02:26.275321,1b7ea51f4ae6d5d7e3c34430fc90ce1f43dff990ab13b3e4f94142385e939de2,f,f,f,f,f,
2796954,t,2026-08-05 14:02:36.158812,4f14bb97c93a613e8e217001e8b88e142f7bea6d4e25fc4c645dd715969d6677,f,f,f,f,f,
2714537,t,2026-08-03 15:08:13.868916,71e2434e1c19680b554daa0123e537576e89239c4f08b6c2fc0756bfa548ac89,f,f,f,f,f,
126842,f,2026-08-04 00:15:48.635907,bcd8e18ba575af780206136435e343d0410079ca669032fb34087730fba868a6,f,f,f,f,f,
3072030,t,2026-07-30 12:38:44.641711,af4e1c96f6e21bef3fcac2fce8210168e2e741acf5ec26ad0cc22dfb73729744,f,t,t,t,t,
3588503,t,2026-07-30 12:38:44.641711,df9781ccda2e90ab86556e22895e3459936c3fd7e0e934edfbe57912c1efa893,t,f,t,t,t,
2776703,t,2026-08-05 13:54:36.724075,e85fb0b411bf52516519c5c4196be751b40449a6ffdf47cd059cc4b0c020aa6a,f,t,f,f,f,
3044630,t,2026-07-30 12:38:44.641711,78d78a2a414174661f5bd0d5134195819b03a7da05d3f8673a107d80cbeb4413,f,t,t,t,t,
135488,t,2026-08-02 11:58:36.158992,ca948d8501a8275718d26b7232f4ec9cbdf31ab40f1fd59cd9b27d53ce7cb058,f,t,f,f,f,
2757691,t,2026-08-05 13:45:42.100731,886c6bd3026f0b1b496d379a59851ea11013905ffbe351b460beb96549ba7015,f,f,f,f,f,
127140,f,2026-08-04 00:16:08.584293,d64e05c68020a26afd84c4ccbfa29b44de457642a7ceeae304fb16bd4c788623,f,f,f,f,f,
127620,f,2026-08-04 00:18:49.639934,f2b32711248886212352ac57511587ca5057ec262efcb2cffdab4b0570e87c35,f,f,f,f,f,
2759926,t,2026-08-05 13:45:51.163853,d42104c5f0e214e8cc6fe6728587ea5da5c5eaf6a27db3edf09a70d8e511a667,f,f,f,f,f,
2782057,t,2026-08-05 13:55:02.534981,d4b984590ba2a4d5245a81719d89dda32ea3e16205dd9c123d1fc23bd7d1eeff,f,f,f,f,f,
130415,f,2026-08-05 22:52:43.139064,a13e12f1df923bdc6c9d12739feab5ece4ffe1f3cfb5276eb3e14281470a2170,f,f,f,f,f,
609846,t,2026-08-02 12:09:29.121842,786b8d051b31656282077b6e7988b7fe29c71d69db093c07711597ba018586d4,f,t,f,f,f,
2844124,f,2026-07-24 22:16:10.231342,e36cdc388b8c058cfbca2ced787e1ae8c2c3add7c726e3ed687ab0fa4abdc015,f,t,f,f,f,
900163,t,2026-08-02 12:10:22.290278,4b4993a37550f417a003e4c833c1fbd7253c1720fcadf05c1376c83322520744,f,t,f,f,f,
628954,t,2026-08-02 12:09:49.824082,779802420c5d2b237280888f4e370ba521d34963482c5dab8ee4a8a52eba41b4,f,t,f,f,f,
980192,t,2026-08-02 15:08:13.942502,2ea2276b6caa6f5123755d17230a1199cea07b9a2ed83cb2a108fa8bad6c243d,f,f,f,f,f,
2710727,t,2026-08-03 12:22:44.253533,4e0234587dd30e09b3a372dc7a5256e750d20706964c6680793ee78cc3639e17,f,f,f,f,f,
2710685,t,2026-08-03 12:22:43.345795,c8fa4db47e77332edddeadb63c29096ffb78202a43a7ed855dae4bbd33cbe383,f,f,f,f,f,
2605276,t,2026-08-03 12:09:44.142651,0639ff8d75ecb3795595d1f82b547f2387d9cac65fde835cbcba2c1af914f387,f,f,f,f,f,
2605277,t,2026-08-03 12:09:44.44664,ef302e44518f9bf29c52353067b8110136fd7f38e8759c0b625297d6f18d497e,f,f,f,f,f,
2685345,t,2026-08-03 12:15:10.814716,6049e3672ed4318184f8140f9f19067968445e521fe8fe9cbfd94b02bf96a86d,f,t,f,f,f,
2563078,t,2026-08-03 12:09:20.131984,1d160e7e466b7d12395d55bd8c516c44fcb2df8512cd002c92fafad63e86ea98,f,f,f,f,f,
2679577,t,2026-08-03 12:13:53.027322,cae334b51f632cbe159c227bf24fe96015d7d334ab49ce60dc4ac6d7d35e00c8,f,t,f,f,f,
125772,f,2026-08-04 00:10:06.017743,90b358a6d5fb5386a09d4fba32992cd53da957cd8e8577461bfbc8f2668640bb,f,f,f,f,f,
2701876,t,2026-08-03 12:16:53.607463,54929ce952a73343c39ffaa44b8451b6fb3c20ba6448cbdf4f7d072b0ea677b7,f,f,f,f,f,
2795892,t,2026-08-05 14:02:28.358864,2cf43925a2de510bfe5e803e0648aa60fb20c96d7458b7320a1e1accd244627e,f,f,f,f,f,
125779,f,2026-08-04 00:10:29.373997,7185506de805583a29366f2f8f390d361d6086a1a4e9534c39902904b9aa7e43,f,f,f,f,f,
2874552,t,2026-08-05 13:56:45.009887,8230e1561260c987e94ff40b8a592897f592250dd60581a9e1e8e46818b074cf,f,f,t,t,t,
129394,f,2026-08-05 22:49:43.685431,bbfce4e3e41fb45dce6f120735a062024c1ac462c776897c2e8350ddf395cfee,f,f,f,f,f,
2796811,t,2026-08-05 14:02:34.359571,f79abd503061e7491136db9fd669d68187942b90c88ff31d18fae540c34eed8b,f,f,f,f,f,
2799143,t,2026-08-05 14:02:40.961234,d7d72aa82ced16268e6196c1d365bbe5315af48e4d30c9a46b192e62e0422c1b,f,f,f,f,f,
2799163,t,2026-08-05 14:02:41.260497,8ca709a1eb61fc21dd461f9abbc18a2864c88c9ea5104fc0293eeaeefb738306,f,f,f,f,f,
130976,f,2026-08-05 22:54:27.37917,1c716dacbfe4b73dc678734839523dd7d6a2a42667eb138e7ddf9cef50a33bb5,f,f,f,f,f,
2789206,t,2026-08-05 14:01:48.436929,f4e1772818780c621f27c4220a098a815fee4675615e2dc52271b139a4095340,f,f,f,f,f,
2799214,t,2026-08-05 14:02:41.568216,75e3432a6128df4072383bae48492b5d3212bdf24d25d874c14120bd81c77a74,f,f,f,f,f,
2789419,t,2026-08-05 14:01:49.02692,a73a04e741fd35c27c04db443517c9f3a285fe78bb91b82d97ce4fcd50c17d4f,f,f,f,f,f,
2782092,t,2026-08-05 13:55:02.836604,23cdd412c2a5fdc5d7f151cae008f379bf30b75ec73a0c66ec22d68ab17c03ed,f,f,f,f,f,
2784006,t,2026-08-05 13:55:22.045491,4df1f0ea9d4ff25b1bc18625fa573e1f3b96191b46dff5349255054637f974ec,f,f,f,f,f,
2776468,t,2026-08-05 13:54:34.927542,edd162b2d1ed9515bb46fb87a675299a2185efd5e7d94a46015ef07e88cb5102,f,f,f,f,f,
2891854,t,2026-08-05 13:56:56.122756,0c2e3fc41403a75ed1962bbbcdac5da6a94ebb789bcee3ed297b107b1bc28c83,f,f,t,t,t,
2789480,t,2026-08-05 14:01:50.235786,3ad241968aa288cde22704f9c02654f8beefd525de27d08a6b881ef7eac2ef84,f,f,f,f,f,
2789942,t,2026-08-05 14:01:57.435432,994f5ecbcb273e354929e6b70a8d981e2bba017b53604e2bdb0716f74a825e5b,f,f,f,f,f,
2790292,t,2026-08-05 14:02:02.248632,ce9bcf23fb4ce2f6dfbad84e816a2ea7db3a28dc1e1908d33d6296d07b01cc0c,f,f,f,f,f,
2793994,t,2026-08-05 14:02:20.852962,b3d1c345ba1106c18a4883b1ed7fac135e205722bfe52adb4da37df6129e5791,f,f,f,f,f,
2794166,t,2026-08-05 14:02:22.056153,fcfaceee9f8c1711284bf1e3e9c5b63e56b74952dfaf63ba702043fb3d2ba3c7,f,f,f,f,f,
2795043,t,2026-08-05 14:02:24.45537,cc566e158df278697eea14d15e4232d78e52d4822ee16819679c20490bdfa9bf,f,f,f,f,f,
2795200,t,2026-08-05 14:02:25.654994,6fd91d5cc55349a99cd60b14744a09d67f8ec1fe3e835c2866972dc06b4bf9e7,f,f,f,f,f,
2892032,t,2026-07-30 12:38:44.641711,5d8a93530fcdabb00331d0d51d1c5dc06a1d94904ad031231e25ea3523020831,f,t,t,t,t,
3351239,t,2026-07-30 12:38:44.641711,2c5541432e2f83f5ac8c2b47c7a0bf5ae464491b4c181647adcdfadf774783f4,t,f,t,t,t,
2777184,t,2026-08-05 13:54:43.927239,fecf9bc4db04c4edab1b5c79ba3c0aea990606dd70ad263ab26d297d564c86b5,f,f,f,f,f,
3072036,t,2026-07-30 12:38:44.641711,558155c5238cfac5665a9bb55f82d06e0dbc5cb4273e32fff95039a910c90f2d,t,f,t,t,t,
3355185,t,2026-07-30 12:38:44.641711,2d3ba62edad20571d49446e5933618e09e75a79fcaddcf77f3e7f2967ac845e7,t,f,t,t,t,
2785011,t,2026-08-05 13:55:30.751373,60b0332e05083fc79e6ace28fc30369c07f1415929182b9e33f215525eea5f00,f,f,f,f,f,
2761830,t,2026-08-05 13:46:10.019061,e489017b2c1c25cd956c1243a63e784fb86ba166ff0dcde1d410c2873fc359a7,f,f,f,f,f,
142990,t,2026-08-02 11:59:12.811884,b198722cd1ac9f309ce6daeb6aceac8af92e091b1c9b5d23718936114c08c5d9,f,t,f,f,f,
2046122,t,2026-08-03 12:03:03.822789,13e53ac5aa4110296c3b72bdeb64ccd2deafc9f019cdd1ef930f5aee8aa0e650,f,f,f,f,f,
140880,t,2026-08-02 12:01:25.870949,479b81d86ab853ce737065d78c8d9f8c14cb74eda32b527f65e9421b73f893fa,f,f,f,f,f,
506216,t,2026-08-02 12:09:05.710679,377aaab8d4115ede09168e6e05895a50d569f551a76e47cab66c57d433223da5,f,f,f,f,f,
2717292,t,2026-08-03 15:08:39.090428,0725e07236075e8886d5b6a59e1c1d877b33bc16f8c2568701bc098d3cd0d659,f,f,f,f,f,
506464,t,2026-08-02 12:09:07.207871,82a3680140b4cb5da55d77c267005fd1ebff8ca8d125b40f73de61fb6c07e0f3,f,t,f,f,f,
789760,t,2026-08-02 12:10:35.627049,c9bc412c63cb9085320ddc81c37211c4e2503b0508ea1f634b1fa8ebd8b1662b,f,f,f,f,f,
736113,t,2026-08-02 12:10:30.82012,8d054e6b5c8f8fe336ce6f8e7f6b114c7d514c0b857c39988c59f088b8a547d8,f,f,f,f,f,
2500325,t,2026-08-03 12:05:47.374906,8588584fe40e52df47019fb9c24ac27f044d67db4813fcd22c246c4d582b5fde,f,t,f,f,f,
2570521,t,2026-08-03 12:09:36.677811,a8659246c3b016447806dabfced2b2f8e6655d34d411c0bb68a1e595988029c9,f,t,f,f,f,
2795955,t,2026-08-05 14:02:28.957234,cf7b413aeaee1e5686b0b16fb28f8af26e3a18e0a69035922433c2ba5394af04,f,f,f,f,f,
131925,f,2026-08-05 22:57:02.443929,8bac5d6aa47d5fb43fd75f95ef1c95e8ca332954d05fc04d902d978f91a6d0e5,f,f,f,f,f,
2796736,t,2026-08-05 14:02:33.458053,3f1a20c60f51bb4ac46c9c0cc291c4543474bdd0fb0c15d67ebcf8016ce45b27,f,f,f,f,f,
2789014,t,2026-08-05 14:01:46.331627,3fb7a956d78cc0d8d9b4845901138c3d042f16bde7872003d23fffc7961995f3,f,f,f,f,f,
2798404,t,2026-08-05 14:02:37.40094,d5f86e5d302c0caa2e0313d8c2a125ffe14fa7922eb99e29789ea1a0aea7b69e,f,f,f,f,f,
2789087,t,2026-08-05 14:01:47.528482,7c78ad171c74c690ffc1c3b743a6af1f5a7591798b12446952f0c1f186364732,f,f,f,f,f,
2789894,t,2026-08-05 14:01:56.542508,1e2e8e5b9e13e3436d372c7b2178724edc01dc7d2d51da864363259aa1bf26f2,f,f,f,f,f,
2798428,t,2026-08-05 14:02:37.708731,07359a407a685fdf8f4b73b0a0eb643c36310f0c03f9f7f78a4c79446a41016a,f,f,f,f,f,
132533,f,2026-08-05 22:58:18.423383,9635a5489ed0782162a419ff2d08830d6fbb6c6d948ce0abc7ce4ad6d84e5f33,f,f,f,f,f,
2776407,t,2026-08-05 13:54:34.324827,99cc68a4f0b0e01edc4f5b89e7d09de2bd9e7576a05d3f54b10518e52edd6252,f,f,f,f,f,
2792297,t,2026-08-05 14:02:15.540059,930c85d888344ff47a74ad4ab4ec78f114318f19c183f3faf95497c0c1c3dc41,f,f,f,f,f,
2792602,t,2026-08-05 14:02:16.349843,bea84b4cf47078befc0b85e8698789a3000d2f4f9ee3fb8572df8c382f75f481,f,f,f,f,f,
2792635,t,2026-08-05 14:02:16.64795,c99be34ac96be378d6c412a96ff019ac1f4d8f578a2ee53861b1151643ca899d,f,f,f,f,f,
2793338,t,2026-08-05 14:02:18.151855,91b99819055f21164180977c39d1e829524080745588446b6f6ffbb686161540,f,f,f,f,f,
2776713,t,2026-08-05 13:54:37.021808,0b76a7f1011d0e0c699fbd889d93c7eaf14020c751b46e44c4442536d7827d92,f,t,f,f,f,
2796840,t,2026-08-05 14:02:34.656195,44021b8279bc02993bf9794c33505977cde66d8c70036dd58b63e0dbcce37c60,f,f,f,f,f,
2782185,t,2026-08-05 13:55:05.231741,69aa5ecfbdf3de5acdd063ac41ae567b3895b67738304a63ff641e7ced43a0f6,f,f,f,f,f,
2800983,t,2026-08-05 14:02:44.313527,62de0ae2f6791618e7de55ad24f70306abfd3346b88cc30b90330f328a347507,f,f,f,f,f,
2782201,t,2026-08-05 13:55:05.536504,f1c04fe4e32ea4428c328be3e2295200efa30b2fc3c100604e1c248d551cd880,f,f,f,f,f,
2782340,t,2026-08-05 13:55:06.73884,a0761763d1029ebf4e3c45dcb2b089b2a05311912fa8d7673dfcb8d14e5f811f,f,f,f,f,f,
2904820,t,2026-08-05 14:03:29.377544,531e216c6912541132538c739695fbc2f87600290f086d75034bc72bf33a5c26,f,f,t,t,t,
2782445,t,2026-08-05 13:55:07.340191,4b388044cf38ced8a1a87d8d20aa512ce8f462a37b8b5507fea5705ada5b68be,f,f,f,f,f,
2782494,t,2026-08-05 13:55:08.539823,4f6cf42fa7ae5d37f6204e4fccf6fc32b4c246d006b0eaee6a2b915f01662b8f,f,f,f,f,f,
2783946,t,2026-08-05 13:55:21.446497,91198ad6b9f50d0dfdf20c04f3ca90fcdf9353891e66dedc50c8dc4700a6983a,f,f,f,f,f,
2784960,t,2026-08-05 13:55:29.253292,3f6c28e6e9fc2aa9401890366ca9600ba80e2a8d2369469ba62a0fb91f2f1c7b,f,f,f,f,f,
2789053,t,2026-08-05 14:01:47.236194,3326e6cf9f7d7a04cd59ba716d20d29fb71f041ba04f171f7a0c6255521575dc,f,f,f,f,f,
2793490,t,2026-08-05 14:02:19.053116,c6631ee288556dea96a925f140d5a97defc2e98cb82f983e6ab276d6eef4d742,f,f,f,f,f,
2795068,t,2026-08-05 14:02:24.757238,3bc494de6aa3f2e9662acc26fcabe75703922532ad6df28dedfe6cb541b30d5b,f,f,f,f,f,
2784953,t,2026-08-05 13:55:28.949491,377ac6dabe0bee616de694a49b8449454c9db19463633998211f79839e114458,f,f,f,f,f,
2772496,t,2026-08-05 13:46:29.233865,6d035c34877943610d790245af74682d1b203122cea52e1748570211a696b524,f,f,f,f,f,
2909236,t,2026-08-05 14:03:42.872158,ac8a3eb78b1959f59eed9a95ab7dddd7e9e499f85f36be9036553e0ea43d21eb,f,f,t,t,t,
2782512,t,2026-08-05 13:55:09.141081,a3271893eff98d1a4e6d1a8625a80d579fbfe5e5990392ec3ff8fd6baabebd87,f,f,f,f,f,
3072033,t,2026-07-30 12:38:44.641711,10e2a4029fd2e02a8bf9257e55bbd5df2ad065854ceed071a86e0338bb836d67,t,f,t,t,t,
4008023,t,2026-07-30 12:38:44.641711,61187fcc7544dacc600a7b60ddc78d3ebdefb2b7f1695257588a4081be92a9c3,t,f,t,t,t,
2794252,t,2026-08-05 14:02:22.356472,6b045f2f25724e9302f83dce4cb061d073f6bb29312428d5ed826cf277e9cc6d,f,f,f,f,f,
2782537,t,2026-08-05 13:55:09.471671,23c831cfd0d42c231406ef519d6e27f2d014ab8ac08ea7d0578c046341c19bee,f,f,f,f,f,
2755543,t,2026-08-05 13:45:27.091511,e6436a39f889cc7cc87af7e37b32175812b59227bf8d238660efd3326125fec9,f,f,f,f,f,
2998006,t,2026-07-30 12:38:44.641711,de1749a438866e2e9db0af2de4ca9fc933bd86cbc1079f1e797bf94bd6ca8173,t,f,t,t,t,
2997256,t,2026-07-30 12:38:44.641711,2ef907933ba23108b116ac10dc1f240a9a5c703a9154ab4072f90003694a3fc3,t,f,t,t,t,
2757994,t,2026-08-05 13:45:46.297991,4e9be5d58552156fa3ccbc74a0ccf19d1e6e819c6e58e3bdb62f9c14f39e07d6,f,f,f,f,f,
2761907,t,2026-08-05 13:46:14.216273,6b6f6ad3786b9436f8267f77cdbe2981d9121b6ce2a76b1d12161dc468589c98,f,f,f,f,f,
130319,f,2026-08-05 22:52:31.771055,592a6e24279a70190d70d49f2b543bf5d8a398825826acb03c41b45fe8c94f40,f,t,f,f,f,
2790088,t,2026-08-05 14:01:59.839652,c03c7ca65a02fd9959d3acef6aebee83ac143ca93cb297e2b9af048d0c7d9412,f,f,f,f,f,
398113,t,2026-08-02 12:09:00.335982,8ae9b8f50d26f91c7e850e0f50c082aac51b4c57a1ff7b5ee3f53978c92ceeea,f,f,f,f,f,
398055,t,2026-08-02 12:08:59.138727,08f6bfb3f64e9fce6bc23fb05260e709900d71ac6f3753b58bded62ed4fe2593,f,t,f,f,f,
386053,t,2026-08-02 12:08:56.426025,156d09f1d42914dbf594d3816585776f4b9c3a83fdbefcec87a516ee21d06942,f,f,f,f,f,
1831344,t,2026-08-02 15:08:44.463241,978b7ba80b424f70f85ce9999c052652b29a0e7ecdb805846503fa53a5ffbd69,f,f,f,f,f,
2002440,t,2026-08-03 12:02:52.702767,10db53ec10a5e6b1bc77f3f7212eda26924d622e2a0078b2b2ef513fe475916a,f,f,f,f,f,
2027117,t,2026-08-03 12:02:56.909312,f3b597bc10a50304d6705220e6459833e5faeb8cbbf17a40b1f922d66b8c69ac,f,t,f,f,f,
2710731,t,2026-08-03 12:22:44.844297,eefd48036061e303d2ae2a3709d7b69e2e1870b49920482cfb9d2b6847496638,f,f,f,f,f,
2603462,t,2026-08-03 12:09:41.439733,77c9afa5ce9cddf39c53590222ee4bb7319b2849cb0809b28711861447e60835,f,t,f,f,f,
2783486,t,2026-08-05 13:55:19.347695,661ae99c8838ac89ba702d37485a68fac4d614cb80e2d0a14254fda5acf52839,f,f,f,f,f,
2460367,t,2026-08-03 12:08:41.17694,9f65ec704eb317f0cef61c602b5562b6272ffbaaa6f4899afc0f50ff21513460,f,f,f,f,f,
2701896,t,2026-08-03 12:15:34.218025,0870bc7fa08071eff1154532a6072c4074da0d46855abd32b55ef4cb39b02073,f,t,f,f,f,
2637753,t,2026-08-03 12:13:32.303063,b364d08a8b7c7568380e5ac9b8c80985887eb6ba7a93e954e3fde67842332a30,f,f,f,f,f,
2707151,t,2026-08-03 12:22:37.057182,e3420fded378bfe7012a03ccd732a1f660fccdd2c8aedd11bf4c28e54602397d,f,f,f,f,f,
2702596,t,2026-08-03 12:17:08.615417,b9eecd760b7b773da1fb1fc50a26f1c759bd6dc774ae7a6d4a3b38b75046e52e,f,f,f,f,f,
2718058,t,2026-08-03 15:08:40.88848,e3cdd3e3f451f3348699800be21453845e8935bce4858606736972573dfa804d,f,f,f,f,f,
2761911,t,2026-08-05 13:46:14.520326,c57e1b90634af9845ce520194c9066c830789e455abe4774f843a91c8b320c38,f,f,f,f,f,
2733150,t,2026-08-03 15:08:57.700946,603d66fd4a25c4f1ddafa26c3cfa435d3c59d6e9d3869940e88b20344afcbeb4,f,f,f,f,f,
2800850,t,2026-08-05 14:02:43.409151,03e3a9ac937d578d05172518076e7e46ee88306d5a8cb78f449c5500bc025703,f,f,f,f,f,
2790224,t,2026-08-05 14:02:01.047608,13f1b52bded13dbea6f486dfa1592a58e1f2a86833ec09d255e341316b54c8c1,f,f,f,f,f,
2820893,t,2026-08-05 14:09:45.895017,e06f95ff78cfc769253a929096673c583ca68d638bc8644b4aacd613e9f899c4,f,f,f,f,f,
2913637,t,2026-08-05 14:04:30.353829,2e59e651f4ee526984d5a0283b1e7c38cb076f26b52ed7e713fb1e3ab4fdedb4,f,t,t,t,t,
2855585,t,2026-08-05 14:10:06.908972,dcec910d35f1d78a654f7fc99800181f6c5273cf16fa3d2336a8b41a220c89e0,f,f,f,f,f,
2776424,t,2026-08-05 13:54:34.62046,d22773b68ed1804254d22f72512b9b60796acef7ec654793fe30b1f81b51569d,f,f,f,f,f,
2782283,t,2026-08-05 13:55:06.143563,30ef1d9bdc0c350a88b0401e584e5a8ffdedb2c664c5d3f20215247b55f5acc8,f,f,f,f,f,
2795433,t,2026-08-05 14:02:27.758285,d6eda12b6f4bb036513c03626bc4a0c129d4bffbe234d2189efc21fa71c82fe6,f,f,f,f,f,
2782567,t,2026-08-05 13:55:10.637548,de78de5210fe95d827164de3e24794c37b73447a07f577dac82a0aafc24a4fdd,f,f,f,f,f,
2782569,t,2026-08-05 13:55:10.939213,27db51f9ba110ec2f96b79705f35a17d17a201c61d73b60e633bac2ac63fa1df,f,f,f,f,f,
2795963,t,2026-08-05 14:02:29.252811,6621b497ab89fef3b9a5aa3f89ac3d097f6d757fa873fc9c5f2a1983a29e02a3,f,f,f,f,f,
132253,f,2026-08-05 22:57:33.455539,023a6e853b8d50fc2d48b8aace4e7f5058d840944070fc91fed84bd93674086f,f,f,f,f,f,
2796182,t,2026-08-05 14:02:30.456948,b3ab8dc9a1518b91076e5f38aa196f93979132229124e44554211e4208fa56ab,f,f,f,f,f,
2798329,t,2026-08-05 14:02:36.461139,2b7e93167ec5da11c1e621337bc2bb3bde42a138a319ba6af5ff94fbd4a82b42,f,f,f,f,f,
2798953,t,2026-08-05 14:02:40.061032,a38f555ce60fd0260cdc1417180bad1f8d85f8836258d558ea4dcd68491dfb77,f,f,f,f,f,
977068,t,2026-08-02 15:08:13.270206,2dd90020169429b6664e2926f13348cbd4a90e471de0f2034c23db820941eeb9,f,f,f,f,f,
138662,t,2026-08-02 12:00:23.489334,15e0ccfac0d8bb1c84c6be36e84a7ce39bdc8bb73aee4e4abbf10766304298e5,f,f,f,f,f,
712531,t,2026-08-02 12:10:05.43453,8740a233fcf0c68f3abd18a36f4fefab4f65c43323f88e07c2ca35371a1cfde2,f,t,f,f,f,
2780669,t,2026-08-05 13:54:57.428774,2ffc5608dda76b909d6f271738532e57d0248ca479c1ac3539242f926bc076fd,f,f,f,f,f,
127770,f,2026-08-04 00:19:55.400554,b5ba1b24c541190eb2d9fac957cc6cc2f437c3272307d2d9752dc94d5e3fe589,f,f,f,f,f,
3072034,t,2026-07-30 12:38:44.641711,ab2fb7abdf32f854200072b0d8ca61122463a70544778c18a5fc9724df66fadd,t,f,t,t,t,
2795476,t,2026-08-05 14:02:28.052257,6fc78fe6718041096897a2c9196849cd9e624cb3021b5ced60f29127e3146976,f,f,f,f,f,
2782161,t,2026-08-05 13:55:04.642494,0cd4282cf213441df7e0d83f6902ab9a0bcafc6ed7d4d5ca7072c77dace4b684,f,f,f,f,f,
3392012,t,2026-07-30 12:38:44.641711,b4576dbe5e3fe0a9d9ea24ab37d4f915407ccbe7096eb217de583df1e14c0416,f,t,t,t,t,
2774020,t,2026-08-05 13:54:05.210008,0944f1b0e8c01c3b3ad0d3e9b77d994f10be89f8f472a5f59310c790515a3073,f,t,f,f,f,
2757748,t,2026-08-05 13:45:43.000027,0266d0bdeaefab7a2b204760e14e65b93ce62c61c4943ac44419f3db6f204f7c,f,f,f,f,f,
3352979,t,2026-07-30 12:38:44.641711,04fbf3b266560328885c4a4eb84399ec3c2c0590b2dd259c8b2158465d2e03c3,t,f,t,t,t,
506241,t,2026-08-02 12:09:06.599056,9c1e3be60f5b0c0f5bf29b1c783612de47b425a01874f5e0a75a1334bd4fb313,f,t,f,f,f,
507635,t,2026-08-02 12:09:09.603112,c86b9ec50dd85c64e43b1881bc2340080358a661ea8110230093d70d39077afd,f,f,f,f,f,
506252,t,2026-08-02 12:09:06.909746,a2cecba7e43cba71986b19fc9576eb7ef918645a1fac6ca6f8a731e40c193ac8,f,t,f,f,f,
736117,t,2026-08-02 12:10:31.120415,2267e17aaf6a4d67f4982607a2529e5fc88aacabd83aa91d12c1a569157a38da,f,f,f,f,f,
662394,t,2026-08-02 12:09:58.571116,610707ceb2a3cea2d5df3ed6bf89a9f2401d99e032c4d5e5332643f7ff526f48,f,t,f,f,f,
712545,t,2026-08-02 12:10:05.737508,28d8040b2073a27bd6bef20b4873765d331606ba89ddd3402b713f0bbf14e903,f,t,f,f,f,
736118,t,2026-08-02 12:10:31.441782,027df02818ce6fe93bff5655758f066c1a52074bacc4d2e76c8841622d6dd251,f,f,f,f,f,
800555,t,2026-08-02 12:10:39.223069,76f791bb250c75a56204506433595be2e22cada49ce523fa56d05f263871477c,f,f,f,f,f,
3304549,t,2026-07-25 14:18:25.615248,8616a7cc64335006d57c8c024492feee90bb47f975706a4d146463a74482a76e,t,f,f,f,f,
1081744,t,2026-08-02 15:08:20.735809,a6769237784dad24da9ac74e1dca04954b691f9de68004ea2efc1c1eb1e3c624,f,f,f,f,f,
1956311,t,2026-08-02 15:09:16.598973,839f5715d17ad069c9f73ae6bc790c1c7c340084aeb275db0b4ce8deac69643a,f,f,f,f,f,
713074,t,2026-08-02 12:10:29.325026,22c66cdaa4e9d085855e28af3e1642ca0348944e1213dcf974463017edc99e56,f,f,f,f,f,
2022495,t,2026-08-03 12:02:56.373912,ffaeb01d312a474e179327d9a1f8013ccde9da2278ca82166237a9f2b7181450,f,t,f,f,f,
2616801,t,2026-08-03 12:13:26.602876,ff091d3297f921f71d880e69627ca52a1ebb088028de08204b6c95d96a87fa00,f,f,f,f,f,
125648,f,2026-08-03 00:07:52.081127,72e847370eb0e2e1ad5ecaff00ec7436c3311047aaf984775ca319816eb47e3f,f,f,f,f,f,
2710730,t,2026-08-03 12:22:44.544815,e25aa56803c698dbbdf7b82c8e1431a1ea087d899cef1455acc3266604e4e5f0,f,f,f,f,f,
2758000,t,2026-08-05 13:45:47.202786,16ac69c2bd7970d40f02060de4d02d065f5092793121b4f399886e128bf6e891,f,f,f,f,f,
2758009,t,2026-08-05 13:45:48.401365,0dd4c22b740486aede5101cd963fc4b084b65cce716e2710344c7815b0b7989f,f,f,f,f,f,
2774026,t,2026-08-05 13:54:05.525357,64619c0c1beb5cad853402ad6be35f2b6242b172de06e2e794f33f9fb9d65d0f,f,f,f,f,f,
2759293,t,2026-08-05 13:45:49.006963,91664398448880f25d660e1e4ff74841dafe6b4462643d6aa9da87cb485ea7e9,f,f,f,f,f,
2782163,t,2026-08-05 13:55:04.934069,2c768af9df128919e87eb95d6f08e6798cc5aabd5a79346563a1d116d389f9a9,f,f,f,f,f,
2783491,t,2026-08-05 13:55:19.647456,afe73580d2f90cbbcdd95924c272ee21b7e8cf714b8d3c90894ca2c19eaf0333,f,f,f,f,f,
2761617,t,2026-08-05 13:46:02.552825,823a9ec7318ea982f1eb4e2c76d428c8d9e60c39c012c14800d9b3afc5e1e41e,f,f,f,f,f,
2761960,t,2026-08-05 13:46:15.123488,1228b6b6eb1e27e3eed76aa33c7d5a8ec49e5ef338c0ac766415df6779303e91,f,f,f,f,f,
2909211,t,2026-08-05 14:03:42.568572,0cd5a5019fafa1a3a38ab3d751fa73235927b1126692aaae2cee7e1b11b14ec7,f,f,t,t,t,
2783799,t,2026-08-05 13:55:20.847178,2bfe5f39230047276ec48aa093d49aa9de7731848a6ac9ed5040162d350af739,f,f,f,f,f,
2785004,t,2026-08-05 13:55:30.455008,f8283df5dd83b658207aa8d3871f1edc47979683e4a1ddb63845d53f9a38159f,f,f,f,f,f,
2789519,t,2026-08-05 14:01:51.139099,4a384617989b613bd63a745b98184b2883b8085ede97e7adf9433ea5ba111738,f,t,f,f,f,
2789562,t,2026-08-05 14:01:52.041817,8d7750070107eeda99c769de9af5538358d7093d90160d48d231635eae6cae91,f,f,f,f,f,
2789764,t,2026-08-05 14:01:53.83226,ceb92da68f99835ecfee0eccac462c102f6820742765580f866cd190a3053c06,f,f,f,f,f,
2796491,t,2026-08-05 14:02:32.56091,f100c6b5621310230e04d291fe77eab8d2fad80fc862e5caf740025647af6d11,f,f,f,f,f,
2790408,t,2026-08-05 14:02:03.445553,261e19af3593cd55e3d9cb94032be555c760ae0897e2ad27f6121f1773f3615c,f,f,f,f,f,
2777718,t,2026-08-05 13:54:47.22797,3fdc87c99a8fe823e40dd02238bcdb3b2c564e637ccbf7363977c8d46a85dc59,f,f,f,f,f,
2782584,t,2026-08-05 13:55:11.245082,a37f5ecc7ffaef0d60ef4938f8d2b65c36c8008e53a9eed07fbc66dd6e972e99,f,f,f,f,f,
2820838,t,2026-08-05 14:09:45.593092,a4368b10645c7ed344ea53d18a3378b81439fe8605bc124d0a2c5852ea74d120,f,f,f,f,f,
2800631,t,2026-08-05 14:02:42.501942,5f03224b4c7e18dc43001d8cbe8b2b026420219abf1c5f7e81192d3b8aaad550,f,f,f,f,f,
2800851,t,2026-08-05 14:02:43.704656,8adc65683de8382bb144921c5165f9b7cd881226c62c9305a4f134d4ee0ce2d6,f,f,f,f,f,
2801724,t,2026-08-05 14:02:47.604823,881c99e640a8df4ccc522323f179aa404f92908a71ab5ccd820e67e3626b3044,f,t,f,f,f,
2801736,t,2026-08-05 14:02:47.866662,bdf690107f7e92b4ae59affbf63146faaae98491f0e715d6116573d88ea1cc22,f,f,f,f,f,
126657,f,2026-08-04 00:13:53.297735,7720f61781bcad5e34782de7c2be80798281d27a2b1febbea6aa09b561ccb06c,f,f,f,f,f,
125776,f,2026-08-04 00:10:13.757711,d9189fb79347ea09a36ee1ea4a4f4f232c0f8f166de0538000ce2b7cf8d6706c,f,f,f,f,f,
2798331,t,2026-08-05 14:02:36.758048,83541308833d61da864da2ec7c57643e896319669b6765f03ab5bf0242c45396,f,f,f,f,f,
127508,f,2026-08-04 00:17:47.896338,ad6aa409c60dc6bcee5e1876ece573cf439cff143bd1de6ddeda791a4dc1e674,f,f,f,f,f,
2777820,t,2026-08-05 13:54:47.826664,eda9d10101b81a835f141a2b5e4f495d6e477da764cdb2e6fc2aa847e471e984,f,f,f,f,f,
4025025,t,2026-07-30 12:38:44.641711,8495098e323c1db956a2e1c34daa65217020bfc5a4d2a7f7bccfca7777577220,t,f,t,t,t,
127825,f,2026-08-04 00:20:06.942294,cff45648ec9d86db150d443d19dcb6c9fc26ffcfa2b56cef33b1955f0e4c9812,f,t,f,f,f,
127844,f,2026-08-04 00:20:40.784952,89b470a4a546f3ba8b49a1b153ae2f3abc17d5d6e861135e97fbc726152c30df,f,f,f,f,f,
127845,f,2026-08-04 00:20:42.085979,5eea3a32fc3a5382f80cbf2d703e894826ac19f66ebb978094b2956f400ed139,f,f,f,f,f,
3068424,t,2026-07-30 12:38:44.641711,2eacd8958f0fa77ea6bf4c93ff619a1c515b8ccf8be05776b462665aa817d6bf,t,f,t,t,t,
2994739,t,2026-08-05 13:42:03.705075,4da94619b495049a35ce712f046d3144255f92e069ad0c5290bf133b93289861,t,f,t,t,t,
128143,f,2026-08-05 22:45:31.675195,b3984430e1995caf9874cb35a73bb74fa403edc43e899cd6f95052d9161a4f4a,f,t,f,f,f,
3072020,t,2026-07-30 12:38:44.641711,7c82f64c23c0211b775c08f9d9e39126aa1814e13455030a0a309e3d9e108ecd,t,f,t,t,t,
3444271,t,2026-07-30 12:38:44.641711,249ab92b27cdf6175de1b8ba0f59b90719f4efbad6a13ff7f94761f0c23f5456,t,f,t,t,t,
2758254,t,2026-08-05 13:45:48.702531,71ee30e84da776e27f1a301e9055796b23cd22c4bca7c339bb66105cdf19dc15,f,f,f,f,f,
3036181,t,2026-07-30 15:06:11.046305,426007c37ccc27e6cd66720fd059744a729a38c499422393fa39d389f4c9d1cf,t,f,t,t,t,
2772449,t,2026-08-05 13:46:28.929939,c65b9acd6c127c6a9611019a9beda45e5dc1a6d78b2255073b28ef15c80e4592,f,t,f,f,f,
1011938,t,2026-08-02 15:08:14.7341,6f965319467ee25b8ee0e426d11d34f66d5ec926f7cc70a0bbeba58d1e433f74,f,f,f,f,f,
131676,f,2026-08-05 22:55:43.669061,353eed4feb55ae82b2c4f688c079db962e77c5623470f9f149fac472b761575a,f,f,f,f,f,
2761919,t,2026-08-05 13:46:14.818651,349f650a62db01d424c623bd5aaeb2c8d6144b6511e5dcd7bfba36c2ec73a0c7,f,f,f,f,f,
2798729,t,2026-08-05 14:02:38.260408,371fdd375033f1d3360c7183f489aa472571c9a0f10a039d6e414fa9b6f9f6cb,f,f,f,f,f,
131791,f,2026-08-05 22:56:27.28422,797377a4889ae51d0d52e3adc9a7ff567a00f71e41a827a29817be0e5e68e6af,f,t,f,f,f,
2912319,t,2026-08-05 14:03:49.476549,9a9a807bfdbca2320a2d540cf32340115c8578549261de82da3c369a6440c4d9,f,f,t,t,t,
131792,f,2026-08-05 22:56:31.508876,48f80442e0b792965ca2788242df29d0cae84f3a55489afe727d8e6d781045ad,f,t,f,f,f,
583164,t,2026-08-02 12:09:22.508261,de7d1912889630bf9222008d2a6198515d06aa92d9eb3f6702201ef547706027,f,t,f,f,f,
139224,t,2026-08-02 12:01:17.940857,dffe877a6c1dcf7201cb8c5c4cf4955058abb029ec306198884b7fc5a24639e4,f,t,f,f,f,
590921,t,2026-08-02 12:09:26.193278,94cd486ad81a85b6a103870d10910beeb28ec4c7c4812462f64b3c080fa80ac4,f,f,f,f,f,
137913,t,2026-08-02 11:59:59.667098,58eb4b72f78acc71b7bac33586027a4594b4b58ea2bb3c01595ed5620f2cdcb4,f,f,f,f,f,
2913319,t,2026-08-05 14:04:15.587681,60df943c6636bd8ae34b4a3281cfa5df17f4cb801d78baf07cdd851d02a84530,f,f,t,t,t,
136616,t,2026-08-02 11:59:55.630557,406a33d8bd90a5141cd0f32ef3bfb39e06e9c2e0f63677f739e0807bee38e07b,f,f,f,f,f,
143007,t,2026-08-02 12:01:32.870786,f8569236d246b5490f89a455fe1f2d3f4bce134449fbb20c5904c56ee79577db,f,f,f,f,f,
736148,t,2026-08-02 12:10:09.343076,f4a2508e650010bbd421aeb40311e8a6f4f390f38d76b3ae50a094137c2f2747,f,t,f,f,f,
512074,t,2026-08-02 12:09:10.207024,6cad8771434512b46f71d97fee82982862e722bdc3ec3a14ea2a81f188df25d2,f,f,f,f,f,
582215,t,2026-08-02 12:09:21.910033,372ec28e665621f7a74a4cb01ff3b1021e10afec3ce29c322d31a920e2e1f9fd,f,f,f,f,f,
125413,f,2026-08-03 00:05:24.434055,23b0128ace63c6e63b85a6c9709e9f0662c1bc0dddd644bd5760b12d0cddedd7,f,f,f,f,f,
1871389,t,2026-08-02 15:09:00.058592,a1b648613148435828078b0775ee8cdce4b2e4ea3c3269875625254deb44a30b,f,t,f,f,f,
129391,f,2026-08-05 22:50:07.434892,830e482aecff62545bf59446fa6b2288f434dd796d68c173e23bd6c65dd87db1,f,t,f,f,f,
125635,f,2026-08-03 00:07:14.25001,29a83f1277186d38b7257f7348c01ca8828a2e8b43549a35b3bce7c27c8b6893,f,f,f,f,f,
2681572,t,2026-08-03 12:14:58.510915,7af212675c6951d0731a714af3f871eee6be198f1a1984c3f0a658727cbbc64c,f,t,f,f,f,
2514879,t,2026-08-03 12:06:58.222605,22f2fb96846763fa21836b540299cc84465fa09e15e580026c6513a25891988d,f,t,f,f,f,
2558830,t,2026-08-03 12:09:19.830974,1ce7fbcf696824a9e2bbcdd27ba1f0f85ce024c163f5b3f9bc81329328654a27,f,f,f,f,f,
2361072,t,2026-08-03 12:08:27.366271,2e4ec4bb3125897dc39434bbdcadee24304f189a335863de6d0bb321decb3933,f,t,f,f,f,
2398168,t,2026-08-03 12:08:37.87596,513411c60b4c5f783c2d5833bab0fe4c7fccbc0e973872a1b29cc1c325c95f67,f,f,f,f,f,
2713273,t,2026-08-03 15:08:07.943986,9e32816f7a7cb5ccb0127719c459fac7b80413bdeaaf3e85ac88ff8de5ff43b5,f,f,f,f,f,
2701989,t,2026-08-03 12:16:54.201036,e100001ce6241f47ac45137a7d34d43d39a6982ace88d779e63c48ef949097f7,f,f,f,f,f,
2733036,t,2026-08-03 15:08:57.428886,f51bd43edb8660754bf37ea3578b45c40f832f5df31707e13f9b8c58542f52f3,f,f,f,f,f,
2913605,t,2026-08-05 14:04:26.147057,1b26e47eba459c42af5fc035a8731e129022fe61b97f5ba7d97795efb057ecd2,f,t,t,t,t,
2734092,t,2026-08-03 15:09:04.613926,dc1009b1d2d0ce73e647b1c8472d9a0022b65b30cb4957f7ea0f9c84425d8f81,f,f,f,f,f,
2777909,t,2026-08-05 13:54:50.230893,d4315aca84f8466f28ad2ab9875e107e0717f3d298c5cd8822e0c855bc4be3f7,f,f,f,f,f,
2913869,t,2026-08-05 14:11:01.057847,49e9d9b34dbc2eccdbaf8d09390733124f811912db4bafc4e8c74ea8b8c350b2,f,t,t,t,t,
2913870,t,2026-08-05 14:11:01.356762,d1ff6051d93d0c1cd51553bf68dcb079a5587faa16aca3163ffdafdba81d57bf,f,t,t,t,t,
127081,f,2026-08-04 00:15:54.848523,7b72188754ced03936aaa36d17e3e3b17fd972d50dc0903a411c7bd7037812c4,f,f,f,f,f,
2785612,t,2026-08-05 13:55:32.252631,2c2099d101531ae9b17f88dc9f22a3d0db012db618b725410badac216c42396a,f,f,f,f,f,
2855552,t,2026-08-05 14:10:06.013388,8975d9a4383c7d49caf46c5d45fce2767db0bedd3635f303e11f7981d057f7d6,f,f,f,f,f,
127084,f,2026-08-04 00:15:55.169452,17139bc4238324ba80e90678cfeea29b9c9c01b3506c121d280de7ea06ef426c,f,f,f,f,f,
2925290,t,2026-07-30 12:38:44.641711,cf0589abd13ce373dee10e7472897251484dd6e975225459096ec4ee72a8e976,t,f,t,t,t,
2777889,t,2026-08-05 13:54:49.025645,d4fd422af9e7b1ce2aeee31defbd8a0e544e0edff1048592ed5342450f42bf07,f,f,f,f,f,
3036246,t,2026-07-30 12:38:44.641711,5606250ac0b43658a98febe1e2ecfbfd96ae8a2623ee110c50cb4950d0c07e98,t,f,t,t,t,
127158,f,2026-08-04 00:16:22.265472,6afa90f4339183ceb076ba49988ffda7b20c75535d215989268625ea17c17b6d,f,f,f,f,f,
127842,f,2026-08-04 00:20:20.622346,70fb02e1bf325198240d505ccda7ac5bb1f00cf8fdbbd00c329a2922989cf94c,f,f,f,f,f,
127841,f,2026-08-04 00:20:22.039845,425a99cef0bd803db659d14a7ab5ca778c1e506f51efd9dafcce3f9eb698b5e1,f,f,f,f,f,
3036634,t,2026-07-30 12:38:44.641711,78cbb69d47b00ffeeef0ee761b28405ab35819c6ee5149292a5cce88555b0674,f,t,t,t,t,
2925336,t,2026-07-30 12:38:44.641711,490ba1d7ba2f73da9b853775c2fc434196c4c7db835bdd7174c862368b66a05c,f,t,t,t,t,
2760320,t,2026-08-05 13:45:53.84704,9f450c5f290e66e093483a6127c02365c20862e0add040cf5cb7214df143a097,f,f,f,f,f,
2761802,t,2026-08-05 13:46:06.714898,d2658e129b67b567fd900ea9cc8326f08d2908300b7fcb81d69a5f53816a0efc,f,f,f,f,f,
2778965,t,2026-08-05 13:54:53.82884,8a2e45ee73948a085efc42d9fef37a720e78b51ea394bfb0f4b1ad45483d92ce,f,f,f,f,f,
1972030,t,2026-08-03 12:02:48.503032,a689e6539b42eaa56688a46695a68ea6a9eb1fb5e15e1471f557607d73c1fd3d,f,f,f,f,f,
2705058,t,2026-08-03 12:22:33.147118,3e17ccc1df44b878833bb0431f6ed42c37826ef0c3c1651476eca954b8408029,f,t,f,f,f,
131778,f,2026-08-05 22:56:17.520762,0a79b68d032521e56e3ab12176b01bd1ad639d922014df1aef409a64e3781705,f,f,f,f,f,
135386,t,2026-08-02 11:58:34.054675,4b484fee452b8c30fde917dbb33a077b0320234b5e8686fc072a313695f368aa,f,t,f,f,f,
625851,t,2026-08-02 12:09:38.421345,72daa3d5133a6e13f47ea3aa7d39f35c9e4e278433b373f7500a27459968db42,f,f,f,f,f,
625996,t,2026-08-02 12:09:39.327508,c5737f5d26941b95f81b59d15d7e247b099459b0f2a48c59e5cf992da7a8ff45,f,t,f,f,f,
506800,t,2026-08-02 12:09:08.106905,4c5699980b90e8e30fe355e515b2cc1fe7fd61eb12a63ba88a02f00d003a81aa,f,f,f,f,f,
506828,t,2026-08-02 12:09:08.402029,caad4fa87de8f90e281d1310ff3135c6e20748cd3d7cdd312afd0a3bc5a34e35,f,f,f,f,f,
580519,t,2026-08-02 12:09:21.608294,7c85702c0f62831385dbdac1fd61107bfe47c0606599fcbe0f097a9d140338c7,f,f,f,f,f,
631972,t,2026-08-02 12:09:53.429684,3292bd7f6641d2c78e1be32dd545cb86e9a675c02375c133bdfc4d55fbde1369,f,f,f,f,f,
1634216,t,2026-08-02 15:08:33.645882,706cc4ebb530f5b448f4392dcac2e8bd948470a6478f4e1981581f6769297b51,f,f,f,f,f,
789897,t,2026-08-02 12:10:35.925049,76a00acd1287c94c24ced3e9e6d7a5f8b29187bdeb4ea29e0e62e528d4118fc5,f,f,f,f,f,
125666,f,2026-08-03 00:08:35.097386,1c1e17da7f614736fad975c0ddcbaf0578e27dd903ee364f8214618b7d9d1c70,f,f,f,f,f,
2570601,t,2026-08-03 12:09:36.944827,f1d898328022dc6dbb22f87e3d497cef7b6b74344ba6b6b362d5bfb0f4e427a5,f,t,f,f,f,
2363576,t,2026-08-03 12:08:27.96779,f27ca6d3c1ff98cb541447f63dd4389034e37e29e58f7073b9125c1a9e06d2dd,f,t,f,f,f,
1842210,t,2026-08-02 15:08:45.657979,6fd5562b29a0134ae51ef9e26cfc5777c7722402d663944a401e23ed834d2dcc,f,f,f,f,f,
125616,f,2026-08-03 00:06:30.18656,2e40ebca061ae6797801120a488e2b9d718a9f8bb3359228651dc716bb9ad3c8,f,f,f,f,f,
125620,f,2026-08-03 00:06:35.819543,d8844615456aa5fd08c419f1624ce09706fc834285d97a076a9bcf0730b6c028,f,f,f,f,f,
1883438,t,2026-08-02 15:09:02.186975,d8826b53694fd2162c58f8c4015a982300baee480b97a686251b3b61c65ac646,f,t,f,f,f,
1922765,t,2026-08-02 15:09:07.588281,c314b00d323031c73415ed68ef1c92a14b72495d5c5eb101a91052c69cef62bb,f,t,f,f,f,
2470392,t,2026-08-03 12:08:43.875016,8ae8cf2a1fcfc5abc643d554c161f7a797e0c19a54dd22ed76fdee328085ddff,f,f,f,f,f,
2711376,t,2026-08-03 12:22:56.258931,188ab7e110d961013ebb5d731460b83fe6ed42a2de428fdabb3a6782572b3113,f,f,f,f,f,
2711378,t,2026-08-03 12:22:56.861554,1e5b8fd312d639b6914b69063fdc7d7b3e47038c09ae851738e51ea93d4f6e97,f,f,f,f,f,
2711379,t,2026-08-03 12:22:57.16125,540d6f5a98ee1eb1a2e3dcd0e79045cf383ac13969ce35b09073c302d92d63c6,f,f,f,f,f,
2704698,t,2026-08-03 12:22:31.035984,e6fcb5506e458d835b802c15c9df68cd08edad24142be267ec93bbb06c43db85,f,f,f,f,f,
2715384,t,2026-08-03 15:08:28.57933,6d9c77008184c22efc8852e7a5fe3517084be9e8f2127c7839504452aac21d97,f,f,f,f,f,
2711377,t,2026-08-03 12:22:56.555792,ed7d939bfd2e362fa3b9d11006bcd11c24f1360395015eaa796c2b263ca569f9,f,f,f,f,f,
2711375,t,2026-08-03 12:22:55.961016,65715a6a29af24d207773a7d0b75e766fbe80edb563ba5c051627f8a2d25511a,f,f,f,f,f,
2744482,t,2026-08-03 15:09:29.516549,8d43d7c877d2d7cc8e0f6941b3fe82d021d6d2600986a036905e2b6a7fd04f50,f,f,f,f,f,
2744535,t,2026-08-03 15:09:30.728522,2d24a8108ae039a1c951fed538b717991d5269ba9219b19ffa4fef2c0d83e880,f,f,f,f,f,
2715385,t,2026-08-03 15:08:28.891996,e99625d47c1aaf8b5229820fb0083d1febfd2ca3813737a201a1eca22259e53e,f,t,f,f,f,
2717288,t,2026-08-03 15:08:38.489107,47713bb45ab38a7ce04853a026c0a0172640ddf7cb14a2d8ed31f618653ed2e8,f,t,f,f,f,
2913782,t,2026-08-05 14:10:53.548745,9a7ee10a1fb9fc5ae7c481ddeea214d75e69fd82dc6d5fe48cd4506898533238,f,t,t,t,t,
2913794,t,2026-08-05 14:10:54.455854,f07f8fdd8c6034841c38722ada7e758e6acd03ba06f9983ac5ad56c938580477,f,t,t,t,t,
2774006,t,2026-08-05 13:54:04.611442,cf5f072270fdee776ee3521e1bd55b059ba18697866a3febd2a1bf72c83fc057,f,f,f,f,f,
2782678,t,2026-08-05 13:55:12.440137,d1277615d6503cdbfe743d4ed447fb8063dd98779a2a747fa254472074e96424,f,f,f,f,f,
2782791,t,2026-08-05 13:55:12.7326,c8183739d453f7070769ab5fba06c904810d17e276589d34e713bf2c47ab490d,f,f,f,f,f,
2913798,t,2026-08-05 14:10:55.060919,f194c20ff58fde9e72c3493bcc419f2abbb2d74c628bfcc1e201665813321d0f,f,t,t,t,t,
2922682,t,2026-08-05 14:11:11.264609,f16f4c1847f639f73fdc466dfa6374148d19d61b84883fc26e6c21452fc949bf,f,f,t,t,t,
2923560,t,2026-08-05 14:11:13.665683,b071f2150533c7dad344677eb197063109c4cea298ca236577c3f51e5275a405,f,f,t,t,t,
125777,f,2026-08-04 00:10:17.300541,fa115874a6cecada58b4d975552a0ca32c5ca8a67b0e8384ed28890a5710b493,f,f,f,f,f,
132446,f,2026-08-05 22:58:22.674866,662558c6b874545af6b8d198200542c6f08946cb7326a343d397cca8ddb509db,f,f,f,f,f,
3072018,t,2026-07-30 12:38:44.641711,35ad6559adc3319a40f8703186b8a2ee90e04178e6900e9aac5ef83e33b13c31,f,t,t,t,t,
126754,f,2026-08-04 00:14:19.05052,50bd0b548f200007e776f683e25c09f1d8db32ba80e73f782464ddd78b7013fe,f,f,f,f,f,
127843,f,2026-08-04 00:20:24.221352,e7c1a86e850248eb33cd58a1371fd7ddce725548597ec965cc10b9381b03d831,f,f,f,f,f,
2796192,t,2026-08-05 14:02:30.762417,b2e98002fc91211fecc1117b78a44295247f5fef16c7f9891ebeb1a83199555d,f,f,f,f,f,
3036396,t,2026-07-30 12:38:44.641711,8f0e9c3efab0212efb58f217f1e4d8802b144542b1d3f998f870d9d6cd7eecdc,t,f,t,t,t,
3036106,t,2026-07-30 12:38:44.641711,22a9d1e6efce5e33df43d43639efcc9d1923c903b7837b6b5fbac6167e0e76cf,t,f,t,t,t,
3036538,t,2026-07-30 12:38:44.641711,5f56dae961840155a7eca4b8b02af38b48166ea212cc91201d7a6d865b5909b3,t,f,t,t,t,
130757,f,2026-08-05 22:54:03.892044,de3f2cdfa0cf5b0bc9959d352c30dd092083cfa54110a6cddbf4d9dd051b0d7b,f,f,f,f,f,
2761142,t,2026-08-05 13:45:57.152657,32a3abc5d0b4770157ccefff7b5f105bbe1e83e17715f04229382c69824b522e,f,f,f,f,f,
4025523,t,2026-07-30 12:38:44.641711,ad5dbb0b131c46c11e8ad24f83071bc414835490693b56edcdb481b8433470b1,t,f,t,t,t,
3036312,t,2026-07-30 12:38:44.641711,0e494f229ae1531c86fb0a61e553bfc0ff33d07a9ffe56589c9bd98c507beeea,t,f,t,t,t,
3467919,t,2026-07-30 12:38:44.641711,28948e3da7e14386ce331bfd7123f4b6214562e63840ce62e939408e6b1d4c6d,t,f,t,t,t,
4060006,t,2026-07-30 12:38:44.641711,7f532a6a2b3e2d73c47f793bf7a9736aabeebf2083adbf158ce405625d6a0776,t,f,t,t,t,
2923608,t,2026-07-30 12:38:44.641711,1c45f3d458c3e65b8c7860fccf80a62c5920a1ef104dc3d62c94b4fbaec7a4d6,f,t,t,t,t,
1855145,t,2026-08-02 15:08:55.5688,2ce7017bb81f9c5803202ae042c502e9d8fad95c347e7be88f813373a0fe75b0,f,t,f,f,f,
627999,t,2026-08-02 12:09:45.952633,f60fe4cad9d516ecf2674e1968275ba07243432b1397f8da063cbca1137b067d,f,f,f,f,f,
2777982,t,2026-08-05 13:54:50.831406,398141e74b997854d7259f1bcb0b7c2c7e6a0e06e1261714f352908192f041ea,f,f,f,f,f,
2762977,t,2026-08-05 13:46:21.421209,a4712d0942a6f7cf29675012a489f616667f4acf48790fa1bcbeae0cfbf2f49b,f,f,f,f,f,
2779432,t,2026-08-05 13:54:55.653286,585326e4839386b538239d2771a0a6e2b663088915d951fb8adac84cb2bc78f8,f,t,f,f,f,
139222,t,2026-08-02 12:01:08.892754,06389ce8c793af4fd77010dbeb82f44fdb15f5a7f1806eb562cb1fc24fb31cc4,f,f,f,f,f,
135585,t,2026-08-02 11:58:37.999482,fad0a8453cbff18882a73ee1fd84c42ffe5f2ce2ac7a25d055cfd26cde581f18,f,t,f,f,f,
506895,t,2026-08-02 12:09:08.702534,6b976cc9bfec765b46c93f721f9921e47af93e7c03a26a39a91bf56969039776,f,f,f,f,f,
138984,t,2026-08-02 12:00:48.128319,b1f86bb4858a621c0af06aa2e0673f810827ca1a5973f9768a1c647385de5de5,f,f,f,f,f,
132002,f,2026-08-05 22:57:28.401924,6dc4247bab2075bba7eb27ac3d6187c608409e9d4c4710980a5460fecc204b80,f,t,f,f,f,
132003,f,2026-08-05 22:57:39.567292,431a5550c5f5e90cedda515410e73e1cd439c6001d89e6757665a04bfdfaf091,f,f,f,f,f,
138076,t,2026-08-02 11:59:59.764068,6781d378e39b8d7fafab6ed0fd5f393e765423bdb5c306c87f4e71a3a86cc917,f,f,f,f,f,
626147,t,2026-08-02 12:09:40.523084,71a556bfe5453b2e75ffe0acb8733a8a0a30550bef302bac7a8f000b3db05390,f,f,f,f,f,
1013687,t,2026-08-02 15:08:17.739438,b99cef2ad88574fb979d0344a4a43af08f0a3c016b7c8b2a4e23663a073d5919,f,t,f,f,f,
1987563,t,2026-08-03 12:02:50.306806,1c0dce59a27c14fa3a66e5a40723ef071f315801f7649fee8863b228cd5490e1,f,f,f,f,f,
1884303,t,2026-08-02 15:09:02.820014,f87fad4d59046c5a4e395f616444337159533dc4dc64b644d7d1fc6667f937d4,f,t,f,f,f,
2710742,t,2026-08-03 12:22:46.674952,cda51b63de4ba94cdee4442d8d71c3992272b26674b9f6cbe94be4d8d8894331,f,t,f,f,f,
125665,f,2026-08-03 00:08:22.220221,047403abad954d1eab08430e9a9daa7d4e5899a1cf8118b02e81d95c9c1ceb65,f,f,f,f,f,
1886050,t,2026-08-02 15:09:03.120777,6fb493855430b112ed70bb736cd93157d959d0421b4737fcc4d0cbe201ca3a0b,f,t,f,f,f,
1936389,t,2026-08-02 15:09:09.075379,c9ab4113aca95ac240ec960460adf5a55ccf262e3adf6520b37319b3d0e7ca21,f,f,f,f,f,
2743792,t,2026-08-03 15:09:25.622101,82e47ddd0d945f005cfca225d6c8016ca2f0af9910a9789460f0b3aac0fbf172,f,f,f,f,f,
2522063,t,2026-08-03 12:07:00.628859,9eae196b183eacebc58567e95efd4aa4c672ad3dfe13ff30ece733d4e32de517,f,t,f,f,f,
2609309,t,2026-08-03 12:09:48.055128,017f48c971726bcbf24cbc7ac7582c83e6de5638280cd1a8a8fa259c8b0b77bf,f,f,f,f,f,
2363573,t,2026-08-03 12:08:27.669724,54352dfdd41edb8d33dadea05c5869f3bd1659097180f8373bad0294510a5fde,f,t,f,f,f,
2524190,t,2026-08-03 12:09:12.038652,4286ed87dd9b73d4e55e8ac44cea44cc8beefa9f73fcea51b7b2bd933ba9fcae,f,f,f,f,f,
2715382,t,2026-08-03 15:08:27.980917,9078a71a2d87fb7f8b7287c9e064546611100995f904a1f1483405bbe5b426a1,f,t,f,f,f,
2782885,t,2026-08-05 13:55:13.635781,1680812a45f312fe57c0e9363d4209d5a47a12cc7c75063eba483a34dc2db10d,f,f,f,f,f,
2715383,t,2026-08-03 15:08:28.291138,298600c7c25acde66d49fd1f1af024d46795d624954a4f9ee730142e882720ca,f,f,f,f,f,
2717287,t,2026-08-03 15:08:38.186846,4fad667c43cd56073337d6ee8f2d79a49137d01d20ec48cf43f8d5af13f36a48,f,f,f,f,f,
128110,f,2026-08-05 22:44:53.979111,43f4ac0f0f1ed96ec165303af61b6db01be9353189f85cf1724eeb9e7666051a,f,f,f,f,f,
129392,f,2026-08-05 22:49:52.384768,b3136c7ea322725895434913ba8ff48065f14444e254721c50d789e8b4b0cde4,f,f,f,f,f,
2725123,t,2026-08-03 15:08:45.998447,b53674a7134fb2ec5e2b482cb381828dab726b5d974e270d2f02340692468e0e,f,t,f,f,f,
2913796,t,2026-08-05 14:10:54.753834,536d657884ec5a702b3ad2e424db1e5de65b1b80e2e8bd803934e59835253bbc,f,t,t,t,t,
2785719,t,2026-08-05 14:01:35.828768,9af075e2fc8071a3857ba5af2f49a8711b43a95e2835d740595f1349fb6755aa,f,f,f,f,f,
2792005,t,2026-08-05 14:02:10.348269,b959630a2a558baa3b80f28a10934b761b721c998d1b55fe80c906b53bb50d3c,f,f,f,f,f,
2792176,t,2026-08-05 14:02:11.844582,0f4fd91c66e84ad519bd395195cf94c7c53972a48de79a426fe7337633ef3838,f,f,f,f,f,
2782917,t,2026-08-05 13:55:14.843769,dc717f1157562730c5e9700fe6e75b6dc1ec40b2e79ea2e163041d1a06eba076,f,f,f,f,f,
2913887,t,2026-08-05 14:11:02.568758,d5541d21cbc6dbe92b6f47e8fb5de1b5ec84c0bd25c0d8fc6400c72b4049f2bd,f,t,t,t,t,
130534,f,2026-08-05 22:53:35.904207,29d7f996b25b3f421677aca88d78158a20020c11250c1ab8b7d3a1ba0715c35e,f,t,f,f,f,
3474425,t,2026-07-30 12:38:44.641711,d2b16d739e8f6171dd5966669b02451d40f8195038449ac02967dd10558dc564,t,f,t,t,t,
2763009,t,2026-08-05 13:46:22.022822,53db6db92b6f87b45095a1058eb3a37d737805885ba4af2fb79803bc8ab934c3,f,f,f,f,f,
132270,f,2026-08-05 22:57:44.384105,2777c8466c66e914aeb668e785431c2c7e836585c34a4a95462d8b0ec4e8fb00,f,f,f,f,f,
3090884,t,2026-07-30 12:38:44.641711,5eb8f3c1d745abf359738d5498ebbac6bdaec864afc0cd6979249b01d8c450d2,t,f,t,t,t,
128174,f,2026-08-05 22:44:50.723557,55a540ac88cad17cc401d3b0a430d881ca194479eebfe370f7a2d6e819d73815,f,f,f,f,f,
2783214,t,2026-08-05 13:55:17.244029,533ed811cb6ae680bae26861b756e5128513d72801b0036c5638f706811d113a,f,f,f,f,f,
128660,f,2026-08-05 22:46:30.607357,aadf388779bc1a7065784632945a3ec38c6adc3c0f920da8add47e37cb15c39c,f,t,f,f,f,
128661,f,2026-08-05 22:46:38.243513,5a2061c99ce4b06eb95dc295ffe91cee361a45d348fe44c7cdddd5cddf774791,f,f,f,f,f,
2987536,t,2026-07-30 12:38:44.641711,7d789f1825bf3d0bf27c7c11f1d958cd34faa37d4c5247e7147c05b3c065f387,t,f,t,t,t,
2779430,t,2026-08-05 13:54:55.335505,b031aee9d88031c810aad440b1f6b70051bc48d91aa4f9e09855595469e90b70,f,t,f,f,f,
3557484,t,2026-07-30 12:38:44.641711,f3ab0ea2fc8b7efc1e6f5ba4497f8590bbbc64f15b11d990811f1e9473344a1d,t,f,t,t,t,
3072023,t,2026-07-30 12:38:44.641711,51c0447d07b07859840dbed671fe1efcf47d16a52b5631ad64740c21c86a5cb7,t,f,t,t,t,
2781487,t,2026-08-05 13:54:58.631542,cba1873a24d3dc8463c1be061772323e09140242148d2119ad682b4fb1a71aad,f,t,f,f,f,
1955957,t,2026-08-02 15:09:14.477867,e1a20b3981af81735c0c80b624ca2d1b878fdd131b669a83c494d417e918306e,f,f,f,f,f,
2716753,t,2026-08-03 15:08:34.575631,8cc5a946dc54dcbeef94130e83ee2640d1f7f1e91cbe2ca6e70a009cbb0bc949,f,t,f,f,f,
2749319,t,2026-08-03 15:09:37.027877,2139feee5a078c6c19164c2b0e008a2bb11bf3b389d17e97e4414588c188a53d,f,f,f,f,f,
2783215,t,2026-08-05 13:55:17.546559,f07fba5695c9459b6424bfdd650226f90e16fee554c2cf70ca7ac59702fbe53e,f,f,f,f,f,
134047,t,2026-08-02 11:58:01.033442,b01d7682ecca99bf4295a989be31d65770c34a84890f34da89d57ef24fc52a56,f,t,f,f,f,
2908843,t,2026-08-05 14:03:40.171522,b586ef2a4f7bff2bb01c87a3d6cc1919b85cc450c1587b82d95516167de42d52,f,t,t,t,t,
2774488,t,2026-08-05 13:54:07.914005,7565e8eb3427173ebe00c762ced22b225df824e40b436c65fc2cb8b97e1e9401,f,f,f,f,f,
626319,t,2026-08-02 12:09:41.419378,f70f36c757a360efb7239a6d51dd357092885f92b130f43619e0215fdab52213,f,f,f,f,f,
134242,t,2026-08-02 11:58:18.203545,3ad927180cf6f40bf0d64afaa36f9feb5c80542df42b6f996e35f31d2e37d91a,f,t,f,f,f,
139214,t,2026-08-02 12:01:04.252625,7bdf710e74d5ed1565a9308663245c38aa697dccf7dddc73dc90cadbd3feda30,f,f,f,f,f,
143034,t,2026-08-02 12:01:33.933092,38fe4a601f0b4b5ac7ecfaf28bd2dd813ccdfa37c74f97dd19456569cbd61eb2,f,f,f,f,f,
626378,t,2026-08-02 12:09:42.026276,4d783cd3f7d125258c64c975b6710577326fbe707620745e2d9d8390d8920783,f,f,f,f,f,
143133,t,2026-08-02 11:59:17.641494,0ba65ef0a8334698ca60adb14044c8ad38a1daef3455936fc3815793a4bdced7,f,t,f,f,f,
137644,t,2026-08-02 11:59:58.420264,a72c7eb80fc1cc5f748947d18ed4a29270f3f3f3f97c5777dab95bbf1918a1e1,f,f,f,f,f,
2892237,t,2026-08-05 13:57:03.92458,357c8feef1546828289a279d97a407c70e9dec66ea9198deeda47cd93985f5e6,f,f,t,t,t,
131867,f,2026-08-05 22:56:50.425645,a25c9ae835385049e70920a0751bd296e12dee0cb821dbdc6207a9d37c04a1f4,f,f,f,f,f,
134241,t,2026-08-02 11:59:41.448816,bad55e30b4f43255dcca97dc9cb8d61cd6bdf906f6508748c7635f569f4fd0a1,f,f,f,f,f,
560988,t,2026-08-02 12:09:17.142618,4988e0f7f52c600e056af551a21c7fda613ff8e032a29cc8b9a4b0d1166ed55a,f,f,f,f,f,
563322,t,2026-08-02 12:09:19.901758,706f74b8d59e9d669db28904e4443398f6c3bcf2e055939a247cadd78ffd8a7b,f,f,f,f,f,
1362194,t,2026-08-02 15:08:28.253445,d6b5b57446fdff1f059cafc373fc255ad91f01ed816c1d8af2e903abbbc9e32a,f,f,f,f,f,
1800212,t,2026-08-02 15:08:39.056663,fb201b3f9a826acf8d502b046b8f66f8b62cfd8c3ab601d365e300457740e704,f,t,f,f,f,
1855153,t,2026-08-02 15:08:55.863242,581c2adb425524027f95c24701af16a9f1e9e89a5f8e314185ce5107a89622ff,f,t,f,f,f,
2047668,t,2026-08-03 12:03:04.405888,c0204eddb3b3ff05043241ff0393b53d2db9d6eedce7f056af12705c8376db81,f,t,f,f,f,
2048794,t,2026-08-03 12:03:05.010055,ac1d6543802a103b04453b58edc57e72cf6e3c526d1db21fd826197cc8375e77,f,t,f,f,f,
2686627,t,2026-08-03 12:15:19.517862,71cd4a7c8bfdcb36359e2b548b1597805a9dd6dbc801ed4c52ca098f26492ba0,f,t,f,f,f,
125625,f,2026-08-03 00:06:40.618432,01f2cd8433da1a87b96250ce5bb8d263b5319f4d2aa1f4b451b5352d994dc6d7,f,f,f,f,f,
2569497,t,2026-08-03 12:09:29.743099,46570b151bbb5b2c99b6073a7b88ece5d7615f727603661f9fa2e1ce3dee680f,f,f,f,f,f,
2569813,t,2026-08-03 12:09:34.235323,ba2e760b6ebf9fe74141a4b3e35df467ab5d2ddd6ea59f2441a8467659e02181,f,t,f,f,f,
2589656,t,2026-08-03 12:09:38.746034,846ac9c75720785e93e91c556ce04a9341808c26847b27696ac46db48ca9566d,f,f,f,f,f,
2568468,t,2026-08-03 12:07:11.735609,2860ca628a624e84be34df2536bb732705f9a68c1e373c01f3f91859ce0ae3f5,f,t,f,f,f,
2609317,t,2026-08-03 12:09:48.354797,02abaa1c89e433a100f3432213cec98f5a56e3474a00ea4fcb6df23cfae13295,f,f,f,f,f,
2615225,t,2026-08-03 12:09:55.863581,4e5e4b05736bc303cc26caa1c57989a958e71987a2f6ff5d055b26ad7d93c913,f,f,f,f,f,
2774502,t,2026-08-05 13:54:09.412415,4ad6ee8da8972c1b5f047e3836cea20a2306738d4a84109f8c44926e38013eb8,f,f,f,f,f,
2674762,t,2026-08-03 12:16:34.390002,d0f687a543c682bf44f6752402990bf43b707ab3188067e55ab8b8349d9d7edc,f,f,f,f,f,
2783068,t,2026-08-05 13:55:16.081969,6530ec3222673424166ca772a906862124cf064ed8e5fb49475434b0499bac68,f,f,f,f,f,
2734069,t,2026-08-03 15:09:04.00431,50323925f8e6a51c53692b6684c6760c057637e1ae77aad649f7708a22b9da49,f,f,f,f,f,
131869,f,2026-08-05 22:56:58.131754,37a6e3fc3ff5128d651eedd6ee2c738ee1f5f359e440966103bdd6842d550d2f,f,f,f,f,f,
125728,f,2026-08-04 00:07:48.312231,a5d3ac4efe593aa21f3a8725a211cbe3b1d61d3f2495264d3404920d47b4e0d2,f,f,f,f,f,
125759,f,2026-08-04 00:09:08.412175,4f03bb02581ab7257f977ee78da6e5170e0eb7d0c1a2f4f6db47e384721ad532,f,f,f,f,f,
2908906,t,2026-08-05 14:03:40.469393,002f55768b6da8add198e0ed6a4d088ca872cf88b0d96a39568f423e5c5b7348,f,f,t,t,t,
2912988,t,2026-08-05 14:03:50.676458,d18d1c76f7834905cee72e27c06d5d75d0d32d7b609beaee30fa42642ddd6112,f,f,t,t,t,
2913790,t,2026-08-05 14:10:53.851094,959b368dfd9fbeb9dcfb0417d6fb86c77e8f3905bd859d5d62afb3e74b77ed37,f,t,t,t,t,
2913792,t,2026-08-05 14:10:54.149613,04ae091b7c0f2b8fbcb68d22f10472cb7eb4e5d15b4e8f6e9635c7f8341f7faf,f,t,t,t,t,
2908935,t,2026-08-05 14:03:40.766656,ce076ac6a280444e21e906dd94377b1b05751e4c0c49ba29b2f6ef6e2dddda27,f,f,t,t,t,
2783427,t,2026-08-05 13:55:18.446449,0abd6a512bfcfe1d018a50655c0371f77c8b21103147698da29f02531287a2f7,f,f,f,f,f,
2777847,t,2026-08-05 13:54:48.431034,3991d35d091e7419462bc29627300cb6ff17c4bda13e2b476b3b67df8b523108,f,f,f,f,f,
132006,f,2026-08-05 22:57:43.89039,249ea0a57f932a01ccc00246645d23f3bfab06ef48ddf2268cd935f48ea31e96,f,f,f,f,f,
2925495,t,2026-07-30 12:38:44.641711,170b645d9d0842f5abef3e7b26afc4817441e75094c5be8976ed737944c6e17b,t,f,t,t,t,
3072024,t,2026-07-30 12:38:44.641711,3815b6703d48a14cd3b4ee88ae5fdcce5de8ffba10e687ec6fa2ff2be954cad8,t,f,t,t,t,
2762799,t,2026-08-05 13:46:18.12251,c059ac0b4580910b365d22fa96fbedfc5142d62f1f8e6fad99023cc101eda73f,f,f,f,f,f,
3072022,t,2026-07-30 12:38:44.641711,2a6c19ac176e8b47cb4c48eda2664e8346e8a166140aac70d2db382ffe55d413,t,f,t,t,t,
2762801,t,2026-08-05 13:46:18.427239,002e2e131f048b3c276cd4f43ceae7f1d1bdda98f53944078879b99db4b2b087,f,f,f,f,f,
2785713,t,2026-08-05 14:01:34.932841,7c58940a5816c96971bbc00c7159d188e93d2ff103b586c768183cf9815d9b63,f,f,f,f,f,
2987542,t,2026-07-30 12:38:44.641711,aafb2b66412fae0b7da4541b3f5c3cad2381bd8bad4f8aae851e38d2ab5d320b,t,f,t,t,t,
131921,f,2026-08-05 22:57:00.600598,46e042d126a1354e99e637a5a211698f92375e864768016d6107a8ed0267a461,f,f,f,f,f,
4008006,t,2026-07-30 12:38:44.641711,67895a17149db3691423f4b907756935ea4079697d8aab3ac94c692316f7cfd7,t,f,t,t,t,
132004,f,2026-08-05 22:57:50.053418,de0d7fafd3185ac9d01e7d968d6f4a0668a588570ed5ebf9f2c21dcc8d657120,f,t,f,f,f,
2892255,t,2026-08-05 13:57:04.2261,3484234d3eb74897d05fc0a3c106c334988ff4d19b37f7d5165fdda92997e272,f,f,t,t,t,
2809927,t,2026-08-05 14:02:56.576412,9ac9eed88980ce7aba609976fdd6eaef742b1bcc0f4f742a087cd53f8213b5c7,f,f,f,f,f,
134048,t,2026-08-02 11:58:02.840854,3718ff34c64fe51e74b967711825867ca77df2ab596d1cf8881250040384ca7b,f,f,f,f,f,
555412,t,2026-08-02 12:09:16.21371,c21a9f4370324fa277e78c2cf60cc4d00776a57af4300e7db01fb3dce4e829db,f,f,f,f,f,
134051,t,2026-08-02 11:58:04.735752,40e7f8a5de997c105f358925d64f17868e6afd6cbb82a390f4cc703d721a784a,f,f,f,f,f,
561051,t,2026-08-02 12:09:18.015219,da379f9740bd1a38995d8f5431c234e56492f2e8c8e37b7de31eeeb49f6f65d8,f,f,f,f,f,
562299,t,2026-08-02 12:09:18.613405,9d8c25d70a4b258506641f7ded7842ce433545ade1a3dec366f75659b6f87cde,f,f,f,f,f,
2913255,t,2026-08-05 14:04:00.280351,ffe06addf350350a30ef6dbfd265aa7c248614f57edf5a7dc167188dd00d66e1,f,t,t,t,t,
323007,t,2026-08-02 12:02:21.829988,6b4b653970ec328db78bc58385747004dd756242e75e695a1df0493a289e0412,f,f,f,f,f,
2915983,t,2026-08-05 14:11:07.964578,3bfa682ba041efa5e516cedfdd2fb57ebdd8c1cb5cc51afd74cbb60a430396a5,f,f,t,t,t,
264483,t,2026-08-02 12:02:17.108553,ccca7a5dfa6b9ed0ddbdf6ee4ef574c1e97728e2cc98be9b5f3475530abd9eda,f,f,f,f,f,
562354,t,2026-08-02 12:09:18.95334,9801f03faabab2f5abf3b3d0068c4f422513012a9414d777fca57c0d52e8f982,f,f,f,f,f,
563186,t,2026-08-02 12:09:19.545103,4cc40ebd5c1b647b11fc7384b904ffc42127c9d19d233c54bfec1716551e3c81,f,f,f,f,f,
582923,t,2026-08-02 12:09:22.255961,d3796a0e42cf3fb72dc6bdf0e2ee402a52be9f1a84cf46bce52d992003c42823,f,t,f,f,f,
133488,f,2026-08-05 23:02:01.667857,fb566619e80fb1e7fdac38eb76682b2f8ee2158e7aab9bfc67013099a844e6d0,f,t,f,f,f,
2923166,t,2026-08-05 14:11:12.497298,a7bccb73d53b82beff106ee9bf643a399d3d80bf189645b8404bfe51a347269d,f,f,t,t,t,
559507,t,2026-08-02 12:09:16.548963,58469d166e4fe3fd938631dc2378d1bc30937a4cdbf57933b1cff9b2384c8dea,f,f,f,f,f,
732002,t,2026-08-02 12:10:30.224142,59e2e1c6f0b81f52a0301df30bdf7905b736d3ebe7f14fb3b7519740c8501d7c,f,f,f,f,f,
731587,t,2026-08-02 12:10:29.919205,1e2a1bcca52a146dfe844150e95c001e669c3ae6c402235ef2b13b9fde0b2b0d,f,f,f,f,f,
125652,f,2026-08-03 00:08:08.102846,05cb02d8a2549a5726f1891103051adaa0e0f14829924cf89a8b0c73755b820f,f,f,f,f,f,
2568512,t,2026-08-03 12:09:20.72792,40e8a0d9cc45f25f4918491f4ad5b8815d38fe8cdafb988f154e3223fc01a26e,f,t,f,f,f,
2048756,t,2026-08-03 12:08:23.98178,ed5a62d3b98d2a773cd899e91cb64518f1ed44a7538901758a23f01a99ef5ef6,f,f,f,f,f,
2569485,t,2026-08-03 12:09:28.840484,7ab20d0cbfe36df0ae857e4635c61f85f7dd31f2e3821d5145ffbc53968223e3,f,f,f,f,f,
2568489,t,2026-08-03 12:07:12.03172,980e56ecf4bde3708d7bf4aa98842e4f59be1738ed874f6c5a3d7c9ab7aef179,f,t,f,f,f,
2569464,t,2026-08-03 12:09:26.437917,60cce80f3027a78b3206a5d710cbd1daf3c20e298324445acd446d132afb1f5c,f,f,f,f,f,
2783341,t,2026-08-05 13:55:18.143884,ac98f7183bc6184c10333771fb122d49822cfaabd2b805de7a0d8e40a16ff8a6,f,f,f,f,f,
2783429,t,2026-08-05 13:55:18.743885,250422ec01d525b6ca5a01a1834f3478aa44140ba073eb016dd29b924d58369f,f,f,f,f,f,
2715375,t,2026-08-03 15:08:27.702273,c4e10c97815e023b62ccc5aef6c102dcb0d67a79c22ab4a1de657f631a2edcfc,f,f,f,f,f,
125775,f,2026-08-04 00:10:10.260468,e969d68f78d1fd932083f2fe550ab6bd441f9bad57a12bc9257a2a3ec01ef009,f,f,f,f,f,
2783736,t,2026-08-05 13:55:20.251484,556479c74354c71510c724937aa6c05b0cd2f92cb8e166b7fd0b9baf903194a0,f,f,f,f,f,
2783763,t,2026-08-05 13:55:20.545987,2c3a568d15369907c1a2eb66f99015d3fa913e887d2dfbf9f01bf6b42131399d,f,f,f,f,f,
2783962,t,2026-08-05 13:55:21.743371,6948350f132a2e297077d73afbfcd420523789ba255264868d88848fdbcc1dda,f,f,f,f,f,
2784023,t,2026-08-05 13:55:22.352216,cee485c9a08ac5c8075bd181a0ff7231e195c0b10bc5ac9a76fb6747a3c6e067,f,f,f,f,f,
2686662,t,2026-08-03 12:15:19.819541,cf8afc8b70e0814b92f062871e2dd1563113bac7f62898e47e707aecaca6ffe8,f,t,f,f,f,
2664742,t,2026-08-03 12:13:42.810139,75094b62b75fad9d2dbdc4311a41768404dac70ae1febdfa8a6ee9936818a2b8,f,t,f,f,f,
2686670,t,2026-08-03 12:15:20.114246,e5c70c3c769a4a65b188d753ca0768b9253c4a4a7f3dded359408ba9b5216a1a,f,t,f,f,f,
2686688,t,2026-08-03 12:15:20.416272,1486ee5493dd1284f83052ef94992f5e0407f513aa32b49bebe6cf76474dedcd,f,t,f,f,f,
2686815,t,2026-08-03 12:15:20.713545,23fda0773f24179ba121c4e664b4c16662ef72c5505880e957d504a45c8c8bef,f,t,f,f,f,
2686833,t,2026-08-03 12:15:21.024685,34558ccaeb0cdc1f19caf0db5ddee01ad0bab521df767f8370ffa6143e8e038d,f,t,f,f,f,
127483,f,2026-08-04 00:17:48.005384,9d1bcf272d91dabff9d1041533fffa4c87913644e079bb7b8032064994c4077f,f,f,f,f,f,
2988349,t,2026-07-30 12:38:44.641711,d05f12ab37b39c71c27ca28ce2c2ffe9ce0de1823071b195fc29cbbf6da11f72,t,f,t,t,t,
2760361,t,2026-08-05 13:45:54.147647,26bdb1ba270ba66f152eefdf6adbb09008ba65dfcfec6a938e1a4de1fecf5fb6,f,f,f,f,f,
2900623,t,2026-08-05 14:03:20.358674,e4dc55eaa8f09821ad03ab01e91ed256607dd64358484a5d73e6c175ed4aa6df,f,f,t,t,t,
3345718,t,2026-07-30 12:38:44.641711,8e3599f600211c725a49dab4fb8ecb692a41f384e92f282fd38e8aae75519265,t,f,t,t,t,
3072021,t,2026-07-30 12:38:44.641711,4f4056b26965f4c8539ee57336aa43e2504e559564fa4991d0e5b910060260e1,t,f,t,t,t,
2923185,t,2026-07-30 12:38:44.641711,4afd8f3f5cc14eb87db558a7a3fa3409c13156555adf8bea73438dbf056b4b38,f,t,t,t,t,
3572998,t,2026-07-30 12:38:44.641711,dbdabe213aaf20836369885edf014620eeab3247ae3d2cea635c9bdce2ff285b,t,f,t,t,t,
2925529,t,2026-07-30 12:38:44.641711,833b28901192fa4413551ea03fbd216daed27effe958fd031624459ebc134e06,t,f,t,t,t,
4090474,t,2026-07-30 12:38:44.641711,f9d0a6f7c6c63d080794c35ab406b27713ca990a4212855a84412086866f871c,t,f,t,t,t,
2913253,t,2026-08-05 14:03:59.984213,c78cf2a6ded94f7b3f35b8a38b2be3992f9ab47f4b6abb005cbc64f1c498fc02,f,t,t,t,t,
2784037,t,2026-08-05 13:55:22.64584,04d20ca34fe5e9f103b38925d875335239fa57c1057d722f8d7b4713e2bbaa50,f,f,f,f,f,
129891,f,2026-08-05 22:51:49.92624,a3b5e1b8f41446223eff832f0cb5c46f278e84776a57b212f72bf5b76a207600,f,f,f,f,f,
1855157,t,2026-08-02 15:08:56.167516,9b050e1f82e8d56f7330137e38cb1738b05355dfd45769d6a20e21af01904990,f,t,f,f,f,
2784145,t,2026-08-05 13:55:23.544348,ad63871edb1298d12fca4eabd1affd2ceb69f6afafcbe2f5c1bcf5079d7c36ac,f,f,f,f,f,
131167,f,2026-08-05 22:54:51.119814,ff0fb4ad2f4ee743817e2295e548ffc4b2c951d53fde07d263fcaf42551a1af2,f,f,f,f,f,
264485,t,2026-08-02 12:02:18.522694,2f5b05d65e4d6915ae90ed2c0cb1f550c7628acd66240115ee021bccf6cdc1a5,f,f,f,f,f,
625473,t,2026-08-02 12:09:37.221031,846f317838328a22dd09d1fe85cd73486d02a50904d98f37348d9c7ae49501f4,f,t,f,f,f,
264481,t,2026-08-02 12:02:15.582282,2e273478a4fc32b9014076e6aa4e0c7d43a7ff7cc297842d44dcb114144a648f,f,f,f,f,f,
134052,t,2026-08-02 11:58:04.858976,c4f24a825e475e6b0ada3bd20bbe3804c1fc157c841810b8898912c11d83143c,f,t,f,f,f,
134054,t,2026-08-02 11:58:05.153897,8de24e9102e9d96b2f1f47c781a19d8d51c91fa3a9bcd6260c51abf302e0bf62,f,t,f,f,f,
138214,t,2026-08-02 12:00:01.59699,fe6169984cff705e4c2f3280a0747f8649f34d14f1327d37e06360877e3d2e42,f,f,f,f,f,
562923,t,2026-08-02 12:09:19.258104,59efbe0db2fe9d792a251265b4546fa32c962d4d42e3368c1bc91efb02cb2e77,f,f,f,f,f,
561016,t,2026-08-02 12:09:17.45125,561f4a4d0536a12de88c4fbd72bdbcedaa3a2a76f87f6098f7ddaf105bc92c85,f,t,f,f,f,
561609,t,2026-08-02 12:09:18.314033,0db6345cc7708f58c6aab3f9ced25162f1a8e99dfbfef3df63e10546ad418375,f,f,f,f,f,
1954346,t,2026-08-02 15:09:13.569753,a4e0b268f3f1022ae0cd89926393b15ce94ed9463778d5d6a031833a498bf704,f,f,f,f,f,
1955976,t,2026-08-02 15:09:15.973969,c6deeb608c3aee19db1cc838684f5034e61cc15e9ee0267f59f15d5c3966eab9,f,t,f,f,f,
1955979,t,2026-08-02 15:09:16.275147,b745175aa94766a0bc0a411c1d2ad721a26950c95fd92a08e1865b4df8864d85,f,f,f,f,f,
1987131,t,2026-08-03 12:02:50.005022,0f2fdb1dedeec457a384ed55348264b30cff6efd3f74f57c0b8e4cd97e9cddee,f,t,f,f,f,
2730003,t,2026-08-03 15:08:53.492023,713995f5ee03b53c80cb91b71c9ae6a7d8eead159eb0def97d5d1aa90cf9401f,f,f,f,f,f,
2568557,t,2026-08-03 12:09:21.936182,0e306d59d0b49b5b7f33dac91d732a4eaa636a18736c3172a28ed5ae510ebc6e,f,f,f,f,f,
2569480,t,2026-08-03 12:09:28.541439,a80e3f0e51ec40b4eb36fe7497594da76efb9ac706eb0baf812287576b6c5629,f,t,f,f,f,
2569645,t,2026-08-03 12:09:31.540252,737034dc7d96466ddb3cd045b6a1bd96f5268ae31bff29525ce37826c82aa5cf,f,t,f,f,f,
2679579,t,2026-08-03 12:16:34.992755,d42b72b55e056255ceac5a5f8ef63c98e59f28e58abe48a6cc5ea62d0dc94e5a,f,f,f,f,f,
2569747,t,2026-08-03 12:09:33.038808,83fe77a7a2ae732df593bcc1e220156f95bec9ce82885cc60857bb38608ecaca,f,t,f,f,f,
2615218,t,2026-08-03 12:09:55.551042,26afd11ead61e9ccfce79b8fec218586a192c911939f3f1d8d79d86e36ed9f6e,f,t,f,f,f,
2702546,t,2026-08-03 12:17:07.404382,5034dfab424b8ed320b598f0802978c91a81fecc81bcdc5116d37ce31799815b,f,f,f,f,f,
2784192,t,2026-08-05 13:55:23.851614,20e052f6b21971c7233d4540fe599d7c9ec897c9a1c629dc95d35b9b1849e22f,f,f,f,f,f,
2734066,t,2026-08-03 15:09:03.705198,00db0924c8bd8987e238c67865bb0b0e2a41f87ed541f9ab1a8b2f6aa0636cff,f,f,f,f,f,
2687301,t,2026-08-03 12:15:23.719733,bf171d042abf42de2ec90aded6f32b236af3d579900c128c59fe076aa0435f79,f,t,f,f,f,
2687328,t,2026-08-03 12:15:24.015043,b8c630b917f4191a4bbbbe836c86533a8b9289997bdc2d91869e374245921d51,f,t,f,f,f,
2738793,t,2026-08-03 15:09:20.814728,1592d139aafb5c80cc476cf47b859ef3486cc6cad2c2c1679dfb67e721977548,f,f,f,f,f,
2784302,t,2026-08-05 13:55:24.150867,7546de40b2748cb89f81e8a1220b6aa21526c0af7cb67e5494f2ca156ca5c284,f,f,f,f,f,
2687332,t,2026-08-03 12:15:24.322337,d314a9ffdd95c3c85ff5cece7e37390a50ab1cba1e38d6c0213055c27c746c21,f,t,f,f,f,
2687725,t,2026-08-03 12:15:26.120017,9086126a91ff997c50ed52e4f7f04140c5978f433ad2f4d543ff376cdad7e04e,f,t,f,f,f,
2687886,t,2026-08-03 12:15:28.219859,bb3989434007700e9726ec9b054b769c913f2d3f9813230df71bbe64a87f1d82,f,t,f,f,f,
2913256,t,2026-08-05 14:04:00.584602,839007fadfd3bff2b538a038db02fd630decc9143a90e8b13ac913e4ca513315,f,t,t,t,t,
2713279,t,2026-08-03 15:08:08.180974,8f3cba456e1cd2ef31b440ff989f6a0442ec5c2bf9fe66b3a546214a779852ff,f,t,f,f,f,
2713386,t,2026-08-03 15:08:08.473014,2e026a7de2b2ab55365cdcc20c354c17556bd9b74340f938ae28ac21e2bb2201,f,f,f,f,f,
2714904,t,2026-08-03 15:08:23.477364,09da6d3d808a60f6d685696d2e4e72554681b476843467c70a4de556f2fbda8f,f,t,f,f,f,
2913257,t,2026-08-05 14:04:00.881483,50107ecfb8c3d5269d39e090505dbd708f26f5a3230ea54788592b0d1a2c70b8,f,t,t,t,t,
2913661,t,2026-08-05 14:04:33.054038,01b4cb03681c163b9c2973bfefe8cf63fec67eb607003f8eac32588dc40be22e,f,t,t,t,t,
2855566,t,2026-08-05 14:10:06.341682,c6bb1c310a3aa33755ef1ac4ebacdeae7a45dd12f6b61adf5989ce5d142fdc09,f,f,f,f,f,
2923176,t,2026-08-05 14:11:12.770244,41561cd6b5ece4a99c2a79826126fbcdb67c44736b74ed416191fa75b9d670b1,f,f,t,t,t,
125642,f,2026-08-03 00:07:29.630193,59820fc4e9915c76c063e97f1a767666a4bd6b9c0a2daffb19797c7c6e7e2845,f,f,f,f,f,
2357514,t,2026-08-03 12:08:24.963076,b7da4009abba343277b7057b5973b6395326cfa7008349dbde458be3437ca422,f,f,f,f,f,
2666703,t,2026-08-03 12:16:28.392514,27a66804f7f79ad710332195246bbf8cb01f3bd8f46f48adcb28c94b7485e8e8,f,f,f,f,f,
128098,f,2026-08-05 22:44:35.204857,be6de6400e15a15ff0bf512411f9fa62e0f651517579e92f1df4d50ab74d25a0,f,t,f,f,f,
2816347,t,2026-08-05 14:03:00.779697,04ccf4d3c01c2c3fbb7812d530fa3a764838eb064a62a20d5a98fa2ce590e708,f,f,f,f,f,
3445835,t,2026-07-30 12:38:44.641711,e53f5dfbd52e64d54901b270f5c7ee9d2172ab0bac3cb4aa75177574fa734863,t,f,t,t,t,
2750088,t,2026-08-05 13:45:14.483563,f8a22c3d818ffceb1b6412be8a56fd4f4cf0b3665645f5ede6f54e6857168ff7,f,f,f,f,f,
2987535,t,2026-07-30 12:38:44.641711,e83759054b1800a5721442db4a966dc26583197184c772f95c3f8acd1db59a66,t,f,t,t,t,
2909495,t,2026-07-30 12:38:44.641711,f9e8a825921756ba940b108155c4eda2952e67a2ea57d6d0eb8459dcde08d90b,f,t,t,t,t,
2774567,t,2026-08-05 13:54:20.512837,d96110b572ad33e00d4610d2fd89b7eda08d61a85e3509ea5811714c7b22abd4,f,f,f,f,f,
1871414,t,2026-08-02 15:09:01.27409,f8a9f53b338bf26691bd557548c37c952ab288302da7573b9bea1f36ce6cef6a,f,t,f,f,f,
1261703,t,2026-08-02 15:08:24.336945,3082a0616ae7e716609363f4dcc5b89e5c8f1a97bd8885fbc015e8bbfe0fc947,f,f,f,f,f,
2755660,t,2026-08-05 13:45:31.002623,52c356d71c55396b047bfb0c93fdaddb54b5a6740e4ff75a334c9e44eea6a6f0,f,f,f,f,f,
128101,f,2026-08-05 22:44:56.661659,2b3ea95a53bb54644d532b6506aee376db04c86bcce43a8dd10f6ed621f46f34,f,f,f,f,f,
2755664,t,2026-08-05 13:45:31.296132,8c3af60c6d81cbdaf360035c1d43129aba77cecd5d0b8521b3e0dcb9142c7bb5,f,f,f,f,f,
1263672,t,2026-08-02 15:08:24.979684,075dda97101aff14564dfad9c3a8c6bf4cbc5df022f0a4f9fc68e95ee7cc46e6,f,f,f,f,f,
602420,t,2026-08-02 12:09:27.045327,1f8d827c9a181cc164aa07156c5bb9009cb80b51ff6cf51aba4cb3c8a0549a05,f,t,f,f,f,
2844113,t,2026-08-05 14:09:59.704163,e99f662d192121000f72a1473f699251cd1508fb0ff333557d54c177f6f0011a,f,f,f,f,f,
2046961,t,2026-08-03 12:03:04.154026,5a58ab3f6645e7c840101dfaaa11edb3e5460a7d2535631b39daa956f17e900b,f,f,f,f,f,
2353577,t,2026-08-03 12:03:05.610918,09de7776157f7dcda39f1a8f2802f33f816259083965bfdc3ba7a6301877e157,f,t,f,f,f,
2702470,t,2026-08-03 12:16:59.605951,25f208bd9882e9c1e0cd5e4d54d880cd2da9e56267ea6860461152818d71f995,f,f,f,f,f,
2569361,t,2026-08-03 12:09:24.932735,f1c6b2aee235ac119107dfaa31e1999356981f90f947fbc87bd65fc21e337541,f,f,f,f,f,
2704383,t,2026-08-03 12:22:30.455928,01d3a5dbea6cae61244a6eb0fb33c4a48f347ff606b69902c4bdf5a2cffc2a5d,f,f,f,f,f,
2531375,t,2026-08-03 12:09:13.22555,3ac398048fd71d1b011e931fb53122a95fdd5a0a5b9e9a3c9ea717d25bb6bece,f,f,f,f,f,
2568667,t,2026-08-03 12:09:22.536658,b44d4105fc0da210df9c2b9de7fbae0308341ecfe59c4ed8dde65d3da0de79c1,f,f,f,f,f,
2569488,t,2026-08-03 12:09:29.137717,d81cc06602b761e5b09b7ffba38b2ac06eb188abddce844097026484eb35f821,f,f,f,f,f,
2570295,t,2026-08-03 12:09:35.739486,7651364c53dc94cf8cd5fa7f61e1d46fecbe600cd58710869189190ca537dfb9,f,f,f,f,f,
2565290,t,2026-08-03 12:07:11.430889,d3d51c84602ca889cece3694daa0dc16069379fcd0fc32cf8f2083f630fe276e,f,t,f,f,f,
1265425,t,2026-08-02 15:08:25.585641,cd9e7e5bfaeb3f7f343a79f0ad17b73363645a939e38bbb017f754ebfb94e9cb,f,f,f,f,f,
125667,f,2026-08-03 00:08:31.98603,464854614b77f19a540ef15dcd6eac6d11fe2332dbd68fee9cbde7850a253156,f,f,f,f,f,
2687967,t,2026-08-03 12:15:29.118734,6d706316043c932fb94185623e9dd75bdaf3a8a7cd7d5d461a154e741c9a6220,f,t,f,f,f,
2707937,t,2026-08-03 12:22:37.342791,693a3a1bd029ec5ee33c71b324d3373f722cb54330cd83a0803357aa7df5e256,f,f,f,f,f,
2569514,t,2026-08-03 12:07:23.138637,cd138d2b2f7f71c20d7a1b6503f0594d444a9f491d1e26e5d6009ed519d0d3e6,f,t,f,f,f,
2688031,t,2026-08-03 12:15:29.738733,9ffd02fde293598bcd9153a9ed57ffceaad8a02071e944e534cbc3b034b9283c,f,t,f,f,f,
2616514,t,2026-08-03 12:13:24.707652,049c65641eff7ebf1908448cf7cfed1487fda44236d700f71c1fe4645ca0ff53,f,f,f,f,f,
2784309,t,2026-08-05 13:55:24.550241,8b1d76bea5406d90a81a20c1ad019d6e0a0a97954b32d6c01a1a94e4f2e3a5d9,f,f,f,f,f,
2734845,t,2026-08-03 15:09:12.711737,210348224c9a78fefaf9db3e94febd6aad2a08a5956ee941cf77b8b6238cf3fb,f,f,f,f,f,
128099,f,2026-08-05 22:44:33.090876,abcad9045ad3696b8a82c1fd3497045ae02dca04064d199bb115df95a81b475b,f,f,f,f,f,
2855578,t,2026-08-05 14:10:06.608424,898dd9491700dff6a1fba119aa767efab613e59fe5d01c99fc385ff4b1bd0579,f,f,f,f,f,
128100,f,2026-08-05 22:44:36.270413,3c94d4877975682bb0973769efd6c0e6ef85981f9834805e41303e77ee953c97,f,f,f,f,f,
2784318,t,2026-08-05 13:55:24.749483,f53ae8ecae46ea2ededdfe15f0f81aaad1c20d808dfb139aeb7787c945eb4697,f,f,f,f,f,
2755668,t,2026-08-05 13:45:31.59186,b6c8fb53f415fb595491c0a7f974636cb4a896071616d184ab90244c9bec3468,f,t,f,f,f,
2755693,t,2026-08-05 13:45:31.899442,a1c2f796c34db622218d5f73ffe3b8ef6a833c4443745cbb71c95651c6d13103,f,f,f,f,f,
2734865,t,2026-08-03 15:09:13.307111,d094d2b23f986a86ed49522556827b63b391fab708eba2d49a7be0c0f3622e04,f,t,f,f,f,
2735299,t,2026-08-03 15:09:13.906901,e92dd8e81abbd5bd06e5e0b738cbfa9d34073e546bf6bcfb2b55a71ac24bd7af,f,f,f,f,f,
2735606,t,2026-08-03 15:09:15.412248,292ababc2c079981fe87fb72faa13c7a3a5174ad33ebe847be21c08047d1ecac,f,f,f,f,f,
2736105,t,2026-08-03 15:09:16.30908,997c3f3be2633f5c1b9631524f9805366aa95440a70374c902697887f923fb96,f,f,f,f,f,
2759581,t,2026-08-05 13:45:49.659493,37441bb124c26d63eb8f7fc46d43be46f214482355bd00910484cbfedb8d48c7,f,t,f,f,f,
127965,f,2026-08-05 22:44:05.439469,512a450ee64343a57ffd96812e368e3e7e4feff9e185e15733093953f48c5fb2,f,f,f,f,f,
2764833,t,2026-08-05 13:46:24.428495,06ac9cba969d9cf5d392e783ed7a763a0363d82ef0640c923f8de04ee2720f71,f,f,f,f,f,
128094,f,2026-08-05 22:48:53.994497,e494ddee58475efd22b760c57c40d5766d4d1233956a11833298e3b5c8f3029b,f,t,f,f,f,
2784646,t,2026-08-05 13:55:25.354335,2767b515ce7c53ef2453bde1e35af0eff09b3d124279115a082c22f0f59c7057,f,f,f,f,f,
2784810,t,2026-08-05 13:55:25.942631,1bb18c8743c04327c08ec75156cf8685aa1b494df945faba3b3f037f6fe27d6d,f,f,f,f,f,
133487,f,2026-08-05 23:01:59.400106,d6ca0f52dddb47827c0ad4a9c1c39662b355a04cc5dfbe14a90b45aced033c42,f,f,f,f,f,
2844154,t,2026-08-05 14:10:00.899146,62764e7f13dbe52f7a43742623791ce288a288f861e70f9aae016f5cde39c2c1,f,f,f,f,f,
3072041,t,2026-07-30 12:38:44.641711,1f867fb463325fae3df7ab000dfd144d2afb1160afdb78a3f684495278db65a5,t,f,t,t,t,
128375,f,2026-08-05 22:46:06.196585,26d3764759790706227af564013a7eaac3f9936d9cc9efafd40502dda8068999,f,t,f,f,f,
128096,f,2026-08-05 22:51:38.199281,86bd68242bb6fcbbdbb65c5f72cb5a8517c7b650b0c5c3930de5a80c5b535121,f,t,f,f,f,
2925222,t,2026-07-30 12:38:44.641711,dcd73b86a2e888bc9b72327a3f1fbbb6a1c41c00085e4566c080a594b64a21a7,f,t,t,t,t,
2774590,t,2026-08-05 13:54:21.115508,c9b6c330ae56ce558a30d138c6f9d6c031fadf32311048831a4767918491718e,f,f,f,f,f,
128097,f,2026-08-05 22:44:26.18659,7170d5904a68872abc089d8a921a7e0ed94ca3ae33f7ff995c25ce278aa817f6,f,f,f,f,f,
2784866,t,2026-08-05 13:55:26.852391,994c230b0cbc8bd688377cd076d461731f94b62e2dc82544fa0db96f2205ff6b,f,f,f,f,f,
2987552,t,2026-07-30 12:38:44.641711,0efc10ec14e4411d8a0fcc4516cfc5e2596f5e395885d206a1c268e988a4f583,t,f,t,t,t,
2784902,t,2026-08-05 13:55:27.542762,15241c7241eef156cb2980e918118c2866a6f33e5438d46956173e70cbeb47e0,f,f,f,f,f,
2787116,t,2026-08-05 14:01:36.732389,ba0397b5b04d32a0330a035db783954c52b680e7dcac28b86c5080b6486bb053,f,f,f,f,f,
3072040,t,2026-07-30 12:38:44.641711,e20ee5972f38ccee0bfe6c0803c18af021219b573343c9252448a0a5a302b2be,t,f,t,t,t,
2774593,t,2026-08-05 13:54:21.41597,2df1dcc00cc90fa14253588aa615ba7801e865c0704d22985c25f3011ddfbec0,f,f,f,f,f,
1626261,t,2026-08-02 15:08:32.139127,953f89cefdacaf4675563d7e316de9af0b4f0cc14b6b0a809e2ca292be748fe2,f,t,f,f,f,
2844130,t,2026-08-05 14:10:00.303696,02d0831c9ea6f9cb41ad6667d6b05fe4c971b0e85d89e085aa21bf8c4c5be0ff,f,f,f,f,f,
2784914,t,2026-08-05 13:55:27.750519,4b1d0d7cc958af6ffe62b4e3d861a7705b2a6ba00865c07bb42b10317faa3982,f,f,f,f,f,
2892327,t,2026-08-05 14:03:06.855324,1a4cd9bc149bd06826cd092c56cd45b09521836ee52f7d7358a167c0cea6d2c6,f,f,t,t,t,
507599,t,2026-08-02 12:09:09.311078,43537d8c1a9ee82feafcd249e1194da06f7a95da1fd9247217f1a543779fb7b6,f,f,f,f,f,
229906,t,2026-08-02 12:01:36.769567,f3e103a12ed4d9f351600bc3716bd867904cdef7ebe331c1f3dc8cc0eb892aa8,f,f,f,f,f,
632721,t,2026-08-02 12:09:54.02768,26c819f177a172705774fae2b6049ad4d44dc729fb5303f9de1d2ca70ba950ba,f,t,f,f,f,
2465437,t,2026-08-03 12:05:39.908334,844343c8af305acf133d16dc908e3c751f6f6d7d0ee1800bf8a1c1ed8782bfad,f,t,f,f,f,
800214,t,2026-08-02 12:10:37.72781,cba037abfdb7d0d07cb5e9adc53d7db6c1277eec67cab2841dfb5f04af936096,f,f,f,f,f,
2568531,t,2026-08-03 12:09:21.031593,7e64af9b7741b43ef45e5c4382f1529aab0af4c24d012296eeebec2195ecf200,f,f,f,f,f,
1060256,t,2026-08-02 15:08:19.842939,d7dd69020dbe8e2b7e7322d20cd86897f70a1f9f7111a02afa16a61ed09c4137,f,f,f,f,f,
1146400,t,2026-08-02 15:08:22.576744,e8d5a7e7fa812510cf23574410631c7547db99e4daaaa8bedf57473cf992ba10,f,f,f,f,f,
1258560,t,2026-08-02 15:08:23.733343,f70d42b62b8728fe8b5adc3fdd64202bff024be5dbfafe8937432cedc19760c9,f,f,f,f,f,
125599,f,2026-08-03 00:06:00.755043,776e475323c74ca9fe2f69d0d7d73ed9b029e267af6c0ce0baff7448656730b1,f,f,f,f,f,
2037697,t,2026-08-03 12:03:02.015266,7751ff1348c966a5bc20a77dea337109536d203233beb17281d34789eaa34551,f,t,f,f,f,
2394825,t,2026-08-03 12:08:36.676534,37dbe1b84cb19e2b58bff34af77bd8659b779c0df540689f1bdc855722bc73e9,f,f,f,f,f,
2568655,t,2026-08-03 12:09:22.228126,c638b3e9f35327d5439eeb8cf5535ab707ed06a53fc001fd74c6c116a47e122f,f,t,f,f,f,
2569465,t,2026-08-03 12:09:26.732877,8041a5336fddf34087f759115066459275319a3dee98c76db36cdcb566008536,f,f,f,f,f,
2523923,t,2026-08-03 12:09:11.430701,bf942bf5d7aa461800a0263a287abe935bccd9c8ecd1bd30465566c104c4e6d9,f,f,f,f,f,
1266236,t,2026-08-02 15:08:25.885116,c131f494fd038bf6809d4bed0e6a0cb29bbc267720b28b49c0ff761668ab7355,f,f,f,f,f,
2569516,t,2026-08-03 12:09:30.336104,a132815b729ce7858898d87fce906ddf27d95db9d45abb842a3f0acf8156d28a,f,f,f,f,f,
2569512,t,2026-08-03 12:09:30.043909,46c0c247e19d802c90cee3e513b784af05b73ce8265dd681b9aff0942c2b5325,f,f,f,f,f,
2569365,t,2026-08-03 12:07:17.437577,ecb962ac153c953324d131ea3e5356ced7057fedd80c5199eb539ea8f2fe9f6d,f,t,f,f,f,
2357725,t,2026-08-03 12:08:25.878037,31e4197fbcf374479c7db8ed415c86060cf2f2901fb65e048165eaced1f63ae4,f,t,f,f,f,
2390809,t,2026-08-03 12:08:35.765545,9ba051d3879bf29637a6cf1657ae3f67f542b3dc68b3d89c09283b17270ccf72,f,t,f,f,f,
2568705,t,2026-08-03 12:09:22.835425,dcb8dd71c84e19cb09bf05b6e86a77f8cdb53d44f2d09af4c00b234f8b352771,f,f,f,f,f,
2537165,t,2026-08-03 12:09:14.129731,fccd25af48ddae14f2d696e8bbb83abea8a9e975095ad579ec3889c20e54e659,f,f,f,f,f,
2423961,t,2026-08-03 12:08:39.973602,665812547d8a05cd71b3f85442c718b182b4786c9983c0f8c4924bd32aad9cb1,f,f,f,f,f,
2568548,t,2026-08-03 12:09:21.633685,1c51421af972f2287efcfd4e191f442b319b35f47a1c961cb7843f6265d28534,f,f,f,f,f,
2537160,t,2026-08-03 12:07:04.22738,705482f6ac101bf80977e94c07f943989c71e46184e6452161fc8b42d87761f9,f,t,f,f,f,
2569820,t,2026-08-03 12:09:34.542794,7abd7f3ff8e991bfd1f87228c87894f3940f114dcccb876dd708ec7ddde9f717,f,t,f,f,f,
2789822,t,2026-08-05 14:01:54.447471,a20a7c684474b15adb07ad8e5dcad3d0427e98591d735bb3230662543d391bce,f,f,f,f,f,
2784925,t,2026-08-05 13:55:28.050073,c6f9153c5f316532323d0d81bee04c4f5a961d2bc45cc7c2b080f91082a7ba7f,f,f,f,f,f,
2785000,t,2026-08-05 13:55:30.151291,187f17b7e0b99f52bad23a43cbffe1599efb00c415576bad9496542995583bae,f,f,f,f,f,
2569517,t,2026-08-03 12:07:23.741369,813dfe51129e7bc3072c5a11eeb3c1b5180c94c17246c5d7eca294b2b5bb9948,f,t,f,f,f,
2569540,t,2026-08-03 12:07:24.078571,2dafa753617839d6dcd4f1d48230a6886b378184f39da8d2ede489a5e2bc3850,f,t,f,f,f,
2744477,t,2026-08-03 15:09:29.236828,9ce62f0b927cbbf7ef5888725cb120493ff17a7f2af3b188efb7fcd3cf00d6b6,f,f,f,f,f,
2712630,t,2026-08-03 12:22:57.779705,21f3c21290302e3352a3b38698238abe7c97a3e7e666e2514df657754aad892e,f,f,f,f,f,
2844141,t,2026-08-05 14:10:00.602367,88952ce7e5199bc46147ffbc4d958f962f2e6eea26b3df5303b86f7de865973b,f,f,f,f,f,
2789860,t,2026-08-05 14:01:54.736658,1e55dfc1d468f1d202cb9916ee6321777cd9dc1a6c6e407d3a21cee6daca3a02,f,f,f,f,f,
2913802,t,2026-08-05 14:10:55.353283,05f7be0c91e5f763a7a1465e48ebd7014349457ec04804f44555b5001abd971f,f,t,t,t,t,
126602,f,2026-08-04 00:12:45.857536,7d03e5d5effde54bcd02ebf17e7d0ce3829a9fc64bf9277d59bb21b6e50f8aa4,f,f,f,f,f,
126603,f,2026-08-04 00:12:51.728688,58cac773834bc2ece81efd18909f7463bb5328c351e8f836cc0e24b862f9becf,f,f,f,f,f,
127566,f,2026-08-04 00:18:26.172816,7b964e7bbd8ef9c2a722cbc088f8d011468170e4c5efff1d2da31eda5145840d,f,f,f,f,f,
127580,f,2026-08-04 00:18:40.031312,0502e29ac464e735ffbb3302c8c3324ffdf291125087105d6e0c383f7a6a1fd6,f,f,f,f,f,
3445865,t,2026-07-30 12:38:44.641711,8605bd275f468dbe0efb9e164f0dfd391a0ce330c3648be1b7a8a0b61a269201,t,f,t,t,t,
127897,f,2026-08-04 00:20:42.680535,0740e2e7efd8a954e24ddc866f6dc845a40ffd92c2d7cc23a752f448aa34852a,f,f,f,f,f,
130493,f,2026-08-05 22:53:07.671744,e6f535e152590c6f2b76141ad10e7d6c385c3cd4f3ed5dad9b5edd3ba5631c65,f,f,f,f,f,
2755716,t,2026-08-05 13:45:34.298221,067e61e8db7cf771a9757a281e93e05a8b8be98c81d46de061a644ed76f6afea,f,f,f,f,f,
3547593,t,2026-07-30 12:38:44.641711,e66f33a4b31f4cb8d59284176e0ef1cc9cfcb88433c767da75a3457988b615ae,t,f,t,t,t,
128733,f,2026-08-05 22:47:03.265884,f2c3c88168f8d4257e36751d8632f15793824019221dfc298efca4eb07baf5c3,f,f,f,f,f,
128373,f,2026-08-05 22:46:10.236275,f5491619d03db29d2fe1024931b8bcb823385133fa295e0c19fd86c0bb6fe540,f,f,f,f,f,
2927000,t,2026-07-30 12:38:44.641711,94ea1b2e7cfc880959ade60decd9a9a3317a8a723b5d589b908d36f5295f4756,t,f,t,t,t,
2987565,t,2026-07-30 12:38:44.641711,5d4b7088609f6bdb1ef71ef5c062eecc6f578c2d050a385bb47414b5a88c824a,t,f,t,t,t,
2987538,t,2026-07-30 12:38:44.641711,2e80f8297230ad8e55e8f67629f899d2c5d25b7b49966fa736457ba8fbe4c395,t,f,t,t,t,
129887,f,2026-08-05 22:51:44.910176,8caeca3e16833402d765e880b56aeef07ae143888224c83ddc60793af3f187f0,f,f,f,f,f,
2908128,t,2026-08-05 14:03:37.165763,69cdc005c535dcbb14ef52856afe38d04628e38058d54b13a044d839f2fadc99,f,t,t,t,t,
2845738,t,2026-08-05 14:10:01.818948,8a03c46951bf7c4fcb09cd97829712ce120b5190c6edbcb7edd0b63722646fef,f,f,f,f,f,
143118,t,2026-08-02 11:59:17.516264,0a1db91fed77924ee86db57e3cd22a1da1730719d5ed8bda25d7dc506a79555b,f,t,f,f,f,
626766,t,2026-08-02 12:09:42.930654,a64d23311a20618ba254e27b2210fe0b543a864463516b7691e94af2ce5485fc,f,t,f,f,f,
138225,t,2026-08-02 12:00:06.104023,8bd4433080629f378b4db9259ad00406254c299b52072c1cc50f437a7f07f395,f,f,f,f,f,
132397,f,2026-08-05 22:58:07.004473,24f2e0b9fefb93a6d4cdc0f97a5a3f7b04b6e3fd358b67921ee694c40e5ab718,f,f,f,f,f,
626786,t,2026-08-02 12:09:43.23123,87052e9fd609a7559954793e60e72271c7189282e0086e6f5b1d59c2fa83f280,f,t,f,f,f,
2913291,t,2026-08-05 14:04:08.986495,12da4b6968387102c68936b1d571448f9aa22f8813fa0d504656e42cc23e9a44,f,t,t,t,t,
1954350,t,2026-08-02 15:09:14.182,8e8caaa3740d52a018141aeaf8c967d9b706aa454059cb9e651bc5dbf7b495ac,f,f,f,f,f,
800315,t,2026-08-02 12:10:38.024794,0faf6addf2236a9f5016dd703ecc52c8bf8153a6b4944efd7afc53cdf65f0aed,f,f,f,f,f,
800067,t,2026-08-02 12:10:37.427414,1ef3ea0793fb18ce4df3672875c6bd73f26cf48f8c5b9a0988e130fd3ba97ea6,f,f,f,f,f,
770926,t,2026-08-02 12:10:33.225932,a70b90ded845be5f5d8250764715bb8adee48423b7945682b1bba731d7c01ce5,f,f,f,f,f,
1018971,t,2026-08-02 15:08:18.033713,84ee60bac3cd437661a4de2aef0be8d3ae5f260d0643c56cd761cdfd4dd7a7fe,f,f,f,f,f,
1059957,t,2026-08-02 15:08:19.531883,41baa08a2035680029c6f32a2a54ccd1afec589a35cc3a39674b5c7cef3d1444,f,f,f,f,f,
1089831,t,2026-08-02 15:08:21.346247,85246593c335721df7862b161e2c753d91e16fce7bb4cc3404f9b23993ea980f,f,f,f,f,f,
1626328,t,2026-08-02 15:08:32.744101,8f34891cc903a10e28a9d278c77d597a09a37e5bab7ce89c34a36cb5795cf934,f,f,f,f,f,
1853824,t,2026-08-02 15:08:52.284976,ef6fd49dcb5624c7ffca1667ea9c9c212635321b661d1965cfe3516713ff2927,f,t,f,f,f,
1853825,t,2026-08-02 15:08:52.566413,d2527cf0ee4408074317634f0c5dde9385bc5962c1109afeca8a578663fc9271,f,t,f,f,f,
2361032,t,2026-08-03 12:08:26.765758,4ddf145c299c4a0baa922285fcc4457bdcd77f1a2ebe07bd56d791c248cbcd31,f,t,f,f,f,
2568711,t,2026-08-03 12:09:23.435255,aa00dfdaaceca3377b154d20a47df69242c4565aac4eca9181cda3e2b5ea97f7,f,t,f,f,f,
1910201,t,2026-08-02 15:09:04.570165,00fc2e00e1b737297fba4bf989524591090943e5d622a500964bdcd7be94bb2d,f,t,f,f,f,
2568819,t,2026-08-03 12:09:23.736934,3c6a7aae8e0fd713a097c7eb5512458f9ef86bf417eac58b1a53cf22b1105aae,f,f,f,f,f,
2569391,t,2026-08-03 12:09:25.232624,e78bcbc6b41422e3cf85722b09984063d3e356f8bbcbe871d1588bf6580459bd,f,f,f,f,f,
2569716,t,2026-08-03 12:09:32.145496,93f434e71235f248652c9603d613adf639d1af99f0303db8d2e111462522326e,f,t,f,f,f,
2499865,t,2026-08-03 12:05:46.477634,68a475d079e580b072467959548aad06932687333b7471d21f77f450c9542241,f,t,f,f,f,
2702352,t,2026-08-03 12:15:39.322563,0bfffc51a5d4e11f4d21db2bb483969f34d3ffee0f074f2ac3db4966b91b5c99,f,t,f,f,f,
2569384,t,2026-08-03 12:07:17.739338,f248fb5d18ea0007894a8df4fc8c6d51ceb4c1ad7f858fc8fe39333df9e583e5,f,t,f,f,f,
2787146,t,2026-08-05 14:01:37.040491,8279ceffb28040eb2d97b8067533de8f579de532f5590b38cdb9bbc6113f3357,f,f,f,f,f,
2736264,t,2026-08-03 15:09:16.611089,2ad3367d9806042fa02d45bc45631a5d6be5cf4b523a3f578c05102682e0692d,f,t,f,f,f,
2787355,t,2026-08-05 14:01:38.528585,c497a85d93b250e911e532fffd29b47b663d2a8484c5d7d7e47a3d654c401058,f,f,f,f,f,
2787555,t,2026-08-05 14:01:39.13238,614e5c9b4689eb8dd03513beec37d657a90873bdb04ba9c2c63f60c55a2fc092,f,f,f,f,f,
2913429,t,2026-08-05 14:04:22.245732,a0cfa3cccc4778cc57c73178af5f3b1956778f5fb79aa6ec7529cc706f8ddda2,f,f,t,t,t,
2913807,t,2026-08-05 14:10:55.952203,d33edc95c4de38146614381e85146c3a638e23cc5332d7450bab6b5c6b5539c1,f,t,t,t,t,
2736444,t,2026-08-03 15:09:16.919509,0441ba013a84c3610e4cf5c3c8aa6f058b6c2cbed669c06b36fdca2b18739f66,f,f,f,f,f,
2736704,t,2026-08-03 15:09:17.512788,0bfd7ca218d0cd24659bdb600faae87f72581002d6d15b9fdac4a7720cb85f1f,f,f,f,f,f,
2737328,t,2026-08-03 15:09:18.110242,10ff0c3cf809ada140275c6bf7fde64aa26a06e419b52b03a87083bcf59e487a,f,f,f,f,f,
2743771,t,2026-08-03 15:09:25.0162,1635d2945ebe6f533ade2162890490e0d39fe94a5d8b6b314c3a94b21f67c9df,f,f,f,f,f,
125810,f,2026-08-04 00:12:26.642941,2629b72154dfef71dba68a4977ca111b7ed66d7fec6c4cdf580ee1c8b197f0b3,f,f,f,f,f,
126605,f,2026-08-04 00:12:37.427949,12547951116c3e2f2af976d5974872b39da659d11b75b910f94adf2e7104424f,f,t,f,f,f,
126607,f,2026-08-04 00:12:57.302149,3939a854d227f1d3d33abff9b6905d5dc58abaf9a1432e0ed0cb344e7d0fc8a5,f,f,f,f,f,
127898,f,2026-08-04 00:21:02.428296,c0f0d39c76ae77ae7eddb876312abbcd15aa93f10fe79559ff2303fa41efe309,f,f,f,f,f,
4081915,t,2026-07-30 12:38:44.641711,2858853d80071b786c67ef21d0e155bd065a7ce294d5bb2a2cb60d63d044e600,t,f,t,t,t,
2753193,t,2026-08-05 13:45:21.395399,442c252133cfc8a40587f489e356bfc767196ff4bcacbbb35f1a43de5e297277,f,f,f,f,f,
2913477,t,2026-07-30 12:38:44.641711,4382d005dfd5ce60c73a3466762b52b305b22afa2e66bbc0ba554a233356bb0c,f,t,t,t,t,
129293,f,2026-08-05 22:49:32.768734,b336daf89a88d0ae849f8e7f4a19d112c15423aacac844a447b625ae50cbfced,f,f,f,f,f,
2925454,t,2026-07-30 12:38:44.641711,6c1585d8aa9abd502ed417305658fade2a8092e2944347b082288c8f23c40540,t,f,t,t,t,
3112053,t,2026-07-30 12:38:44.641711,6357623c177546b3ec59d5b378ccfaeecc42c9650d67981302c6f1c2d5419184,f,t,t,t,t,
2908103,t,2026-07-30 12:38:44.641711,2f733371cb8ed7391f9c9ee99c6c0e41f04e258e5e4b5141f477dbb78efe88c0,f,t,t,t,t,
130134,f,2026-08-05 22:52:18.450154,2a315e15436a8ba424700dd1e87ddd0b59a682904f82c17e73c57b1da2eb9a69,f,f,f,f,f,
128365,f,2026-08-05 22:45:52.772125,302bb5e080d2dd1009c9914f5b4e6abcfe6b6a4cccb7c78f7369893497a796f3,f,f,f,f,f,
2762766,t,2026-08-05 13:46:17.221813,92ca41e2867d40a164c9536a98218b62effe886a2098551bbc7df720e29ea2d9,f,f,f,f,f,
3041727,t,2026-07-30 12:38:44.641711,879c5dc82a540a2ffce70a3ed9bc57257e8e720bacb81999b64ef269f0b0a0c6,f,t,t,t,t,
3445868,t,2026-07-30 12:38:44.641711,62e9715cf03d3b344232bf7d3cf5a708f9a0e7add69694a82bf1fdce58eaa238,t,f,t,t,t,
3403616,t,2026-07-30 12:38:44.641711,34ce42621d39ab7a955b72bae61b9453331361df6718b3a7f4c86d2636ea8f57,t,f,t,t,t,
131393,f,2026-08-05 22:55:26.500245,23c02b7e4ccbc350377635366e598d1d923708a48c023c4827c2e981fc59c1f8,f,f,f,f,f,
129885,f,2026-08-05 22:51:41.943636,b58b8e806f138f5446e40f26ea1f2fe74cde17a7b24bf6084835b571abba0dc0,f,f,f,f,f,
130736,f,2026-08-05 22:53:52.512644,806cd5b790a6de90b75763d0d5282fa7f020057e07004f67639e704a6a6c981b,f,f,f,f,f,
132583,f,2026-08-05 22:58:35.360664,db81e917aa9b192212ef5961cc4837a9d1e091ebc19669944021d755c37229a5,f,f,f,f,f,
731454,t,2026-08-02 12:10:06.935695,ed77805a045db0e4c892c59f99d0f0a117ff592d965564d48424818266657c74,f,t,f,f,f,
2913456,t,2026-08-05 14:04:24.651153,9fe97b4b995b97837d7c35a7919557a9ca0109574fd5a28f6503cce0ceb6002d,f,f,t,t,t,
132400,f,2026-08-05 22:58:05.787867,4874dbe6b86efac5e0172470ffb17d70cc6b973ae203ccdc706dde3499374936,f,f,f,f,f,
2787564,t,2026-08-05 14:01:40.03161,d7487b489936db984a1081e0285e3000407a1b4bed2e618045699860ff73b740,f,f,f,f,f,
2787575,t,2026-08-05 14:01:40.335016,f9d6a629fd4443343aa4c3886bb50dc1942e7cb3e62a48f75f30bc1139aab237,f,f,f,f,f,
139867,t,2026-08-02 12:01:21.206577,52c053987f55b76ad25e19790a9c63ce847d4e960f16ce5f8c438ed17c27e5a5,f,f,f,f,f,
2787580,t,2026-08-05 14:01:40.628561,194111d706601198129c36c8004867c587c417e40bbc4c413e6330ff53192ebf,f,f,f,f,f,
138547,t,2026-08-02 12:00:13.447933,fc74b6664708d73c87ff4978c9467c8502324158379a2aa33585230c0200afff,f,f,f,f,f,
2913684,t,2026-08-05 14:04:33.945538,1d9297ba048b7abc2f9fba6b5f89fa6b0ff70e5b58e75f2c29cf808422d14f09,f,t,t,t,t,
731520,t,2026-08-02 12:10:07.238781,48c8d0a32456c6521ce9d286a62526081901d77d7b6741c2070d7a34261fd6d2,f,t,f,f,f,
1122739,t,2026-08-02 15:08:21.984167,782361ce177ed518396372470460ad909c29583b8cccb5b9f2845964ace3397d,f,f,f,f,f,
727285,t,2026-08-02 12:10:29.619066,625a1e997aedcf821d450fb506dc4cd6921543b2fbf06a552b2ad2a004f49db2,f,f,f,f,f,
1855164,t,2026-08-02 15:08:56.476169,9b4c2ecc8ba5658c51e58c8e2e4bf2093adf5efc6ca1b11075a2946a158293f5,f,t,f,f,f,
2702469,t,2026-08-03 12:16:59.298374,54d692b73e6559fe9ddfb34c29cefc7e731b98033eac2369518bbee5a0d7fedf,f,f,f,f,f,
2568539,t,2026-08-03 12:09:21.331905,e7fd0d853878910841181698b5722244e945ac3391fcff39de0b04314d05ee91,f,t,f,f,f,
2668417,t,2026-08-03 12:16:28.989715,96b64c73b37926f8dac08e89af59a753741e481784d7febd084c3cd045129207,f,t,f,f,f,
2568709,t,2026-08-03 12:09:23.131143,41cf2a25fdcfe1b76b865bd49207f412173242ea8d70f618ea4ffc9321e63f65,f,f,f,f,f,
2702189,t,2026-08-03 12:16:55.403429,4409d57916650d783a0447e62ac0a2f56af74601d8c4530a08ffdc97184c86a3,f,f,f,f,f,
2568829,t,2026-08-03 12:09:24.030421,5122fb6ba1a97cadff4898640f0b78718a1f4cd80a195d136a00c3a2cfdc935f,f,f,f,f,f,
2699657,t,2026-08-03 12:15:30.959655,80e65ad4ed4cf60dd72f7ad04e9292b36c8fb423126c6f57ebabadf6ee5b6102,f,t,f,f,f,
2714534,t,2026-08-03 15:08:13.281805,f5dfb4dc21ef6b2b5379bb11629c271c3ba2c78e32784f9fe45e8ee516f6282f,f,f,f,f,f,
2664761,t,2026-08-03 12:13:43.112185,33ef3d897c1bc23ec697f02c810a82b32ae1666aa618a52616f14f0db600655d,f,t,f,f,f,
2742118,t,2026-08-03 15:09:23.221944,117a67e93ea3e107c7d815d69a129641b2959a7bb3196783c05f40fa2cde57f2,f,f,f,f,f,
2701934,t,2026-08-03 12:16:53.900113,ccb96c6fdd9c99818e8829cf590d499f24b5b4b4d3ace0c7feac37c1d6ac1ed0,f,f,f,f,f,
2913878,t,2026-08-05 14:11:01.662253,2bdfcadadb2c172d511b74b7317418131031219575b6d989eed57ed848ffcb55,f,t,t,t,t,
2702467,t,2026-08-03 12:16:58.703918,f7e6e3fe7bfcd50f94d7e8ee385e0ab23d90234850a12d80a322ae924a3a1c5a,f,f,f,f,f,
2913879,t,2026-08-05 14:11:01.962952,68079513ebf8c3fc187216b566917cfc72c88eaaec1836c1f44f743f0feef31a,f,t,t,t,t,
2738680,t,2026-08-03 15:09:19.317113,476ed207b8d9767d9bf4412fe818e7ff3ace64c77594fa9f7340ec929d398f60,f,f,f,f,f,
2925230,t,2026-08-05 14:11:18.772988,8a72eef87a28e391d564c6d142c96a4c7351c8d51966ef27391a079ea62ae94c,f,f,t,t,t,
2713392,t,2026-08-03 15:08:08.771796,7e2a900df14f704aa31c8695bcb22f2bd48ec532183d2fe3c3587f2ed5039c23,f,f,f,f,f,
2739487,t,2026-08-03 15:09:21.718517,8713d0dae775638cf7db7d6ac487ed2cdc8aed9325743ba3bfbddc34a0b3a367,f,f,f,f,f,
2741505,t,2026-08-03 15:09:22.611585,0efaa58de0d91c4d8d010dec7decf90fe56c571bd65c13a3057613f4e910dbb5,f,f,f,f,f,
134188,t,2026-08-02 11:58:14.293785,80a20cc777080ae92bbaccc604e1542f11e7d3662a67c3d2b18dfe000e3d77d2,f,t,f,f,f,
2761862,t,2026-08-05 13:46:11.823335,8daeb1cc6e839d78905866e1c55f8243d7e801a1b79041b1dd65a0a0861b4be7,f,t,f,f,f,
3038715,t,2026-07-30 12:38:44.641711,14bfdda05853b0f338bad995507c0072df9fef88f40f393818c237e8dbb9d715,t,f,t,t,t,
2773530,t,2026-08-05 13:46:33.130626,53e8f9de6b267daa05295887813b8d5f1c32d0339205d0b108261cb2be701b1e,f,f,f,f,f,
3079546,t,2026-07-30 12:38:44.641711,3e2b76d3a7663b6c75e9f013437ff4e55c6460c3958a130c94677bbecb0b8dd6,t,f,t,t,t,
627593,t,2026-08-02 12:09:45.672355,2071858696b0fe224811d07990792507959606a0e8754171a60e680a2b021a07,f,f,f,f,f,
127540,f,2026-08-04 00:18:07.909359,559f736b4712c30b5cabe41c8c457aa64e0538b2ee7143421df8db5c19ac0d87,f,f,f,f,f,
2778005,t,2026-08-05 13:54:51.131081,c95fbfad986a731c305358951cf32bb0adaf9e8147883c9daa0c131465e5a3c7,f,f,f,f,f,
126643,f,2026-08-04 00:13:10.284524,bb02ff39a2406197b4e95377d1c0742badd397d21bf9b160e37d496aeca3095f,f,f,f,f,f,
127903,f,2026-08-04 00:20:59.638396,ef21be0f34455c71751d8dd7a77fa83fcc73577b29eee313caf8750691de4b6b,f,f,f,f,f,
126677,f,2026-08-04 00:13:30.910593,0ea4e2a7e2950c13212f02a82b9d577a17eab998fcea80738cf5d22ccb1872ed,f,f,f,f,f,
127390,f,2026-08-04 00:17:14.001738,8306e95dd3c9f3e58a5987b5ea8318c31facf9df2f1d799941f178acad25370e,f,f,f,f,f,
127499,f,2026-08-04 00:17:39.796695,13471664b8ac040dd058fdd7f4a7b44ab257f12fdadce5e2b69d213072bfc331,f,f,f,f,f,
3533120,t,2026-07-30 12:38:44.641711,f9b2519e49fa5f2b036771d130f05d4330db9fe7b11396a65d7427c390bad115,f,t,t,t,t,
2773563,t,2026-08-05 13:46:33.430144,2c123933dad15e2ed811bad232dbe91e8c096ecb706cf3072dfd78eb96739a1f,f,f,f,f,f,
2914328,t,2026-07-30 12:38:44.641711,cbc737827a52f68288a9d7c522201331b8f07bd01841acee916e4ee0e2276492,f,t,t,t,t,
3588899,t,2026-07-30 12:38:44.641711,2cc0923bcbcf4ca14ba04825b78ad2a00f68b84922fa82fea0a7fae57edcf3a9,t,f,t,t,t,
128702,f,2026-08-05 22:46:36.274833,8333cdb541299ed43c5b0afe2833baf58c3304b6ba4e1d4faf3a1f120d11fea0,f,f,f,f,f,
2908762,t,2026-07-30 12:38:44.641711,d16093846f105ea55cc908681fc68c52f24099f610094be07a2513f88ed3da1a,f,t,t,t,t,
2729825,t,2026-08-03 15:08:51.699665,046979037264653bffd8f06739c5088bc13b3fb20c6d22eb6aadf429aecde3f5,f,f,f,f,f,
128775,f,2026-08-05 22:47:16.288616,650126ecdb6a813ad459b9ffde01c8ea5456a829a448bbb631577a4cc20ca019,f,f,f,f,f,
2785632,t,2026-08-05 13:55:33.150317,9094a03c1a4c7a53763d9b215f9499f7728d17459779a5e881e8fdb024cc4b2c,f,f,f,f,f,
2788198,t,2026-08-05 14:01:41.528734,7bc4da6eaf7c8c83ba3a04749b234d24aa4a889c5e744b1cfa3e1bde21dfccd0,f,f,f,f,f,
135924,t,2026-08-02 11:59:51.236465,2c11ad4ed7a7fc37cf868910285cc5e8eec05ed02447c3e074c7a042fb0ed1ca,f,f,f,f,f,
138252,t,2026-08-02 12:00:06.380241,95df6240054d509e85c5ab7b223e3fd730451a123ca721bf418373910917888d,f,f,f,f,f,
138679,t,2026-08-02 12:00:28.511603,97b21ac4880c969c14cb7a28566e4fde30fcc406e22f623fbdea6c9ca0aba427,f,f,f,f,f,
139171,t,2026-08-02 12:00:54.188398,a216dc163625cedc3386acb97ba6c45e5cedb9dc623e630d42a8775c2f756e7b,f,f,f,f,f,
135113,t,2026-08-02 11:59:45.672044,af1ee4d349312cbcb3d20d241c12e5f0d8b24c20a31a2842668c9ee8ac0d13ab,f,f,f,f,f,
131776,f,2026-08-05 22:56:18.815814,c1de740199cc4a3adc670f49b47f822e72be3fb810746aa38585432c35ad084a,f,f,f,f,f,
2788285,t,2026-08-05 14:01:42.133281,5e9156aa2bd3f9e2029c482b388443cd91ebdeb943d7bfd26df96458b9a0d141,f,f,f,f,f,
134190,t,2026-08-02 11:59:40.952225,b7d90b3516dc6da97ae31a76dc81a3d99151e5fe388ba0200f509463b8fd182c,f,f,f,f,f,
1835658,t,2026-08-02 15:08:44.759094,8529df5f36c424a442653abbea6d7992619714528dac160863fa6a149bfcb1b5,f,f,f,f,f,
1855123,t,2026-08-02 15:08:54.969695,c66ab23566ebeea1041f0c1f1e30b31c93455e1382797a9a84d500d7c7940747,f,t,f,f,f,
1932440,t,2026-08-02 15:09:08.470666,77386c2a3722c534e1be68f1e6ef0b8aeaa342c53eae7c5454d419ed2699f0f1,f,f,f,f,f,
2381551,t,2026-08-03 12:08:32.165803,cf743c238e9cb720f73bc145721ce51a9afdb3694228f8645fd2dbab98b8a830,f,t,f,f,f,
1940070,t,2026-08-02 15:09:10.863897,2b896006d80cec4cf38286abf7f23647be73421fcfb964efddd3b17ec271a070,f,f,f,f,f,
2615443,t,2026-08-03 12:07:51.955947,df6d333447552cee6fa6e551608eadafbb3d81ddf69ed7ad70acdf7658791af1,f,t,f,f,f,
2615452,t,2026-08-03 12:09:56.1587,15b05ca4875ac8ca604fbfddbc495b50e1b2f06c4dd90c91a0030590b7af07bb,f,f,f,f,f,
2734811,t,2026-08-03 15:09:11.209531,b49c1826491685c8756aad59a634b069b333d1d42e8e30021db151c471d23e14,f,f,f,f,f,
125767,f,2026-08-04 00:09:48.133759,1df825abb1644c9e3d9eb9e55db4ce1790174e55c7a79b7b452d6ba16260c3cc,f,f,f,f,f,
2384239,t,2026-08-03 12:08:33.366625,4087887ec8669bdf3f9e3352c5434953bba626a2fc018139cec2799cd9eaee16,f,f,f,f,f,
2630972,t,2026-08-03 12:13:29.905815,57010262425953242f4c415227a2b179f8df16022714c22ec76955755a159ee6,f,t,f,f,f,
2701771,t,2026-08-03 12:16:53.304979,2cc539ecb43dac074683735caec6838038504eb204fcccafbe7214a501ff8f8c,f,f,f,f,f,
125723,f,2026-08-04 00:07:21.524837,25d6dd9febdd7803b972a28a4003960dbf2a48143078778ed861d2457cb5f916,f,f,f,f,f,
2750111,t,2026-08-05 13:45:14.781435,12b175dcf991a7f463a7099ffb87f3d03ec693761a3d56d2d710e5f1d02b050f,f,f,f,f,f,
2761768,t,2026-08-05 13:46:04.916084,1855142c32630c3e5b76c2601f8e3be1e5366888db26724ee627a03f40cc0ebb,f,f,f,f,f,
2911299,t,2026-08-05 14:03:46.476397,ba0f11d8bda22669b94e49aa04f2562a8a8949b600ad0237ede28e0225b54565,f,t,t,t,t,
2913685,t,2026-08-05 14:04:34.250383,669aba1afed9bd6a8c555f70018787663a32a9b5e2a154bf94b6a959e9df3dcc,f,t,t,t,t,
2788371,t,2026-08-05 14:01:42.433041,585db30fab47c63a78294f3378a4985ff6ecb4795f000da806970c922abd341b,f,f,f,f,f,
2788407,t,2026-08-05 14:01:43.028398,7811fa8aa0a22bcb2d79ea0c744c4acba7785c0151b22a3f97f454877f99a83f,f,t,f,f,f,
133224,f,2026-08-05 23:01:45.15041,6ecf109d5bd8d8487fbc114d4d0552bde60c2be59ddf22f680c73785d88189a1,f,f,f,f,f,
2788998,t,2026-08-05 14:01:45.43073,ce30c3ea273a563ffb72f48110d0a941ecd77b3fd64046d2eaa8e676159aad04,f,f,f,f,f,
2913686,t,2026-08-05 14:04:34.553883,bd55b5e5dd4f42095124b03bcd4ba371545136583793a18e070e4e41f7d25d57,f,t,t,t,t,
3424152,t,2026-07-30 12:38:44.641711,c064f6935da3c9bdeb63072a05ede3f88cc5d3528b6dc16a50459f4f0a8cb220,t,f,t,t,t,
128405,f,2026-08-05 22:45:54.916012,b438840cb473949400786b7e2838738cf550f7a009f359ffec11daaf681eee70,f,f,f,f,f,
125786,f,2026-08-04 00:10:57.653972,b5c98e96ab1e3d2b89ea2a36f7679c80331c5e081b56cf8eedb775909396b9f0,f,f,f,f,f,
2925264,t,2026-07-30 12:38:44.641711,26372304d7a30cf78aab7b89ecd137574dd7ecfc7e449eaf8320f908d3795a96,f,t,t,t,t,
2761808,t,2026-08-05 13:46:07.362045,d4706c2491624cff8bf02cefcd9928600ba82d6b96e9a2b2e018b63df3c63b05,f,f,f,f,f,
126629,f,2026-08-04 00:12:56.826928,80b529e98c2d64be16ac28658cd46a34d92d162b2049208260ec1bdc487b7ffd,f,f,f,f,f,
126697,f,2026-08-04 00:13:27.704541,965441e91e7d6cab614c22b141c0f7a77ec268bc8d868c33adc37be4ad0cb7ce,f,t,f,f,f,
127892,f,2026-08-04 00:20:52.606878,6c7f6144efcdbe65ff8f93e6bde13ead18911f8b9a8752c954a9d7165679a1eb,f,t,f,f,f,
3038691,t,2026-07-30 12:38:44.641711,4cdde4643bcdc21c35dba5d86cd114c9ca8427046e4311ee69277846755da095,t,f,t,t,t,
4074701,t,2026-07-30 12:38:44.641711,f539a9fe734c376c7ff6b1a2460c6fa3c534b7931e330e46ab6105b2a1d27477,t,f,t,t,t,
2761811,t,2026-08-05 13:46:08.211002,3b8e9aadca6220f73afb4e54827a74f4ad7eaefc9f76ba81ee9b1e5f99c6060c,f,f,f,f,f,
128780,f,2026-08-05 22:47:27.397052,05c933dd33509c6be5c9dc510799f7ec0d8d43a42e5eec18f9f8a9e76e3e8d64,f,f,f,f,f,
129386,f,2026-08-05 22:49:52.267324,85f0e5420c7047c95720aac2182bbda521fe1470f4623e6262658f395f88dfce,f,f,f,f,f,
3377142,t,2026-07-30 12:38:44.641711,c11021b9487157dd134037d7f1735a0ed7e8fddb27e7c6c1ccd6f5462b85029d,t,f,t,t,t,
4074691,t,2026-07-30 12:38:44.641711,20cfb4d7b40423964db678b20be4523f9c034de83f25c3659d747a85d3e66502,t,f,t,t,t,
3072017,t,2026-07-30 12:38:44.641711,3a21655485d1e8b4d664915d621c8bb2bf1fc779f90e7c29450fcb81576fa28e,t,f,t,t,t,
2923135,t,2026-07-30 12:38:44.641711,135b99ea4dc71464841f73eefec957d7fb4270651e5e63984cc010d643538809,f,t,t,t,t,
128165,f,2026-08-05 22:45:05.812315,b16762ed6bd726e345f21c8f1d55d70ecca978607784a53559f72d3e78e2b28f,f,f,f,f,f,
128364,f,2026-08-05 22:45:53.477135,edb152cb198a358c3b2dd11e08669e11f6b854168d81cb02ec6191ea05934eda,f,f,f,f,f,
2761983,t,2026-08-05 13:46:15.720053,1a9f45b236d90960a67bcc061742c7576642666048b827c946c609a40f04179f,f,t,f,f,f,
129452,f,2026-08-05 22:50:01.900083,094f92628bdcd98a99380fb34286e866187d127d221d9d20fb50655943c87dcb,f,f,f,f,f,
125737,f,2026-08-04 00:08:28.113869,934d476510672fa9601f9fd686ec83073dc56d1b491ab6b097ccbfb4c68ec804,f,f,f,f,f,
2726885,t,2026-08-03 15:08:47.790056,d5290ebad3a1fffe7f0ce5adad156021df4d1d1274f36e7364298dc2faff562e,f,t,f,f,f,
2908826,t,2026-08-05 14:03:39.865076,b76335644c5e6de8141320710c9e0c760a2e525e26d06593839d8814b8e83929,f,t,t,t,t,
2791953,t,2026-08-05 14:02:09.744379,9d7fb27d17c4a6945f82a2105689b4587b703acab20b352c72a6b9541643cf73,f,f,f,f,f,
130513,f,2026-08-05 22:53:06.768289,d2a90367c9c38286e313dc1326fb7f7d668b8448c2130171bfa6e9e30886b600,f,f,f,f,f,
134192,t,2026-08-02 11:58:15.970339,3ac7f2f205fbc2ced5815f0ad9d06aefd7afe99ebcfbe48e390bae23c788742f,f,t,f,f,f,
129467,f,2026-08-05 22:50:11.696972,07bf9a9a1106a538ee00d644ab538621b1aca274d9d034800553d39efc52953e,f,t,f,f,f,
129588,f,2026-08-05 22:50:27.462299,5ec9b6f487d8dabb3c74a776f0cf3e2cc67c1aa5931d24b6d4bdc838b41ff07f,f,f,f,f,f,
131806,f,2026-08-05 22:56:37.332207,e410c106ca912e36bcd4b030ef8eeb14aa2786de87d646c4583178fcfd109ba2,f,f,f,f,f,
132425,f,2026-08-05 22:58:16.565968,aacef3a05ee749318e52bd26ff5c93153bfffd8fa56e074f35baf93f2ec04084,f,f,f,f,f,
572984,t,2026-08-02 12:09:20.15384,6458fcfc23e129580d2b50ad8b5ad5f2276053a6158eabcfe6d3501f03460272,f,f,f,f,f,
135927,t,2026-08-02 11:58:41.996021,58849a4aa958ec886d0749b4b66e2ae2c247e9a80047ef5e9fcf10766020aee6,f,t,f,f,f,
133036,f,2026-08-05 23:01:23.244753,dcd0de10edfd04c6f69f75a1b02a2c143e76d7b1e61e559635da2d75c30bf55f,f,t,f,f,f,
2792149,t,2026-08-05 14:02:11.290632,edaca3ed716ac38c621cb7917ab5e1d5dd8645a9abd93c824961ed60bd733c3b,f,f,f,f,f,
386021,t,2026-08-02 12:02:24.678337,145ef9782230f4887fa63fbef16082e7cdba6781eff47a0d75841988e8046bc1,f,f,f,f,f,
138081,t,2026-08-02 12:00:01.444586,9aac8c78cfa988afeefc7eac009d31621f0a807d0279ea36095d5656f98e3097,f,f,f,f,f,
134492,t,2026-08-02 11:59:44.469442,7e195ae20664f09ada132e6809e64f0e2d497a2821b4c1103f9ebee50e3ad1db,f,f,f,f,f,
2913272,t,2026-08-05 14:04:03.596563,fdb11f0d1d95aa3e7fbf04502ad96192ec58e8907d1ba672a77c22647e0b72b9,f,t,t,t,t,
1722458,t,2026-08-02 15:08:35.749389,f1e59d7603a841bfc9be21c46c2e649a22455232a5c3a036cd3ce63449357b85,f,f,f,f,f,
1855143,t,2026-08-02 15:08:55.263342,f61fc6b48e6bad8b613e6018b07d46e40a01da8d7f45d75ecae1c0e16403ce49,f,t,f,f,f,
1954345,t,2026-08-02 15:09:13.273043,bb0d0917fb01c2130e5a964b1be67f8515eb86ca181650fa53a06a5971837bd8,f,f,f,f,f,
1911434,t,2026-08-02 15:09:05.484123,a76ec826083e97ae2fe52b869b7e8ad03c1552d859e4f85b37541ec8e847f5ee,f,f,f,f,f,
2433873,t,2026-08-03 12:08:40.571435,716a397dea197642328c9a4d30fb461fede2a7dfc4c6642784b6d92bd63e8ad1,f,f,f,f,f,
2569467,t,2026-08-03 12:09:27.040458,049d0cc7904c298675c5b30f4ebb78b591f6999ab6eaec4a2996a5d7c6b326d6,f,f,f,f,f,
2569833,t,2026-08-03 12:09:35.139455,7cfc69d719349ad3ba024dd232504c5b929e367cd7eaeb4febca7e6f40b20de7,f,t,f,f,f,
2728424,t,2026-08-03 15:08:49.894015,b4ff3195b220eb2b109807830fd4199e94c3df1b853d426591e57c20d67edb18,f,f,f,f,f,
2595790,t,2026-08-03 12:09:39.947198,33187d38b6370c135376d8c1a7f7840f79b8725d7309185154a0ff189d2d88cf,f,f,f,f,f,
2692510,t,2026-08-03 12:16:50.89598,998fcd3f3f31fbc42f734c9b524471776d640a2e4e451893b6d2cf1e997aa149,f,f,f,f,f,
2702339,t,2026-08-03 12:16:57.506245,5cafd31a0217a15f255319de2e5b0fcce4d9b85674dec36827b6ff6855479fe4,f,f,f,f,f,
2702468,t,2026-08-03 12:16:59.000546,ac7ea7d739f0f56958a39997dbf6d2ec83e362719230e23806ec0871330c613c,f,f,f,f,f,
2616518,t,2026-08-03 12:13:24.914898,19e4ffea787e2b5f82c56bbab2dd4a177e3a58c787cb1507656e52135890bcb9,f,f,f,f,f,
2734007,t,2026-08-03 15:09:00.404551,8d215bc4bbf0e3be9968e5c8c13dc83eca340f31d3d122d9e95978ae3837a829,f,f,f,f,f,
125726,f,2026-08-04 00:07:35.952932,14bb0a8cace4d528b735abd82466d406cf573382ac757a22551600f8c2f5e87a,f,f,f,f,f,
134285,t,2026-08-02 11:58:20.786828,5f109519f25392340c497e698c7497739edc605853c513b223cdcf1ce5067950,f,t,f,f,f,
126792,f,2026-08-04 00:15:02.312439,a23e4752927e90ffa43f30eaeac45b60dc610310024209f09b6a80b75af79f09,f,f,f,f,f,
130728,f,2026-08-05 22:53:52.265084,0eca709ffdc7282802caf5ba695bf36b9a4864237eef0eb1617680467c98c38d,f,f,f,f,f,
125804,f,2026-08-04 00:11:59.843279,eac0066f8fc25a6ab02286e8e3c65f6f57e6b543d7a53a343332a2f664a7dc9f,f,f,f,f,f,
132784,f,2026-08-05 23:00:59.904649,33c92e02e0139f6d6f7f5467eec37b3c3ee28033d640bf0af48b873b3ad29c33,f,f,f,f,f,
3048463,t,2026-07-30 12:38:44.641711,7a84eeda536e615c9a777c19336585796dec422942da2bc321579b139d3066fe,t,f,t,t,t,
126785,f,2026-08-04 00:14:22.397304,1de4bfd9088d8aaa295aee8baf9b59403ba00d65621f96b36dff88eafcf6c665,f,f,f,f,f,
131169,f,2026-08-05 22:54:46.198174,0ff89dadd2fc424ff75198b2d46a6b89ff2b4a61446cc6a5944206545a572643,f,t,f,f,f,
3038623,t,2026-07-30 12:38:44.641711,546ea369e1285569f3907af76cf51ca8d0e687d2ada23e828bee8b94b41de08d,t,f,t,t,t,
3044650,t,2026-07-30 12:38:44.641711,f80889f9a81d60dd0f66ffb218b551d2c9bb61ee4a8aada0c73554080e4a06a0,t,f,t,t,t,
3474167,t,2026-07-30 12:38:44.641711,8f6377ffd92d9ae0ba66c00d507eb0ebb9dfd6415d38b542b0efe3da09725363,f,t,t,t,t,
3445878,t,2026-07-30 12:38:44.641711,477fe64de2e21eed1ab9022b15ece0d848ff9a0d10a250ee357ddc82b065cb5a,t,f,t,t,t,
126784,f,2026-08-04 00:14:26.988272,9e1502202f0cdf2830e8147395c934608f324652b112009a4e43023221947f72,f,f,f,f,f,
3112059,t,2026-07-30 12:38:44.641711,a074226822c41ea99f782ea2bdb1f891dcf12e74a00fabfdb1fd903c7487d7bd,f,t,t,t,t,
3521198,t,2026-07-30 12:38:44.641711,224c5c649cbf5d72148f974030eaa70db3909118a5011148e5e41a5857c546eb,f,t,t,t,t,
2874188,t,2026-08-05 13:56:41.109116,c2873810de292af4d94180481586fb9134c1146af2871b630656987c508f42a6,f,f,t,t,t,
127228,f,2026-08-04 00:16:27.230102,269fcc1248eb0b16bbba1fc01995ee997d61d9fde486ac925ead82bff84e8967,f,f,f,f,f,
2761809,t,2026-08-05 13:46:07.618092,84614f57b6d50430f75aa71ff7ab0c2888fb0889f80efa581b56483fdd59bcaa,f,f,f,f,f,
128749,f,2026-08-05 22:46:59.852894,be46ee638f1a2c57347d2e1a0c0d3673e251972b164ff62834ab4af268eca0ac,f,f,f,f,f,
128171,f,2026-08-05 22:44:59.541486,679a57bac6bd86d7151d5b7521b52e185ef0cfb9d35910a7c167f498fa7f3406,f,f,f,f,f,
128782,f,2026-08-05 22:47:28.71507,5ea8f36c25706f487f2c676c28df20737230e7d60f73d7cf977e4ce4b75d2dcb,f,f,f,f,f,
2774505,t,2026-08-05 13:54:09.707795,291a46275338774faa547728b21a25948d3db2260cda88613befa485056c90e6,f,f,f,f,f,
130734,f,2026-08-05 22:53:55.85333,a070c891a4f2282ea7d4ca852cf344fa65c276a4471b825ce3a68b0896e23624,f,f,f,f,f,
1979622,t,2026-08-03 12:02:49.407649,38a4124cb0ded0f044628a99285cb241fc921ab8e8356012a7c20998fe7f282e,f,t,f,f,f,
129582,f,2026-08-05 22:50:13.769274,060ff9d94684bfe1763a4eb97d86e59c1977a3c3819f6927e60c26536437f4b9,f,t,f,f,f,
129596,f,2026-08-05 22:50:26.146826,c13b794d79fbf9a510c804e2effb6deef47dbcc8ac4435d9d8f18b2cd16c96c5,f,f,f,f,f,
2791599,t,2026-08-05 14:02:07.356408,0f11ad91394f98175fba7ed44c828089417d7504d4115cdce9a3367a8f483241,f,f,f,f,f,
2774513,t,2026-08-05 13:54:10.609175,6f264baadaa630e670321727744f9bc37d2b475705c532dd396438b7b21d50a0,f,f,f,f,f,
2774534,t,2026-08-05 13:54:14.815409,b5004fdef24b00ed8d56355494336c738b39dc69eca567e6751e661e4b526e48,f,f,f,f,f,
2913271,t,2026-08-05 14:04:03.282462,fa558f1b32f3e15da7d7928dedaf90e18509d3cbbe338bc21e5201261d25a22a,f,t,t,t,t,
1911421,t,2026-08-02 15:09:05.190026,b7af6b5007c0eff7b45b6e34bb5c1d64107e12d0e620f49094b66b342e82dfcd,f,f,f,f,f,
132783,f,2026-08-05 23:01:22.206707,b4404de1fcd834dd5271bd8f98f5a79adb6845497f9f3483e84efee1e82cfd6f,f,f,f,f,f,
135928,t,2026-08-02 11:59:51.416551,628f0ada7ea07ddc96e9a36515a736370c4266ae66bd8ba084befd114d71e3bc,f,f,f,f,f,
398059,t,2026-08-02 12:08:59.412006,d585342711afaed72362e9741b343ed8c6ccea9d92a644d0e3be07554affd241,f,f,f,f,f,
421977,t,2026-08-02 12:09:04.207968,3be542f97fa26abed6aaab306deb005b6bfa92c094939f4328a93b78b9440335,f,f,f,f,f,
900367,t,2026-08-02 12:10:43.434251,b5e6a25852f1978fc577c1b19940e8a938c10475f1083c43fcac5738f9ecd41e,f,f,f,f,f,
778140,t,2026-08-02 12:10:34.421323,8e2f2f8ab9770d4b70395d13a9919db492b4b656b0a76ec7285670defb406123,f,f,f,f,f,
125628,f,2026-08-03 00:06:53.96408,ecb99288d651fcdbefeef13a6f625abb93d223936caf4c46d2828fe349cdbea6,f,f,f,f,f,
125632,f,2026-08-03 00:07:00.926738,6f6a03335766e4ae7bd20f19bdb8b66aebd090f8882dcef0951c0b684c607f48,f,f,f,f,f,
1932458,t,2026-08-02 15:09:08.770516,d6938817ce9e87e6ccff4432eec85e29d6a1d134ae31d9c29c1a9c172e2fcfd5,f,f,f,f,f,
2569553,t,2026-08-03 12:09:30.638283,5aa1165382ca7902087b19f54b13ccee013c0261afca8e77c634bf8f9b611d20,f,t,f,f,f,
2357712,t,2026-08-03 12:08:25.570967,bfd2d392f5ec3beef0c5ebacda38f602c49a83205862e38ecfbbc5164a2e5d8c,f,t,f,f,f,
2514804,t,2026-08-03 12:09:08.125676,1b735f338ead9a7957f0004b6a5fac47c8578896855519fcd10f4571c86fc2f5,f,t,f,f,f,
2514847,t,2026-08-03 12:09:10.228212,4eee6952231f23fed21a3e1ff71f8284feb30bf960a168f6d001662a7f3a680a,f,f,f,f,f,
2514820,t,2026-08-03 12:09:08.421083,1e85d80df57c18a49b62050dc007367b39183acd0c7f2d2b0732b2ea75ad840d,f,f,f,f,f,
2569693,t,2026-08-03 12:09:31.834519,9520e1c400341766546e00b32ef76944ed6e054305ab2ff93534c9f862643c85,f,t,f,f,f,
2402903,t,2026-08-03 12:05:33.871101,b5d30cedf9be3e2479b8d5e4d59b1bfeb9d0fcc75bc1e3d6d05b546501bac837,f,t,f,f,f,
2702191,t,2026-08-03 12:15:36.324268,6e638839ebb894a9b86861ac850d4a1c0210407f496b8725addaf7c60222ed01,f,t,f,f,f,
2569741,t,2026-08-03 12:09:32.746195,db5773c56716cb3326169885f1baa22c05b64f15bd824604ab25fedd119a9eaf,f,t,f,f,f,
2923158,t,2026-08-05 14:11:12.167119,aea26326dc189b3bd130a7c25254693e30ccb4fa364122bcaea4c239b61354bf,f,f,t,t,t,
2714793,t,2026-08-03 15:08:20.78023,35f890b4759e82014ba180d6bdf6fe648db1e1855cb6e0b0515df897fce67c01,f,f,f,f,f,
2734040,t,2026-08-03 15:09:02.209011,cbab097ce2d62265d260244df1ebbd153ff0f9ae897a59d7fa5ff3469d58af39,f,f,f,f,f,
125714,f,2026-08-04 00:06:59.690057,a24283640d7c06124bc2661bdefbc3889d3c92f61fd36f8972245091c761c169,f,t,f,f,f,
2735355,t,2026-08-03 15:09:14.511971,7a2da12a61284ad965d42caa495dd3f462c3f0a613690125485b51702657354e,f,f,f,f,f,
2743760,t,2026-08-03 15:09:24.720292,78e538877c2d8488e57eb709d933e80890b985ddc59b8c24ffaf7b705c8d7d60,f,f,f,f,f,
127873,f,2026-08-04 00:20:42.297809,755807e96f413cacb72007bf8e0e256fe3240079728d9e461e2108566c53d31f,f,f,f,f,f,
624841,t,2026-08-02 12:09:36.028993,c792f8420e1ba349abb2e71aa419547c68d1323df3bf4a687a180283d8ef9c9c,f,t,f,f,f,
126727,f,2026-08-04 00:13:28.501606,40916d6136a93b36eaba9141f8e5ab2c7511f0b86c049eb922ee1b7b73b05c01,f,f,f,f,f,
130729,f,2026-08-05 22:53:58.207534,b6a27e75fec6b250fed42c6d11c1f39b7e5b119c598df0c1f430b9f601e2209f,f,f,f,f,f,
126776,f,2026-08-04 00:14:05.042107,0a4e3f557076bbcf478b95341075917e5500f0aa5d337f8967b7038ba83ad541,f,f,f,f,f,
2776851,t,2026-08-05 13:54:39.725031,1cf0627d949983b0abfdb8971a1d90fe08188bec8e470d6a7f6e063e8d71d8dd,f,f,f,f,f,
2929443,t,2026-07-30 12:38:44.641711,43f5787797641296c2503f43004613ac512ee2e11efd966a2489a50af1a27274,f,t,t,t,t,
2929449,t,2026-07-30 12:38:44.641711,27c33d37093a31808a85e2218b9ff41ae5dba3388f062cda190c13a8e6494617,t,f,t,t,t,
3465936,t,2026-07-30 12:38:44.641711,bb23b374755008610ef2d71c26f1903f23bbc428b508331dcbca8cdb3497cdbe,f,t,t,t,t,
3537626,t,2026-07-30 12:38:44.641711,cf49917ef05095df5391c15a6f50de7178106c932337b872886fea07481800fc,t,f,t,t,t,
126778,f,2026-08-04 00:14:23.295336,91514292d1fff11895be0a44af3db12a2a7a0727cb2d523a01f56eca3bb23aec,f,f,f,f,f,
3065391,t,2026-07-30 12:38:44.641711,a1aa904f319ed74c7f29c40930d078884a9f0bb23ab0ed600856ed1aedde5de5,t,f,t,t,t,
126787,f,2026-08-04 00:14:36.652057,0998941cd7cf3250f771f53fc7b0e10cecc66fc37c1057c2d4fe9575c4894587,f,t,f,f,f,
128118,f,2026-08-05 22:44:47.209344,3c3ec497a5812cf594a2d969e8dca9c8da14da24fd50d80e8f12f0d8c4be4c64,f,f,f,f,f,
4087093,t,2026-07-30 12:38:44.641711,b8d242a6de464a502e7310fcf02267e46f1e8ebcf6536c8c946d2288b5cbc18e,t,f,t,t,t,
129178,f,2026-08-05 22:48:50.164935,00615970b0f8848d92320eb70c04ac1f309599171da637eac75ec6f931b05470,f,f,f,f,f,
2929455,t,2026-07-30 12:38:44.641711,3682e63befc7abc2fba0e1f6cd97fd6da641f967e77371e7f3143fb6dfef5749,t,f,t,t,t,
4060192,t,2026-07-30 12:38:44.641711,f00b643bd1c2b1cef45f2be3c62539298b3c5bc58a284c3c63dbc110c1c012cd,t,f,t,t,t,
2776862,t,2026-08-05 13:54:42.122337,10df694eb7bd7fd6fbc6e2cf9381aa782e6cc65d130cbd793b707cb4dd1225e6,f,f,f,f,f,
2782552,t,2026-08-05 13:55:09.741722,e245df9f356bc3e3617b198616c11753b436a6c76d3ff7a885fc23cc3763580f,f,f,f,f,f,
2820375,t,2026-08-05 14:03:04.143023,4a9e572a93cf042f8ed95ca9cf95755a7d3983328e211e1f7145544005d9ec91,f,t,f,f,f,
2753110,t,2026-08-05 13:45:19.303017,6e29274781dfd04efcecc791ac73e73b7c143197b71e94ef0c50dc9502ccf6d4,f,f,f,f,f,
2913309,t,2026-08-05 14:04:13.793808,ae38be2c81b6ff865a6560f71a832aa8e90ae8557f3303198369a901a3e438fe,f,t,t,t,t,
2745718,t,2026-08-03 15:09:32.219996,78d7e8a5e5a5ea08dfbd09b623655ac66974b0386a4f5bfff31a61d0dcf524f6,f,t,f,f,f,
529493,t,2026-08-02 12:09:15.310982,df0bfa648a53f7ed4d7904ddc401a4897be86100eb1ab97e55b98da722960c2c,f,f,f,f,f,
125683,f,2026-08-05 22:51:13.760664,f50225072306d2036cdf63e4a94e42713943de1ec22c405f491721514fe4b0e4,f,f,f,f,f,
2790003,t,2026-08-05 14:01:58.345247,028ce7118158751735da14dd7d4329c9030fa81386d163e2c84ba445b03f1655,f,f,f,f,f,
2874225,t,2026-08-05 13:56:41.405921,e613a3b15a05d2cfb7999bbd6681ac910427f5ad6f79fc80a7e7113243b6a35f,f,f,t,t,t,
137477,t,2026-08-02 11:58:53.117395,593d568bc3f729a665d5915ec171c7290b5bab127e63e2a142380ab4fa8f7184,f,t,f,f,f,
298103,t,2026-08-02 12:02:19.704613,1c651ad62cca69e54fbc0e4b91ccc4b4ef9e3e0090458c9915da8592ed2dc641,f,f,f,f,f,
264466,t,2026-08-02 12:02:14.588429,f493d850c362e05f1a3d4527881a2c7bb626e4ba724f932df0747ea31f8f9fea,f,f,f,f,f,
624805,t,2026-08-02 12:09:35.720419,a469c250ba902d4705688f7e6f10b709cc780008869efd21d72c57e69300ae68,f,t,f,f,f,
1846297,t,2026-08-02 15:08:46.865829,178476c01800829093af87727ca86764c7f61ee8a4212ff6a4a11c60a9f2dca0,f,t,f,f,f,
1968096,t,2026-08-03 12:02:46.403069,0c85e161687a8bb3dbada2a23a598e4bb68ec4fffdd35965f88b79b50760b337,f,t,f,f,f,
1853384,t,2026-08-02 15:08:49.016644,b3e7bcc21f2ea46615d640325234de79b42d72f1293189dcdb7d25180c15a0e0,f,t,f,f,f,
2514838,t,2026-08-03 12:09:09.628687,ba0c07a03934e84249ab16f108200b7715ce9a5edaee58aad31b3166372b963c,f,f,f,f,f,
2514846,t,2026-08-03 12:09:09.92702,9e1da41d4b0a6620d608b6583a94631939b22032e13b065a7d69a0a98502c507,f,f,f,f,f,
2569759,t,2026-08-03 12:09:33.339429,d1e96f0558ac8cd4f98376aba6ee7056242e70d4c605a9b377cf4be6d32d5eb7,f,t,f,f,f,
2570207,t,2026-08-03 12:09:35.439498,b30348c5f04ee98c4d1db911a536735e3ecf05bec3ff2b35747baad8c18a5357,f,f,f,f,f,
2574195,t,2026-08-03 12:09:37.238385,9e067418114950011b3887b5032d2b38f5ebc7fbbdf453b621850e6d67ef9e85,f,t,f,f,f,
2782561,t,2026-08-05 13:55:10.039258,86d8af069205b5e92136e11773b3faf579e045efed7e243d00e8faf5e9fe5a14,f,f,f,f,f,
2712573,t,2026-08-03 12:22:57.457995,28c597d72b48773463e92960b5cf92b817bf7de971e33334782b88b0a9169043,f,f,f,f,f,
2715935,t,2026-08-03 15:08:30.390154,cab85f8a67468abafc744b02b3a5c564b1da77faec374ecec4dfbedfbe1d7f10,f,f,f,f,f,
2727232,t,2026-08-03 15:08:48.995251,7370171d0460dd7c3d90c9007be063658ab741295478fab36bd233c5099799cf,f,f,f,f,f,
2727740,t,2026-08-03 15:08:49.293331,d65606c7ee0591339347555cdcb476cc8681ecafb154901c53997ccd49bcb989,f,f,f,f,f,
125715,f,2026-08-04 00:07:10.017257,9b606175e76bc9a94a54aa025be1fbd9e678e837edc1969fb2eb9430c808d667,f,f,f,f,f,
2874249,t,2026-08-05 13:56:41.70717,c1bed90553e56ab1f70e01abdbaf29f12d38227285f4990d940493548fbb50e5,f,f,t,t,t,
2782901,t,2026-08-05 13:55:13.942666,4b4db887b25022850ec9a4d7f618b8b808b05eebe9f7b95443e734c605bd110e,f,t,f,f,f,
2902867,t,2026-08-05 14:03:24.569793,65e199f523693a692d215c84cbdf5d5357863a727c2b5d642a8cda0ef8aaaeee,f,f,t,t,t,
2874262,t,2026-08-05 13:56:42.013742,0ccac694feb6cab0b94ac165babd696747e9f26c3305b1e295757ca2eac64a68,f,f,t,t,t,
2809044,t,2026-08-05 14:02:55.081745,ed06673e7d06b0bb71e46e97e86554b55c8ec6f31bfb8dd1f1392b1728a0da33,f,f,f,f,f,
624962,t,2026-08-02 12:09:36.620245,a480806e9a8e6df1d95fc20a931ca21d058151f35d19cade61889d9b58328498,f,f,f,f,f,
127747,f,2026-08-04 00:19:45.099472,c9073ab6363b3be351c421b757eb1ffcd071b894dfdb8e96eab1dc1862c38dba,f,f,f,f,f,
127874,f,2026-08-04 00:20:57.333385,f0a4fe740baa1eb4ed30797f232abe6388633be3d0a8a94d7aa9f3fdf52f4e7e,f,f,f,f,f,
2789146,t,2026-08-05 14:01:48.136873,e5fef76cd6f8529ce084dd6810861e9c9e14edf55d9213374cd69ec15c2bb3ee,f,f,f,f,f,
127587,f,2026-08-04 00:18:28.006047,ae94e1b09db2b2f55492dbb9859358a889c2fa14a268955012c4033fb2851662,f,f,f,f,f,
131517,f,2026-08-05 22:55:41.866437,1799bb663ccca6e5d9d5a65c8169f6e2add51b5ced03c83eb77e36718a84059e,f,f,f,f,f,
126691,f,2026-08-04 00:13:16.483189,e16c384cc5ba70eaf8589a121dab4cf7a6892b611d8e23acf4846f9537de99cf,f,f,f,f,f,
3513119,t,2026-07-30 12:38:44.641711,d849784cc274c46c2c65ef96ceb483b0569147546384b3ab70fa9eb23eeda167,t,f,t,t,t,
2941159,t,2026-07-30 12:38:44.641711,b2420d1d3b5fc1e5ff72eba1ac1f0cb9f7f55a93f8e5561f43adeadccc14625d,t,f,t,t,t,
3466048,t,2026-07-30 12:38:44.641711,f49bf5a676fbfa57d5658ff3a69ed39ec3c293196db75d36fcb7c918e6416e8f,f,t,t,t,t,
2929467,t,2026-07-30 12:38:44.641711,c86d606b85b081f74f0e49f56ba5137be2e608dafc90e2838fc8ebadbc3143c8,t,f,t,t,t,
3022828,t,2026-07-30 12:38:44.641711,922a228f494da5de17cb2164c67e88ccefb420de0a6eaf61cf16f8f901336719,t,f,t,t,t,
2946633,t,2026-07-30 12:38:44.641711,ea287dcc8e617777b9f0c38249cf2330bba72e2cdfc44877bca4f8fc8201e91f,t,f,t,t,t,
2929473,t,2026-07-30 12:38:44.641711,21e75c1e600181bc669b379900a79d361e3c158f57b0d526f2967ff70965ee32,t,f,t,t,t,
3342050,t,2026-07-30 12:38:44.641711,81a7e913ec1c4ca2bda226325bf9612ffb781b3818eb532de08ae80b807b0659,t,f,t,t,t,
4005073,t,2026-07-30 12:38:44.641711,19875b8c75e7e4a89a18701749d8e7372a6a937f6b139ba65dcddf84ab8a8b4e,t,f,t,t,t,
2907961,t,2026-07-30 12:38:44.641711,a241bbc85b942cecb8735c549cb33b446867580c3c6a3b7cc68c109006538bec,f,t,t,t,t,
2987544,t,2026-07-30 12:38:44.641711,42704d3b9ac356d2cd16d367a79e0670fe68652291bbf9a20cac8548cd23dd32,t,f,t,t,t,
128750,f,2026-08-05 22:47:16.587015,9d97ac7a5ae6dd1d5c560efdeea70d8c82c967206245442866cd89e9119feed4,f,f,f,f,f,
2734070,t,2026-08-03 15:09:04.309715,92f7edb0b5cd3846370cc43f71c8d5683185c0f7aee9c0207649a5654d70d693,f,f,f,f,f,
125739,f,2026-08-04 00:08:26.034342,c950ea2dde6c7d275ceaf5b7260d6601344c0726a850f87eb223414a35bd8ee4,f,f,f,f,f,
529498,t,2026-08-02 12:09:15.609475,e6c93d915fd4ff82812e5ca45b05acb8a3044dca8dfc526d0b23fe81d785c7bf,f,f,f,f,f,
2776844,t,2026-08-05 13:54:38.826281,1647981e63a82f6019e86787b683bc5005d07ec5f37d6aacb7998cb998baa65c,f,f,f,f,f,
128412,f,2026-08-05 22:46:05.933361,b51933052379947d8042f4ca614defb6cca2b2123656b30a39e7ccef8b20dc15,f,f,f,f,f,
125692,f,2026-08-05 22:44:04.134477,cca4dbf69ac3b9de5f16bf018ef3b093855987cb4f28a1ab0bf7365a85343a57,f,f,f,f,f,
131781,f,2026-08-05 22:56:32.82681,c6eba13b3fb0f7be35dd38de11d141a5af3deea6462512fdb4037dc6f76a67a5,f,f,f,f,f,
136085,t,2026-08-02 11:58:44.619695,f44cc3e5f46d59c9d23972a029b3fffd2cdafc14394cfe6641f52569d416d0ef,f,t,f,f,f,
136525,t,2026-08-02 11:59:53.610951,62264cd5f1aedb4ec89b26a0d9ccf38beba23bccca85878d0ff4be430d742fda,f,f,f,f,f,
624888,t,2026-08-02 12:09:36.319907,20f21b1f23ccd5af5531a300e5997ce683842795d903eb5ebdec848052a129cb,f,t,f,f,f,
762715,t,2026-08-02 12:10:10.855813,325ba4418a3b21683bdecfaff5aba0744a6dc736e9d89b75b9be1b64f03dc491,f,t,f,f,f,
2568614,t,2026-08-03 12:07:14.136361,f9bf90f752e12d4c9b06c384ff32bbad4e7abdc67b7a7bf8c4d26f64e40f250d,f,t,f,f,f,
951363,t,2026-08-02 12:10:46.730325,297e035d9fb995af1f275f27a51631769d580bb5d89241a28a3425c9234bd616,f,f,f,f,f,
925616,t,2026-08-02 12:10:45.828798,4229400445b6983b81660f8827b0d4cb470e2629e2ff3f7d55d14fa34dc97054,f,f,f,f,f,
2702441,t,2026-08-03 12:15:39.63024,a31095337a13d3c50612f059717d95296a5b194ae7c14174cbae3dd127a5d9b2,f,t,f,f,f,
2569829,t,2026-08-03 12:09:34.839529,ed6c5b32d310f29f7cda0b8babd68cedd4ef2735c18603793bc4cdcd38afe6df,f,t,f,f,f,
128603,f,2026-08-05 22:46:19.821715,f31c0e3491cf599cf9c20159e6b05caeae32c54183c3f7c37fb63ce5218b0599,f,f,f,f,f,
2704849,t,2026-08-03 12:22:32.239897,b9fc865a9d55bd4d4f42bff31ba4f9e8c23f48b731d20cc373daeac813b9659f,f,f,f,f,f,
2774685,t,2026-08-05 13:54:22.612722,31a774e6be93b911ff2dfa1d581aac7da51945a1325bdd424302c8c51407ecfa,f,t,f,f,f,
127570,f,2026-08-04 00:18:38.49399,d2ed64cffe51d1bc9b02da33d8aee9c3433ab1f8e9af5357e6ae46c8ef61db36,f,f,f,f,f,
2735384,t,2026-08-03 15:09:14.810285,ef72fc6803d8413b9f0ff9b5bd73b0404cb4e4ff8c2956b68fdc463838187d43,f,f,f,f,f,
2816167,t,2026-08-05 14:03:00.495702,6f5d4688f6aaeb0c0aac7f49b63fa1d888c2ec1cc9e44d3ea8275f97030d5ad3,f,t,f,f,f,
2807083,t,2026-08-05 14:02:52.07516,73b646013145f55e6bf4f77353d06bb037271f15b0a825510a405be7e22a4ce5,f,f,f,f,f,
125684,f,2026-08-05 22:51:06.030776,689aaccd5ccfafe52e2816c8f04919ec7d65f6822e0a0292420264f82032e94d,f,f,f,f,f,
2774691,t,2026-08-05 13:54:23.828107,bb282b574a103857ceb77cc6cb97db371e99590ccfacbb96ea17241a600e1933,f,t,f,f,f,
2782911,t,2026-08-05 13:55:14.241862,b86a47e31ba9ee754b71d8e314208441483491e49b8f5491b43faca0fcd2a4f7,f,f,f,f,f,
2907815,t,2026-08-05 14:03:36.26614,b948830e4cd6f1e1eedc26ce42ecf4b5a12eede98eec168fbcd3bd2a03f55f9b,f,f,t,t,t,
2837865,t,2026-08-05 14:09:51.898558,3f73be7189757eaf242832ecedb0f8da0a4dc24ce30d013f8a05faffd2ebeeb9,f,f,f,f,f,
2839753,t,2026-08-05 14:09:56.403085,bf74c8f6a3a4594a7041614c61ca19dcfbf71fb71abcdac0fc82f6474ab2370c,f,f,f,f,f,
2874359,t,2026-08-05 13:56:43.216994,fbf6fa12cc188b7dfb730c5e7adecc839176a0f9ee76e53ffaa319918c1ae3b3,f,f,t,t,t,
2913273,t,2026-08-05 14:04:03.881162,e52bbb40e7ceedbd3e991054490c2f4dbd1863de2e6e73baf30a693af4a41fea,f,t,t,t,t,
2789388,t,2026-08-05 14:01:48.733921,eb16e6de329532d23e637b7dee2766f057dfcb7451af817402092c65b07ef53f,f,f,f,f,f,
2913289,t,2026-08-05 14:04:08.385763,849ccda5c1d6b4fa62bbd6599c9ca0359a1a2825ee601074e40e8d8955398c5f,f,t,t,t,t,
2913693,t,2026-08-05 14:04:34.852398,762e45e2ebb96e7662bcd32dd4a1948a2d766086074498be2279d1a52c8dca19,f,t,t,t,t,
2913805,t,2026-08-05 14:10:55.652985,98ae13565f98b5679c3c45f79e66f8b27b14fce5f97d53a2a1345840bc883be0,f,t,t,t,t,
2514834,t,2026-08-03 12:09:09.329045,0f4aa102dfb3971866e41473f081577eb6b874ab8dde849296b001b26f5b1fd7,f,f,f,f,f,
125796,f,2026-08-04 00:11:47.466173,7d2b04e23732ea16dcf8633b4b5f86649a0db577fbf3a6df7572304e21c81a59,f,f,f,f,f,
2795950,t,2026-08-05 14:02:28.663936,618f5b6401f1b9e6c23ca4200dad256a60c247866035c59172e6cf454c4f82cf,f,f,f,f,f,
2569453,t,2026-08-03 12:09:25.535693,991239ba1ac56bb0f37e91331d1388d7085507b0470d46c21280cac07d3c9271,f,f,f,f,f,
126777,f,2026-08-04 00:14:10.607693,54f6655e6b8e850bc6c84ea073a69131642e1b0cb3030a82e54f81c8cf2fd927,f,f,f,f,f,
2912932,t,2026-08-05 14:03:50.073922,3f8c44cbd6e09e6d6437083d5de3f51544daa8204bc09f54281d2872d3c6e85d,f,f,t,t,t,
625005,t,2026-08-02 12:09:36.927917,d07ea7394c287831c420d7f952b5c72a40cafce724f6ee98a952bc39fb3fb8d8,f,t,f,f,f,
2715752,t,2026-08-03 15:08:30.086076,c55a0f4fb403887277b5a675869b3d92a0acdec8460756c50b610830a5e8b57e,f,f,f,f,f,
2720146,t,2026-08-03 15:08:42.693113,b2725fcd9ab4184122e08ae1c453482482b4e84aa59f5a08f549a5b1dd31d6f1,f,f,f,f,f,
2729960,t,2026-08-03 15:08:52.914046,dcd458a15545ae210e903dd16c4d42289d636fca6558a512f3b4497598a7b289,f,f,f,f,f,
2789446,t,2026-08-05 14:01:49.333438,4e79465ee3d9d602c4666ccd4756f7d7bcad9360b9f5062a9d55b605a411d8cc,f,f,f,f,f,
2616535,t,2026-08-03 12:13:25.405386,09431dc96075539078d819baeb9016e4bea7b2ee62431f94990f53d3d3d8da1f,f,f,f,f,f,
2735605,t,2026-08-03 15:09:15.11033,116210f8598a47a13e0367654ac98910b9f85305484a974689f17d126266c118,f,f,f,f,f,
126789,f,2026-08-04 00:14:44.939992,5299e2ec98ea442d9082c3ff939a3c390b74be599d99ae8463bdebbd249220ca,f,f,f,f,f,
126791,f,2026-08-04 00:14:46.140066,5850d1eff36e3593b6625ac0dfc020fa8477e9fa135a4bb269b19678c29db351,f,f,f,f,f,
2800692,t,2026-08-05 14:02:42.80198,d8336a279e64538edd0dfb6733226c0c07d1043a8f2aa5f1eb72cf719087e076,f,f,f,f,f,
127433,f,2026-08-04 00:17:14.205663,c7aff3aa72b2b2e61bcd614eedd4d22ddbfd10b0227917b5330638c78a2f0296,f,f,f,f,f,
2804265,t,2026-08-05 14:02:49.723827,d93b0b743fa7b0ec346f7988d3a8572c811bfa00e257daec2f543f58551ec7c5,f,f,f,f,f,
2789510,t,2026-08-05 14:01:50.833611,1051f18739390d93e9e173469fe2f160678dcb2ad4336c285af57873baf518fe,f,f,f,f,f,
2874389,t,2026-08-05 13:56:43.508544,eadec660090e576b32a75bd9f4fe60817d395b7a08f6319b51b83b3afd829342,f,f,t,t,t,
2913274,t,2026-08-05 14:04:04.183345,0b47d240d2826cda8e8e9cd5d724bccc0f2b7ed6a866595df939a7543cef8bb9,f,t,t,t,t,
127452,f,2026-08-04 00:17:20.679613,57b9c6d1bf5f28d6ca638febaaa42cb91b82841cfd4d7413d0fc4ceba345909a,f,f,f,f,f,
3022829,t,2026-07-30 12:38:44.641711,46df223bbef2b07b56ce90e7478873cfefce20338777bce5865bcc10e9da1933,t,f,t,t,t,
127449,f,2026-08-04 00:17:27.65514,c83ef37a6d8969bdc7e0ac63fe311a7c3dd02ee6303527d955393e4eca5d04bb,f,f,f,f,f,
127531,f,2026-08-04 00:18:05.197441,8f758610ed7c9a4a598f3aed4404d69359940bb4b50ab23d633413565454ed81,f,t,f,f,f,
2789528,t,2026-08-05 14:01:51.735164,d0978d08fcd994301f2db07828144469b76a56cc9b9b83e53fd17af1a1b11a7a,f,f,f,f,f,
2789876,t,2026-08-05 14:01:55.933372,8d1a0a6ad998ef1d24f8e41d925a696c40173a97f50cc78cf7bfccb13025decf,f,t,f,f,f,
2488259,t,2026-08-03 12:08:44.775519,3e5511d413e161629e52f40bbc57b66113181acbfeebcf3b15cacb68766667c6,f,f,f,f,f,
2514832,t,2026-08-03 12:09:09.027479,eb8177a2df1a0e6274f99e85135a2f993e6e7590f7c945d366d81c04dc79ad71,f,f,f,f,f,
2790002,t,2026-08-05 14:01:58.044878,75990dcca523107023ec05b739a228d047c98960208094f891eab62f905702dc,f,f,f,f,f,
2807851,f,2026-07-22 16:13:48.272952,53de1c388d90111445d5366fab722fa7df5c0ac151aa92a655ab14b43c716681,f,t,f,f,f,
125686,f,2026-08-04 00:05:40.288688,2ae365950cc109dcaa199653368245802ab75b774a4b3283a11cee168ed04b29,f,f,f,f,f,
2790044,t,2026-08-05 14:01:59.235651,189afd5462ad7fa2c6be959063c5bd9330ed60e8b4c34a8a2d606d90ca075fcf,f,f,f,f,f,
2790171,t,2026-08-05 14:02:00.442605,e76a1bc20ddf738a303a8c86310f374128d9bf249de769735cff3bd89b1fa56d,f,f,f,f,f,
2790181,t,2026-08-05 14:02:00.751651,6d19bdb9351a3afa6aa21998009de434b0a5230dd85b46d497edd14bea304ec6,f,f,f,f,f,
2804709,t,2026-08-05 14:02:51.166789,8dace8bafb6864512d5774c2c1b09711d0ee1184b8e8004a7d022709788b9166,f,f,f,f,f,
129021,f,2026-08-05 22:48:29.458961,560c957e5ab9091641fba7fec09d91c82523d71f702680860accf0243b6fae80,f,t,f,f,f,
127117,f,2026-08-05 22:51:10.80853,a8ea67106a34af2383ef1a24192c23766374295b5ffcf335a80e9d2f5bf8eaa0,f,f,f,f,f,
2807380,t,2026-08-05 14:02:53.042266,db54c95de03f26c3aca372a9f516b95afe7908f568d602e6b9d474371608cbf3,f,t,f,f,f,
2807912,t,2026-08-05 14:02:54.174492,07e8e11cebf63375a3b211b6b8e0d74551d2150b210cdd24f47773dd7dc45a71,f,f,f,f,f,
2789872,t,2026-08-05 14:01:55.335538,b8804052e183ff8e2cbd9279ad8eb09af906e18e03984fde7974f72ef3a2879d,f,f,f,f,f,
2789875,t,2026-08-05 14:01:55.641257,0c2f433d56f092f641e1a8cb4d9bd8fad115b0e3c7f015d2e692cb8fa627e431,f,f,f,f,f,
2792910,t,2026-08-05 14:02:17.255024,908e2d2012da3710645f852e22536efea69938d53083ec3201c21e11bcdd4081,f,f,f,f,f,
2793907,t,2026-08-05 14:02:20.255486,339bdcdf4b3f984d7e29638396f8dbee023f31f955eac38c92c1d3b6eb7c7059,f,f,f,f,f,
2795208,t,2026-08-05 14:02:25.956384,625615cbcd025d228c2d0ca271201da671e8ebfeb17e18f1aee0019c556623f6,f,f,f,f,f,
2903557,t,2026-08-05 14:03:27.25985,1e380fbf5323ff2493a2910287c1ba2fb8bae9aefa62ee427dec46ec8e0dbb5b,f,f,t,t,t,
2893995,t,2026-08-05 14:03:16.153896,c657bf45ab64e960d969d523031cbeb614c55dd9a25c88499efaa35acf44f40f,f,f,t,t,t,
2907986,t,2026-07-30 12:38:44.641711,46bcf795ff473021c16a5daf61aca95a0e54da34d2ea71bb82a9e7d144105f94,f,t,t,t,t,
131865,f,2026-08-05 22:56:50.089095,ccfb9c1752092e4b4c755b247391b4110b13b852253e080b8feb1570e9e37c02,f,t,f,f,f,
3533115,t,2026-07-30 12:38:44.641711,7345a9329dd478d67c645fcdab7086f4febb7ee80060f25c0b08fa9d7ed04ee2,f,t,t,t,t,
3576753,t,2026-07-30 12:38:44.641711,1550d425e558c55499015954522b2f4fba3725588570411a314001c51a6f6753,t,f,t,t,t,
129940,f,2026-08-05 22:51:50.04279,381867afed4e4fd2a0f09e519fa41d72f43c1e09f905815baaf6924bf2dee983,f,f,f,f,f,
127535,f,2026-08-04 00:18:11.702465,b00d25afae5eb03a7b5644131583f16b8fb744dc59f6e711fa10f90f815c8f29,f,f,f,f,f,
2782478,t,2026-08-05 13:55:07.670181,fa3e4d5a188b9bc9987e2161a6ebdaf382b4f4ee4d4ba8baaf74d683e4863a26,f,f,f,f,f,
2754430,t,2026-08-05 13:45:21.996941,b59642584f06d70c6b9add8c227c4a2460c22ebced3e23955ccb280b5863ffa3,f,f,f,f,f,
2791407,t,2026-08-05 14:02:06.140392,eb6970fb34e0dcab4d967044bd72549264c8247aaedb3308acc3d82e51a8269a,f,f,f,f,f,
2826630,t,2026-08-05 14:09:49.194472,e65e1c81eb3139774ce0f5c85bf404ced543370360c91bbe1e6eeca80df62ddf,f,f,f,f,f,
3082541,t,2026-07-30 12:38:44.641711,c639cc8fd1b46911faf4ae8004e87ff8e221649443764ec0f6599de53eb712cb,t,f,t,t,t,
128998,f,2026-08-05 22:47:55.6115,38080fa866f431b9814c1e35a3f2b6e38cc20d3f709ba9f23c4c7aebc0c275d5,f,f,f,f,f,
4069125,t,2026-07-30 12:38:44.641711,6ea25332e0616c938392f7e103eea44db2d014febab70ba6fcb849a859f876c7,t,f,t,t,t,
2892877,t,2026-08-05 14:03:14.052879,a87d00335ea031e9bc51104b6389d8c904e2e3e3bbdd34b5de679f9f4adb4038,f,f,t,t,t,
2903512,t,2026-07-30 12:38:44.641711,eec2b7d0f8d93e4c34b67d4fecc18ce8534fb474ba7302405c6e426ea4dfa821,f,t,t,t,t,
129714,f,2026-08-05 22:50:43.976701,27f1e181026eddf7285ca105bcec42ca11cd17e59343001e44555ace9944a2df,f,f,f,f,f,
1922074,t,2026-08-02 15:09:07.273923,79722ba0b796dd3fc4d97945dacc38e33b4e85a6fd08f4aa04881c7cbfe13782,f,f,f,f,f,
2839772,t,2026-08-05 14:09:56.697259,c7c9bc6f634d109a25c8cdeb504a860402cabaa42b2cd2d58aa73ff36f01f425,f,f,f,f,f,
2747957,t,2026-08-03 15:09:35.522955,6292c58c086d2e83cd71754266cf474ae8f6f52847a99802018a1808c5539997,f,f,f,f,f,
2748011,t,2026-08-03 15:09:35.826793,8ecacb0b4fab35cce08b86bfabab25b1dfc7f63bbb222393c234540b1c75ea8e,f,f,f,f,f,
1967383,t,2026-08-03 12:02:45.504916,7b28c8905a706d45f5d1b610d1bb9d2c6815b4769cbba7e929bdfe171345b07b,f,t,f,f,f,
2514914,t,2026-08-03 12:06:58.529112,307020fe8a5d8198591eb0bd15b211d250b053c51a4bbae993abcabc804ebbc9,f,t,f,f,f,
2908152,t,2026-08-05 14:03:37.467769,0d4ab4c2560ab8f846f69d7b56c633a3895437400378ee27c9b3612a8cd902e3,f,f,t,t,t,
136093,t,2026-08-02 11:59:53.289216,1e775e83209f659514d636585dfe201ec533d14bf8638f493b428151ed5bf7a4,f,f,f,f,f,
134479,t,2026-08-02 11:59:44.373335,b61c1b00f96292f0c82af46339dccead482dc5be632814aa56cb87409c8365d3,f,f,f,f,f,
736620,t,2026-08-02 12:10:31.718252,3703df8cb09cdcf286a91d3846bbef0cfa425b0c50cd662b1673fcac17601b70,f,f,f,f,f,
706243,t,2026-08-02 12:10:29.018447,5234fbd4f96a86f07e0b657e38b784ee830911257f585a1718cdd48b491da60d,f,f,f,f,f,
2514924,t,2026-08-03 12:06:58.830122,06519f8f3795bf2b5e59981d4e294310ea1c203de69f0f12b0a5cc635e5be95f,f,t,f,f,f,
2514954,t,2026-08-03 12:06:59.120814,46694ae27c5ed03a26d1ebc9324cc330f4ac22df7fc8f55f1240f04e2383c1f8,f,t,f,f,f,
125651,f,2026-08-03 00:07:54.777973,339f3b4856590f7aafe7b870200674f5a288a169fae36f3aa05d48ccb2b640f9,f,f,f,f,f,
2913252,t,2026-08-05 14:03:59.688436,91b2b5e894179dd2d7c5503683873a2580145e70ae9aa5e46f45805724c79708,f,t,t,t,t,
2514802,t,2026-08-03 12:09:07.827624,d565a95766ab4086749129f7edd85afa06a84c0e5600dac9699080e53905ed8b,f,f,f,f,f,
2514956,t,2026-08-03 12:09:10.522038,dd239a56a930800d2374624df1819be8681c53f88eabd8de84aadbfc834c5843,f,t,f,f,f,
2514792,t,2026-08-03 12:09:07.525044,aa5c12e1f90e0a62d979321ea86052283e67479fdfc628f2621a7bf8db601ae0,f,f,f,f,f,
2514959,t,2026-08-03 12:09:10.824387,09bb3df4f551725fccc2fe7d569b6552f6823947e98b534746fc1383ef3a7748,f,t,f,f,f,
2514964,t,2026-08-03 12:09:11.127247,ebad89d2ec6b03efc83edaa445b1fee3b6ada5bf85406fb615b24b35d24a6377,f,t,f,f,f,
2606186,t,2026-08-03 12:09:45.65801,c009002d292e704eb62f4db0c9c5626b32be5353529bf298ae0e1f08031c1ff9,f,f,f,f,f,
2748045,t,2026-08-03 15:09:36.136513,7b73cec3fa93063ce93dd4256ffc136ae65f9b3ca8bf58ebc0d5ce0d23754f72,f,f,f,f,f,
2774690,t,2026-08-05 13:54:23.518398,e95268705edb46a47b6e362eeccc0abfca2912145cae29af8da065a298d63165,f,t,f,f,f,
2774695,t,2026-08-05 13:54:25.016783,d48936adaf2f22065767027f111d7f1bf9bfed8c8056831f3d62b81ed83cf14e,f,f,f,f,f,
2724982,t,2026-08-03 15:08:45.698846,746cec1ad7ba4406161a37929980c41d15af736babc3c04fb8e7020aa8f5e20b,f,f,f,f,f,
125752,f,2026-08-04 00:08:47.431928,69c030945222efde4ec81da18d3192b80811980c512913c3faefb66dd894c884,f,f,f,f,f,
2733989,t,2026-08-03 15:08:58.305015,fefa339dc318d621752217204b615811aa8abd4224a48be5bdd3edeba9f3a109,f,f,f,f,f,
2782486,t,2026-08-05 13:55:07.944756,fb6292f2080594a9323416f5c70a5d1f5753d27be1b5c10ad0bfa8bae050bb02,f,f,f,f,f,
2734062,t,2026-08-03 15:09:03.408771,466c719451fa6539bba89c4ffbdb4c359a0b3c084dc4b35380e6a72e26b782b5,f,f,f,f,f,
2782509,t,2026-08-05 13:55:08.848306,14f4566581dd113786711143fa5aa35509e1493f8f156fd7592a9a0419bed97b,f,f,f,f,f,
2782565,t,2026-08-05 13:55:10.343371,7fe6fbac3fff9d64a98a120ed79affce38c1b10126d99875a1dc8ebe73edf928,f,f,f,f,f,
2913276,t,2026-08-05 14:04:04.483295,885a7f013c6a13661dcae70eeaabdfa0c233eff21a18e0a61d6be1ed3a31e142,f,t,t,t,t,
2913310,t,2026-08-05 14:04:14.089908,c470fa791b472f1bb4d0f9da06b7a4a205e69c8285b50aac9e454f62a5d37247,f,t,t,t,t,
2837935,t,2026-08-05 14:09:52.792548,381c4b84d45e3808ea493f6020f3c6e4187824c638acc0c83cc757bbb2fd5b05,f,f,f,f,f,
3044611,t,2026-07-30 12:38:44.641711,59baa5cca57824212873f2ffdd617d3f3212fab3b5d63c8e4847d169e39766dc,f,t,t,t,t,
3428008,t,2026-07-30 12:38:44.641711,ae2fead9d168dbf31bfb259874e42cb2164a57f94b79ec2582e0fa2ae115a0e9,t,f,t,t,t,
3533003,t,2026-07-30 12:38:44.641711,c940aee7b5f51fd1e811ee01ed381c04abab27fb90d6995b4938b6f9ba6b8b1c,f,t,t,t,t,
125795,f,2026-08-04 00:11:32.807718,943e9f7ab0e9e03f135dabfa53633cf6b8f6bd096c65396ee0810e4687e2b4b6,f,f,f,f,f,
3038535,t,2026-07-30 12:38:44.641711,f457904d52e984b92a5451a20e0766089ddbca64279a3a2af57b5fdf67d5ee8a,t,f,t,t,t,
3072044,t,2026-07-30 12:38:44.641711,be22eaf7c5973d12d03ab861188c21aa3d00f97f37b091eb4e584e023b89037a,t,f,t,t,t,
3082568,t,2026-07-30 12:38:44.641711,89c9bfea6926abc443a5a146813123de2e956b4764633378c2d3d155080ba888,t,f,t,t,t,
3469367,t,2026-07-30 12:38:44.641711,c4031358fa25f6687bbd48d660200070186d659ca3b6b201b157f14c2610f3ab,t,f,t,t,t,
2777043,t,2026-08-05 13:54:43.32489,67b2dcd9e875ab62f49a9fb4449011a237c45ce09d649fcf84d73f2bf89ea306,f,f,f,f,f,
3434330,t,2026-07-30 12:38:44.641711,4a14edad288930b221768ec8a5bbb78e0fcc5d04d82aa49f7de08378472ca068,f,t,t,t,t,
633536,t,2026-08-02 12:09:54.331595,7ccac76e5b1d4f670ef271565823f5f227080d7c00a19c6589ebd50c110725b5,f,f,f,f,f,
125773,f,2026-08-04 00:10:04.811187,ea34cbf133e4759a80c66f1d2a83273b5356249a9ce6a9e3a713992f26cbb77c,f,f,f,f,f,
126738,f,2026-08-04 00:13:58.540722,0cfb188f386947b4da690a5bac3c049bc0c83e69eace65e8238e8e442c92f1a3,f,f,f,f,f,
127805,f,2026-08-04 00:20:02.110031,fcfc553efb643def4309e73f8fa988e84d9d29714b145501e5f23abee21d1dbd,f,f,f,f,f,
134091,t,2026-08-02 11:58:13.356958,3a9977d818eeb523831352a1afb3ded44e7ce39e2f269866e3e2d13c2e81f6c8,f,f,f,f,f,
2744430,t,2026-08-03 15:09:28.321401,175e4c98f3bd6c78bfc41e7bc1dab808f481bb5c5a747d8562efe7db47a49e78,f,f,f,f,f,
1910256,t,2026-08-02 15:09:04.864511,f610d2c64f48959ce4be5f11d2f790b9c4c7cc0d72a9d72cf5cb59524bc68e57,f,t,f,f,f,
1955961,t,2026-08-02 15:09:15.072218,9eb41f700bb88ced3d09760079dbfeb89083d9d11de9b87ed1bcc97be50476a7,f,f,f,f,f,
125702,f,2026-08-04 00:06:22.902188,ab5747f87a749b56b91af25f41766fdec81adf10e5e4d0e0fbbb94c70f83212e,f,f,f,f,f,
128562,f,2026-08-05 22:46:11.089162,a7d21fc53b4c1f9f7e796f12fcea66d20cc414419da5e49adc9941b06f41d6f6,f,f,f,f,f,
129022,f,2026-08-05 22:48:47.496515,7cb66412d6b1196cd7341c05682e6fa1e0ed667956c6e81a9340188509df252e,f,f,f,f,f,
129819,f,2026-08-05 22:51:23.855815,25303ccc8579562dedc45bfaffdc7cdcdb0260c5926d070cdab7f1aa00b93d29,f,f,f,f,f,
2773621,t,2026-08-05 13:46:34.328511,89dfefefc1ae4dbf0a5323af6b046071a52811a68f9c099b3b7c8d093ee7fc42,f,f,f,f,f,
134090,t,2026-08-02 11:58:13.267782,75dd638eb154588a76ae8585940d6c210b4471efba00b429415e49cfcec73ed7,f,t,f,f,f,
125589,f,2026-08-03 00:05:41.807369,8d523894a61493512b43a31570bb9a23688f45db60a282000b0eb4d5692bb726,f,f,f,f,f,
2710736,t,2026-08-03 12:22:45.795785,289ede672ae2b259d39d27ff352908fa7e0a3af7888b57151990144c66a35547,f,f,f,f,f,
2710823,t,2026-08-03 12:22:49.049621,139f6c2da314171a900546eb00d09420cf3013873c244d9f743b9c2207e7f816,f,f,f,f,f,
2710838,t,2026-08-03 12:22:49.651724,0db74cbf2a4fb424cf7d53bb7b67405bbca5b30fea4d23080fd85d943f456a36,f,f,f,f,f,
125650,f,2026-08-03 00:07:49.761013,7ff642681a6dbc27da66034dab87cfe5d64b05beec18163fe4a69a49cc50fded,f,f,f,f,f,
2710849,t,2026-08-03 12:22:49.954819,e4c1ef1f897afdafb08386b5e8a086861465627a3304a336680d6f9b88a92543,f,f,f,f,f,
2710726,t,2026-08-03 12:22:43.949109,3c1de7af77dc2f0ab405720ce2f49f0cce9e1045a270a6561a620fce86dc97ba,f,f,f,f,f,
2713784,t,2026-08-03 15:08:10.266799,0ec93b75c56d712b5256aff5dd8f90927b3e452cb4c07b0bf15a643bab1db7ea,f,f,f,f,f,
2710737,t,2026-08-03 12:22:46.049283,49a785c7977bcb86ae19b7b90384e0a7bb2b58879f53bc4e3123cb8429594a2c,f,f,f,f,f,
2702327,t,2026-08-03 12:16:57.199714,9072f9d81767f51b5605df1c7fe92c53acb2d2ecb6a0ac1291a33d4a326dcffe,f,f,f,f,f,
2714816,t,2026-08-03 15:08:21.681449,acae85366f5d5b6a5cdbf45c567818749f34a63babbea2c6494fb87cc3444990,f,f,f,f,f,
2714824,t,2026-08-03 15:08:21.982188,6200634573dc1b4152bfb70ac036ca2176cd6d8cd88dd8c6c379fb1d8352f904,f,f,f,f,f,
2717122,t,2026-08-03 15:08:36.082307,059191617dc0af4f25099082ef75a6d90b428bb4cb1351568f4295fc210249f2,f,t,f,f,f,
130057,f,2026-08-05 22:52:12.581768,150477b59c342ccc699a8ac84d5c2c4b206a12f9f5f7c906926ef8b39a48d7d3,f,t,f,f,f,
2717260,t,2026-08-03 15:08:37.290135,7fe1adcc47fb46ab4e4dc567d0eb8662965738ae00eecd2b0e6612e5dba65c6e,f,f,f,f,f,
2752126,t,2026-08-05 13:45:15.994937,16f606af24f1bd2b9f8c97c8919a7f2243eb02342ecf9297063b9c8447fec3e7,f,f,f,f,f,
2754435,t,2026-08-05 13:45:22.596509,10a6670a9e60da98e240942f6c68477e654dfcc4cdc0c739d23a604062334b51,f,f,f,f,f,
128803,f,2026-08-05 22:48:02.123858,98dd41242230833631ed88b9324a31acb8a01e5744ecb3e6883de0eeb75cad2a,f,f,f,f,f,
2754446,t,2026-08-05 13:45:22.917001,e11b15a45880120b9d8cb9617f508dd15e6357b0160c88955622c63767e22a4f,f,f,f,f,f,
129669,f,2026-08-05 22:50:46.048263,442166926a788ef54972bcc5ed72980ce0527a1cafc572da899a9cd0a64293d9,f,f,f,f,f,
125716,f,2026-08-04 00:07:14.064615,7d7e4f5f50961206a391ee5f1086f9b449651329fe8bf32240c748cdb9958276,f,f,f,f,f,
125685,f,2026-08-04 00:05:40.76955,7a9e6c20f7a19f43e5a9cd1649d3fe8ce2654437944eebe89cd9b5844da80126,f,f,f,f,f,
2902954,t,2026-08-05 14:03:24.858269,2b784641a3493cab05c4acc221c15140c9ff44d1ab7c2f765262faa84190c82d,f,t,t,t,t,
2903122,t,2026-08-05 14:03:25.764165,2c0c27bd1478f7830fc45b4ad0a492aa2058af1de739e9b0e1d4fa8535e6a786,f,t,t,t,t,
2903591,t,2026-08-05 14:03:27.562959,477e614a7a8278516ad75420058d83d92a3d0b7a9a91a22515097ccede7413a9,f,f,t,t,t,
2903606,t,2026-08-05 14:03:28.165377,da08a1f8975133239609abc719fcf13ebaf60814fbc9699481f2f1f057c3f231,f,f,t,t,t,
2912216,t,2026-08-05 14:03:49.169645,8af2b437afc1ef5e98779d852e75597a8824a036db9b0a921013ea67fc9d119a,f,t,t,t,t,
2913331,t,2026-08-05 14:04:17.987811,d6cdcea46cb6c092c32c72e826a59d349f2116a0e52823e8752221f747692b4a,f,t,t,t,t,
2913633,t,2026-08-05 14:04:29.449485,fa6d0ac0a0ed2b4c9652f59e4f2485f307ed9ea2ab9e266b6fd7173a995eabd5,f,t,t,t,t,
2839688,t,2026-08-05 14:09:55.503216,8f720b57b2b7421a7e1a3e640f7d58d823efee78a35eaa1c168ef6bda635ecb1,f,f,f,f,f,
2913902,t,2026-08-05 14:11:03.168838,27bdf92241fd9f7aeefe122cd6eaafcf2c177725c6efcbd4c53d266c9cec81ee,f,t,t,t,t,
2913903,t,2026-08-05 14:11:03.474817,5d4da690648c23e1f3c9a77e5e9399121b9d31cd67788583d85acfe3567d3724,f,t,t,t,t,
2914112,t,2026-08-05 14:11:04.964753,58b95092271e11928f9f730438714bc15909029010d0883407f6e890caa371d7,f,f,t,t,t,
2916001,t,2026-08-05 14:11:08.866349,ccf947751a0eec7394120326921b7d1bbaef20aecd72b0cea087cbd3bcc7fcd9,f,f,t,t,t,
3305846,t,2026-07-30 12:38:44.641711,3f9c03db5fd83b04b4728d30a38679bbad65ff06bd4c3f9d45d22a1fbd44320d,t,f,t,t,t,
3306966,t,2026-07-30 12:38:44.641711,f6766bf430c23a8bd53d320ce55a2a6e743cd50d21c0f62f8f2ec4deba7a5f11,t,f,t,t,t,
3306818,t,2026-07-30 12:38:44.641711,c3c68f8edb03949546857b43cd87ce1f4e26b08b353cc2bc7be0abc04a60c9de,t,f,t,t,t,
3306408,t,2026-07-30 12:38:44.641711,9e84e0204c1d6c0cf75d4330a9c136145912ae56e2ec5089b10b481d697288c3,t,f,t,t,t,
3306880,t,2026-07-30 12:38:44.641711,b57ba429426abe0190908139424b9c1d30bbf89a916e585dc7d9a9b9d8e688e6,t,f,t,t,t,
3305839,t,2026-07-30 12:38:44.641711,ab5b4f9967b42778112c23f4307bb6336029b34a6603a5f5f7dfb0190c1ee6c8,t,f,t,t,t,
3305829,t,2026-07-30 12:38:44.641711,4886309f0668ffe5b6fe72fcd8d349be293c0e17aa0f019cef01659212fc3bc9,t,f,t,t,t,
3306658,t,2026-07-30 12:38:44.641711,eab0c9debb4f06cab9bdc0c917b8724bd5fc1ca72cf42916d3f50f22034ad928,t,f,t,t,t,
3305450,t,2026-07-30 12:38:44.641711,295117a8859f4d1e0628ce7c5ef7fe1e1193458a06a799995c870e16a63911a6,t,f,t,t,t,
3306720,t,2026-07-30 12:38:44.641711,e84cb4ee575b773ff339425d5591695e219e6932e1490c68e2e6b852933318b7,t,f,t,t,t,
3305379,t,2026-07-30 12:38:44.641711,88b23de3e8abf5e61394ab717972383dd5f4cd0babd2aee272ad01be09d877af,t,f,t,t,t,
2927413,t,2026-07-30 12:38:44.641711,b065303705e960ef445a30cc5ca098d23973cb5684da8a0569268d228ab123df,t,f,t,t,t,
2925466,t,2026-07-30 12:38:44.641711,31b7a2c52881c59df7a7d380a8b4cfcf863d9bcfe516fb7ca971ec4a48bfb75e,t,f,t,t,t,
127135,f,2026-08-04 00:16:23.729683,2d14e0659571974692981fe0581765d06f6df19ba1c54a97dfe46fe87e445760,f,f,f,f,f,
3479339,t,2026-07-30 12:38:44.641711,0ec022791b87b08c664eb32f813fd8592f13ae78206180fccc48befe1fe577ff,t,f,t,t,t,
2927441,t,2026-08-02 07:49:53.028378,ea6cbdbbee6b737ac9b283901dde6e72bc2f4c32d2283250e4117dcac1bf4821,t,f,t,t,t,
3558855,t,2026-07-30 12:38:44.641711,c1532dab93326833d6caeb9c57bad5a27df40c36c28e1bdeae2f3aceb4701b4c,t,f,t,t,t,
2839872,t,2026-08-05 14:09:58.206654,24bef8de1186bf9d76e043826e8d7edbdda7d33f6f53c01500f48badaa698fb2,f,f,f,f,f,
2946583,t,2026-08-02 07:49:53.028378,07821c23711ac3c00decc5e68f3ed4f3fe5af2d96627d728bd77fb657cb55769,t,f,t,t,t,
3072225,t,2026-07-30 12:38:44.641711,c33707da3be431f9d57a25c166baa64cac8d74bb3fede9629780ea107c7bcd3c,f,t,t,t,t,
3044606,t,2026-07-30 12:38:44.641711,2c72dd84ef4979052399e929105d7ac1174a8a9d3124f3dcb59e2a41b17b109d,t,f,t,t,t,
2892660,t,2026-07-30 12:38:44.641711,8696f20456017bfbe0cee33cc7ca98a77142fbfc40c5d93ee8b280544ab790ce,f,t,t,t,t,
3089133,t,2026-07-30 12:38:44.641711,5380b36de1a76754486c4f82ac3d9d84beb4284b28063a317e37502864c09fd6,t,f,t,t,t,
3072009,t,2026-07-30 12:38:44.641711,54e389f23d1adee06445bc0a20b08df43b0a8db231a00dcb958c80e1451b6d99,t,f,t,t,t,
3082559,t,2026-07-30 12:38:44.641711,c36cd6e57f750995e1540ae23a54657ddfaab1d219be3f5ed3db2b556b4e4fc6,t,f,t,t,t,
3072010,t,2026-07-30 12:38:44.641711,833d7ea68a8b2af13da564608623daadda6d16ffb93dca25b3577c389ce40a93,t,f,t,t,t,
1830997,t,2026-08-02 15:08:44.168503,0eca879925a007d6c92ef5a0026d1b39543bd34d80fe3783033cd6a8783e1573,f,f,f,f,f,
134786,t,2026-08-02 11:58:32.678619,b7948bfc7b1ee395afc3887782dfb74bb15ac6592fa6dd47a8272d9a11204066,f,t,f,f,f,
2892381,t,2026-08-05 14:03:08.949479,d022bae89a5f8ec73e21e755768a048e5c0a31257b5fabf512cdcad4badcf681,f,f,t,t,t,
2500865,t,2026-08-03 12:09:04.820383,c15c05201572c0baa604006bb26362127473bb2086caebe8dc13b430eac994e8,f,t,f,f,f,
2908194,t,2026-08-05 14:03:37.764509,f0e1d5176dd135804035f783d1c757ca18ed182482cc636da1562e7ea89ddc2d,f,f,t,t,t,
2913241,t,2026-08-05 14:03:58.474782,711fbe08c1e5c5a7c17011f1a55d236efa5ff4a286d042e02460c4e3383b3d6a,f,t,t,t,t,
139818,t,2026-08-02 11:59:06.183783,f789a5d0c70c06a8975cf59caf864d979f6a6de0d23d31a820a9569fc6fe455e,f,t,f,f,f,
979536,t,2026-08-02 15:08:13.546508,4137d48f54966c716a28a0dbb3ae6a80ed1f5911a546b344353cdb1d1f0e84d9,f,t,f,f,f,
138900,t,2026-08-02 12:00:39.414096,7e6cc779945c5ccb52b7b5bf2baf5bef6d5878e7a7b701c29bb258c2a38e7576,f,f,f,f,f,
2501905,t,2026-08-03 12:09:05.119398,313f27a6190cf2f21f8f0e16114b61f07f0b6c6df88d3e8a0595e8a2414be8b9,f,f,f,f,f,
125682,f,2026-08-04 00:05:21.494234,dc36355281deea720546c34b96a2c89bf3d75f626afe90b91f4b88af0652cac5,f,f,f,f,f,
128288,f,2026-08-05 22:45:16.811669,4f75a7a281ea8f7732b953cb139f0c60c863dda576686acf62231615140aa681,f,f,f,f,f,
2712951,t,2026-08-03 12:22:58.364107,8d2239697b413013df7295e0e3dd6f57b405d319dc8a591eebadd97962c38352,f,f,f,f,f,
2488920,t,2026-08-03 12:08:45.076865,1000150a9c54c9611bf603bca3b38fa4059cdd901d621f6227604189b4621b51,f,f,f,f,f,
2714661,t,2026-08-03 15:08:17.472984,6d96e726d0ebbe48ffdb0b74bd1e147fcdd4fa3a4849a2ae722f9f0f5cfa9b1c,f,f,f,f,f,
2754429,t,2026-08-05 13:45:21.690305,7d66c33fd2504b34a18825924483e9e87fb2c311ffd7f3c1c237e52bf4a6f0a7,f,f,f,f,f,
2713095,t,2026-08-03 12:23:36.056332,b392987ac70fc499ad6d53b3fb145bfa2dcf9d94ca36b2140a803a978850cdc9,f,f,f,f,f,
129033,f,2026-08-05 22:48:48.672889,9a1726823fd0e4d57a60bfae66070766988fc4b3372e95b493170947367b7cba,f,f,f,f,f,
129417,f,2026-08-05 22:50:00.598416,b9e7da0fd369830e5dfe74a95f0980c50dc749fa8d6ae59f3aabf26550ba1562,f,f,f,f,f,
129584,f,2026-08-05 22:50:16.376126,66e638aa21b045eab3b23af859450c63a2c697e8e213af9167c4567c411072f7,f,f,f,f,f,
129598,f,2026-08-05 22:50:28.612153,36f3c5569e87f4d6f53f4e6b6eae563a41a375983986ce756e08fc2e7c9d5b9d,f,t,f,f,f,
129683,f,2026-08-05 22:50:44.866186,40258a9c0d93d3404b918af8f44bae3244c8cb37c540a4d51116f1ab7a75a5cd,f,f,f,f,f,
2913244,t,2026-08-05 14:03:59.078499,ecb84836db7609c20aba4ed9544f3204812b69f60ee3710433a43e7b5d94c92d,f,t,t,t,t,
2913450,t,2026-08-05 14:04:24.348539,629364be53f40ffceb91704f75d50de7635fd83199926aa3dec297e45e58a93c,f,t,t,t,t,
2913607,t,2026-08-05 14:04:26.747034,c847fc4858e5abc41583c2861216fff0f79ed76945d04b4452db826c3b4815a0,f,t,t,t,t,
2913609,t,2026-08-05 14:04:27.050875,0d8082e8b64e0d96185885e574a6aa9198494525f65d5717c6f917d43e472849,f,t,t,t,t,
2913616,t,2026-08-05 14:04:27.945908,01231b7f97e575261dd2654d566365e0b4b9d1c2d0b412c55094c65d08feacfc,f,t,t,t,t,
3307614,t,2026-07-30 12:38:44.641711,e3788d131664c9bea236d403404dbef2fb46b835a89e9ea8c89fe3d02e1237c2,t,f,t,t,t,
3306980,t,2026-07-30 12:38:44.641711,41c64dd9f254f94534e3e04e8d820a2e1f775e265b70f9cfa8b82e7f143615d8,t,f,t,t,t,
3307177,t,2026-07-30 12:38:44.641711,b306991d8f07886707884805f281e05e3ea91f0d1fda45a0da929d24fc3bf575,t,f,t,t,t,
3307628,t,2026-07-30 12:38:44.641711,c5bfc4ef1f6c8502b54df1eae2450b911564dc25dbba571db87e595acff0288d,t,f,t,t,t,
3307671,t,2026-07-30 12:38:44.641711,852175ccc4e470f00cb309c0c1fc9effc5c19abf6075e6ca558664c107bc4177,t,f,t,t,t,
3474157,t,2026-07-30 12:38:44.641711,404c72c7bb5ab92300ae83637436cd231a6894881e4172373986fa45d2434b65,f,t,t,t,t,
3458062,t,2026-07-30 12:38:44.641711,06db999605aabb72d79341cc4cf64c321bb6ee0e99ad93380498c1fb3570b5ca,t,f,t,t,t,
3454461,t,2026-07-30 12:38:44.641711,cc2c89313ccabe7ddf1ebe158e0d6081ca81f2903e20899fce8b7152bb1ade34,t,f,t,t,t,
3532895,t,2026-07-30 12:38:44.641711,9ad3620876f445993a6cc3018dc72ee025cedb76421ea46cfd18180cf35deaea,f,t,t,t,t,
3532758,t,2026-07-30 12:38:44.641711,b558ab913054a7c746f9426b23d06d6c787373eb665f672fc01742b473584b36,f,t,t,t,t,
3532949,t,2026-07-30 12:38:44.641711,bdf2bc161216205b4d52ed48f1d968d1b5a99a29de8b6792d60c4bebfedc2672,f,t,t,t,t,
3532877,t,2026-07-30 12:38:44.641711,c3eb36dff941745ede9b827e817eed6fbb4572a0ac97be34e095fc358aebd4dc,f,t,t,t,t,
3532451,t,2026-07-30 12:38:44.641711,14110cebf30e9db79add585769db35a4a90647825065b8bc829b272b52d37185,f,t,t,t,t,
3532430,t,2026-07-30 12:38:44.641711,b515f28186719e84c89bc467bbd45c5a42a21e767b58d5ef382691d80d8bcb02,f,t,t,t,t,
3532413,t,2026-07-30 12:38:44.641711,f049bf0ac97f07b3984038fe26d2a7a0361eda9196fd070a6fda908d8bdfe2c1,f,t,t,t,t,
129676,f,2026-08-05 22:50:35.49216,4a50ddd53b9d022e92097d9b8e1ce188dd0e93f01a84e795985f52f009835493,f,f,f,f,f,
2913842,t,2026-08-05 14:10:58.953764,48ff045c787c8862f47a05756a1b33d0646f74d8b9c5edaf16a4ff8545c29ef6,f,t,t,t,t,
125621,f,2026-08-03 00:06:44.203306,2a745fa1c0faa19f8336d856814e2b2168197a57be121f54a784d6ab2b6a1b3c,f,f,f,f,f,
3532452,t,2026-07-30 12:38:44.641711,d33c073a0ad49eea4457112f8727dcd5f09bba8dd30316290975ba0240c93f3d,f,t,t,t,t,
3532262,t,2026-07-30 12:38:44.641711,d4524b94615694e736a8fcd4ace74ceddfdf4c1cff5154e46b0d5c655dde1145,f,t,t,t,t,
3532619,t,2026-07-30 12:38:44.641711,2fd6c7c4e343da5707dce98a3f8490546f4b4a8918fe0a145b5a65f4107fb761,f,t,t,t,t,
3532464,t,2026-07-30 12:38:44.641711,3b5d449318dafc1944c1813a3ef3e0400fc398ecdcce151fd241bc8fe417c377,f,t,t,t,t,
3532478,t,2026-07-30 12:38:44.641711,ec5d3bcc3465c48024c8db7ff1ea8c598592a6bf10c4e1e0e3bc0624d82b48d8,f,t,t,t,t,
3532862,t,2026-07-30 12:38:44.641711,a7e58d56d305dfe27779c4abbc52743c72ae4c2e353f00709a26b13599e87c6e,f,t,t,t,t,
3532714,t,2026-07-30 12:38:44.641711,90efc8d1da23de17fe8363efb49b924699ea127142a0d5d1ab4d594bdac711e9,f,t,t,t,t,
3532775,t,2026-07-30 12:38:44.641711,7daa6a4a1a008d570e8f4c91db4214d3f8584cb2ae8d78cd2ab4b52992b35064,f,t,t,t,t,
3497939,t,2026-07-30 12:38:44.641711,f6b0c5151caeed1f1d9aba665f24334da308934aad3f921c3a639ec3360c01ea,t,f,t,t,t,
3417598,t,2026-07-30 12:38:44.641711,b3787a5e69a258551f652aa889c6ffd3d6ecdd875f3384c8510d4b040e1bf33c,f,t,t,t,t,
3422832,t,2026-07-30 12:38:44.641711,652fed31e190573d4a96157b4a96fdb1f03b2bbe86aa15917bbb4635990aef5f,t,f,t,t,t,
3489648,t,2026-07-30 12:38:44.641711,2f1d3ed6babfb47e537d68faa88c12bf95fc3c973a851dde111a3dcd3278d0d0,t,f,t,t,t,
3343075,t,2026-07-30 12:38:44.641711,61893417a4ba5141a8d623df562d789f633e1c0eb49f019c420332fd11e528eb,t,f,t,t,t,
3532144,t,2026-07-30 12:38:44.641711,6deb0788931ad14848aede5eb437bf9c319c269def7c27d17efe76c80e7e3e35,t,f,t,t,t,
126891,f,2026-08-04 00:15:11.786003,db006f2c31fcaf41d25136a6cc8e361164fda35b703d7cb95b623d214e70f742,f,f,f,f,f,
129889,f,2026-08-05 22:51:54.5237,68745d785a6492d1956f6ab0c8c60f46fc0fa053b1f50397622e47879adfafe7,f,f,f,f,f,
2777254,t,2026-08-05 13:54:44.22635,bedf766b22745831c265d95754db69d14175c9a1115a630979ebba2d668bf841,f,f,f,f,f,
127037,f,2026-08-04 00:16:05.180764,29f230df6007815b0d80e083082cbd14edfa2ca72b070e9716eb32055a5d67e2,f,f,f,f,f,
3072439,t,2026-07-30 12:38:44.641711,62a6dd373d06f92b1c68c0232e822592a062d185211164c1f7bec9567f3069be,t,f,t,t,t,
2754490,t,2026-08-05 13:45:23.822713,cdd258b2a61b76cfcb9c4263ffaa66572067e83cc399a2045d2a589efe463444,f,f,f,f,f,
2892438,t,2026-07-30 12:38:44.641711,baa7b5d0e9125ba187d00f80a611cd6ecc5e9a3c647480497cc48dfd76685326,f,t,t,t,t,
2914325,t,2026-07-30 12:38:44.641711,fe0f96fdd46c28d26d73759c2d231bd70d94fb238d05fcb884e48982a10d810f,f,t,t,t,t,
3082578,t,2026-07-30 12:38:44.641711,aa0e63ff08b3052aa9040d555def66d473d4e09375859b80737f77f72ff95c73,t,f,t,t,t,
2763531,t,2026-08-05 13:46:23.529557,5282669331506ce817b8a7177752b1d93de1782c2af090dce6f4a2dbe35a59e2,f,f,f,f,f,
3041749,t,2026-07-30 12:38:44.641711,78278ec2ef13e42d717e36dece396168957d7b34de70a527655cac4105c28958,t,f,t,t,t,
3472311,t,2026-07-30 12:38:44.641711,560c646445e49a97f8c10621e6ab10f7f2874c21945f4500ac49d1e86368ef52,t,f,t,t,t,
3484079,t,2026-07-30 12:38:44.641711,4136cf5a1231b9f8c7dc735a2ef4f469030f68a5054140015a1beca16eea4ee6,t,f,t,t,t,
4054610,t,2026-07-30 12:38:44.641711,e5fe99a51a16ee0e793b1f394370a011f6c143767a4ad878e03d299640294e54,t,f,t,t,t,
2788875,t,2026-08-05 14:01:43.631693,454335b40b61a244954ffac7f8b4ab5ce835f5d8365b26f52a96f9e71e785090,f,f,f,f,f,
3042140,t,2026-07-30 12:38:44.641711,f774bd080df9e95ff1cc6543d89cc0798e1504398f4999d92e5972e0e7fb6b34,t,f,t,t,t,
3102218,t,2026-07-30 12:38:44.641711,b340f398d62e1de18f33fe7ff6b62b5a4c6bdcdaac090421cfa231e2d64c3a77,f,t,t,t,t,
3454400,t,2026-07-30 12:38:44.641711,3e67328d6f609a5de9f9d971979b376579c54f13991a5218d605773dabd373bf,t,f,t,t,t,
4066341,t,2026-07-30 12:38:44.641711,0bdfa216168e3d01fd7408bf3d108390dbc10beca81281f1b2a69f934598c6c4,t,f,t,t,t,
3072233,t,2026-07-30 12:38:44.641711,6bed446ee011e70914ada6aedf4398bb656435fc20ace9eea3f5a1f01140ed22,t,f,t,t,t,
252568,t,2026-08-02 12:02:11.058722,fa98972100e51f252fc41d32cb5f0a6c78afed87ee7ae50abfb36081ee8b1048,f,f,f,f,f,
129883,f,2026-08-05 22:51:28.528545,78869c307a182ad31b42a7c038783e302123940cd15e4b56e302d70e0b245d4f,f,f,f,f,f,
2744569,t,2026-08-03 15:09:31.033948,bc4a5d06589386d96a2e5834ec44f65e69f6e3e6981bd3fed1641c1e60c758ea,f,f,f,f,f,
2774683,t,2026-08-05 13:54:22.311017,3a012761344b66a6fb9088d2954b7a41b32c729b627ad9e2a307605a6f9cebb1,f,t,f,f,f,
131998,f,2026-08-05 22:57:26.217391,e7691b651b705dc729a3b06ae6e4ef6fb5ebd3855e1b0d81f793ed5809d32fb5,f,f,f,f,f,
252570,t,2026-08-02 12:02:11.590781,7b54d78681f2dc31ce14d739ce29be93b78bb6514105ef2ab021887c11d4fdb9,f,f,f,f,f,
2808938,t,2026-08-05 14:02:54.771446,72b34328f2e20657627e34c75e2b820806addec3e4f432fcc223d762f7280cb5,f,t,f,f,f,
250393,t,2026-08-02 12:01:50.440648,c2fb3792430d211ffc2bf55037586961298e972344036c4168bff6c8d99ae829,f,f,f,f,f,
139820,t,2026-08-02 12:01:18.034662,10756fb1ac77d703df197c9cb79926d361e7e09ae2852c17724a88bf9745a0f5,f,t,f,f,f,
250380,t,2026-08-02 12:01:47.107067,bd5bdeb04f8eaf7fd8564c5cf95668221ac8a7c5b1ffa414d1c9fef314e7b322,f,f,f,f,f,
1853829,t,2026-08-02 15:08:52.861217,bf93989cb0f39c2ea9b9f01bd6402c1c997b60558f6939b60bc5fd0889faf1e3,f,t,f,f,f,
506708,t,2026-08-02 12:09:07.807133,d7c4878e78c20664555d58b91cfa4376981a876ae1c0d4e38463e45a13d39b90,f,f,f,f,f,
621231,t,2026-08-02 12:09:33.662712,64a1984d931a47a9f1c523d046b59096f7dfa3d8e973b5e47f34d1880c83e8c5,f,t,f,f,f,
590440,t,2026-08-02 12:09:25.858778,996a56a12531bacf30a6189eb62320e0cf520e7498a0556e00cf87c719e730ea,f,f,f,f,f,
686158,t,2026-08-02 12:10:27.521942,916b65c21e21e692aa602892ca58d091f5c25a30d64a93846a926a27de89c36a,f,f,f,f,f,
2892419,t,2026-08-05 14:03:09.852876,c37695242703af85359ffda095109f62eb755d64bc5fb965202995e0b8ed5c28,f,f,t,t,t,
2569566,t,2026-08-03 12:09:30.940377,ef426d4336e587260b2b572bd063d26a7e3c1c982a2639a256e62ad2898ecdb9,f,t,f,f,f,
125586,f,2026-08-03 00:05:42.263132,f6411539889d301f7cfd694c8e740ee42adfa713be24d142160c4df719cc181e,f,f,f,f,f,
2383582,t,2026-08-03 12:08:32.767459,a63fcb4dc7e1b32a8abdbee65ec4d04e7d39682f6be2d541984b24146173a77f,f,f,f,f,f,
2465077,t,2026-08-03 12:08:41.771805,86bbed88d76dd8f83c302b7e51a28488787462ef4d909f06492c6fe592b1a817,f,f,f,f,f,
2710709,t,2026-08-03 12:22:43.645101,c418e1e6107ff28a1da9971bd4d62ee7709e3941d5fb12bbe77d5411d8df4b8b,f,f,f,f,f,
2383741,t,2026-08-03 12:08:33.066384,6309824d6a18e87f6464ce31ba9e9995ed950f17dcaf220ddef246b9f4b20bba,f,t,f,f,f,
2570330,t,2026-08-03 12:07:29.740803,2415456c6f5e163262fa1163e1254c013c07fd8c1ded475d68dce5d9cdbce8db,f,t,f,f,f,
2388953,t,2026-08-03 12:08:34.570067,e0ec4d3ee3ed285fd319dfc41794cf20e27b5a355540a01eeed823e83838f6d6,f,f,f,f,f,
2710638,t,2026-08-03 12:22:42.748462,05779f5246b96667af3314545d7676e9e7b34731543d8c10b409eb503b668fb7,f,f,f,f,f,
2717271,t,2026-08-03 15:08:37.588823,df926761729b70c0dfbe143699174e2e20377a98153256ec258c54547f80245c,f,f,f,f,f,
2710820,t,2026-08-03 12:22:48.449212,10b48aad4a6bcbf234d9ce77db986ba1ec2a9ca71025456139f747c7a7706e6d,f,f,f,f,f,
2907507,t,2026-08-05 14:03:34.16558,dc60f1ba547ea4cbc8367c9187c4ab2720f03eb69affa2269be413511e57e430,f,f,t,t,t,
2702446,t,2026-08-03 12:16:57.801631,0b9d8974ff3b6321d0f8f8a07e792a6984d18bd4348640c88047a3bcd4c3981d,f,f,f,f,f,
2908229,t,2026-08-05 14:03:38.07691,b661bf0fc18d17fcca62ec292da743a58b090c3bdde59430bd0d67e1c9ac8507,f,f,t,t,t,
2913476,t,2026-08-05 14:04:24.950907,af7bd008e93cf3c8cf4af78ca30a01dc20c7d6474cd716d0adf16bbd479a4e7e,f,t,t,t,t,
125704,f,2026-08-04 00:06:29.909556,57cfb5ad342633560a4dd63907a431c9e08f24cda09b958e21992870bad37bbc,f,f,f,f,f,
2913602,t,2026-08-05 14:04:25.551838,3b8cb915fadd89a8e312a019dd99b80f3c6f10b204739099d777da9bc1a6a839,f,t,t,t,t,
2913626,t,2026-08-05 14:04:28.850428,cfb2ec4147a7275fb26d7538ecf3765d4c992f132781c1de567c2a371ff3182d,f,t,t,t,t,
2913636,t,2026-08-05 14:04:30.050534,a646ab87c53fdc12f57c27f128a009ff23f039ae4fee654b2162a46f789a5ac7,f,t,t,t,t,
2913640,t,2026-08-05 14:04:30.948605,6e8540946c309959940398379e1b298c59bb399c3f6dae08fb4f1090fd214f09,f,t,t,t,t,
2913834,t,2026-08-05 14:10:58.351494,a080dc7012246d9e0a68409a68ba03c54d5b2c821f6812856dd80700381e2b86,f,t,t,t,t,
2915995,t,2026-08-05 14:11:08.560774,987058c3b1921e057d151e8e46f49670ddb3c0988a0dd7753c278902bc28685b,f,f,t,t,t,
2776990,t,2026-08-05 13:54:43.067207,ca72ef814695cc4736417c691067e757c0555b604db7e587a9a96284eec0759a,f,f,f,f,f,
2774485,t,2026-08-05 13:54:07.602335,4fcb8d9160ed2b7db1bb0fe122413310f7df09d00ed4b8497fb0916c7dc90054,f,t,f,f,f,
2774522,t,2026-08-05 13:54:12.409148,e675f68e9d331925a4f9bfc3ba33448f740515b392389ce21dc5ca495f232a2f,f,t,f,f,f,
2927393,t,2026-07-30 12:38:44.641711,02cdd9aca277a5e900eea1b14d69997d889d88213cd4a7ca36802e987e5d1d10,t,f,t,t,t,
2925650,t,2026-07-30 12:38:44.641711,4b289a3f2d737564f856a835cbee79d7744dde4cd8ab481a3c59e7c0fbacb4d1,t,f,t,t,t,
127473,f,2026-08-04 00:17:19.804127,e168856826b7ad13a9f3a16ff40256a28f1e97dfa8419a5ea99385127a3f9f90,f,f,f,f,f,
3072234,t,2026-07-30 12:38:44.641711,869c53a2bfedcded5bebe6512f669f0861a7910d91844e7baa686e239d0934a7,t,f,t,t,t,
3049905,t,2026-07-30 12:38:44.641711,37e73a09c822259cefc304f9c16a5a0ad5840ac7f084893f8f52c208c690bb85,t,f,t,t,t,
3049906,t,2026-07-30 12:38:44.641711,4ee96775e8e4f17ed6a6010d8137a0c3e5013a7cd3b08050fdea51c22bb5b240,t,f,t,t,t,
2777057,t,2026-08-05 13:54:43.629208,4037ea4dc8a26822e089bf51900dcd67f8281eb4546ad97e0d62cab89e84f62e,f,f,f,f,f,
3428055,t,2026-07-30 12:38:44.641711,c08e7e17f2830cc4bfcfd1a4f001dd269ca5aafd7996b72ff37cd95e1e278c8b,t,f,t,t,t,
4010349,t,2026-07-30 12:38:44.641711,5712ed675a0d168c4291fb821e0329b7f27852bfd6c8dd347989dcb477241486,t,f,t,t,t,
3532987,t,2026-07-30 12:38:44.641711,935653622951907f4c1e7558d21bd1608bc57f39a7190a5bb83dfd33c952a52f,f,t,t,t,t,
3072232,t,2026-07-30 12:38:44.641711,addd60a33b143f38dcf58df917f0ee0202d7a7f5edffd4590ee9d08b66bc910e,t,f,t,t,t,
131471,f,2026-08-05 22:55:49.479506,014dc5d3da72c6fda6b0fd0281560a2f363807de99c98be03ae1163e5808015f,f,t,f,f,f,
2714607,t,2026-08-03 15:08:15.372273,a08c18451c27ec5e45622945d9a1e34e6c53744284b6dbac259492f7aa8370fb,f,f,f,f,f,
133226,f,2026-08-05 23:01:26.540494,2f8de9dcf651f79623d69566c61d941518f263d95c0d6acd9d969e551ec16e10,f,t,f,f,f,
2773573,t,2026-08-05 13:46:34.031932,dbc33148ce2ef9b0af037518e5105154ee94b4b6e049e9d87099ea16d421cdae,f,f,f,f,f,
2788996,t,2026-08-05 14:01:45.137204,ead8c5408a41f7d97378827db04df710444cf23eecc12ec761feb0f720ee9b48,f,f,f,f,f,
403576,t,2026-08-02 12:09:02.108312,935cd89e25ebea6aea5f0915714e2b9279d7a3fe5c42620f80a6e68c9601bf66,f,t,f,f,f,
127952,f,2026-08-05 22:44:04.592651,fb8c2732ad13c537fb90156afec630525d60c444db6eb94f29f9198c26b764b8,f,f,f,f,f,
138657,t,2026-08-02 12:00:15.63488,f1d2143281ed7d7f6d599e6a5b56a1d70af22147b7479fd6f90f9e74b3f26309,f,f,f,f,f,
130930,f,2026-08-05 22:54:23.916381,a982dadf3b5cdb0656b0f0c5c99a2c86ce8b155c2bcbd7ac68750504691a28eb,f,f,f,f,f,
2913221,t,2026-08-05 14:03:54.276344,f81b0d2a6ed10c1e6b7394c60315dc82e29e68888eade4b710bacc5f46f0574a,f,t,t,t,t,
610533,t,2026-08-02 12:09:30.016524,17eafc64bd8ac129e814f69da0eb2cfd526c4cf995b12fc495fdfe3400ea1deb,f,t,f,f,f,
627070,t,2026-08-02 12:09:43.527243,879764c281918237ec91f290ef02df331d83a4a9b24ddca64ee75adbc08193d0,f,f,f,f,f,
136084,t,2026-08-02 11:59:52.502432,8896f43393cf7dbd068098800cc7711438cd4d6c117fd34bbccab229be0498a7,f,f,f,f,f,
633546,t,2026-08-02 12:09:54.6263,b64ccfde7d10cd281f967bbcd62bd7fd8848bf9ce4b4e08008a358ef86668e18,f,t,f,f,f,
138267,t,2026-08-02 12:00:06.495902,95815003430959eb21b0321b94dd263151bc95714693d7c57c4f9403c1783732,f,f,f,f,f,
125618,f,2026-08-03 00:06:40.964889,2b77cf2742f7016b0cd052c3b5d04661533934cfe978300c70e5eb29d48593e7,f,f,f,f,f,
2704932,t,2026-08-03 12:22:32.548468,24e48c43ba624105d0a88ff33abb756cc8c04aaaebeb7daa61a60797347bd2a7,f,f,f,f,f,
127900,f,2026-08-04 00:20:55.600653,f13ecfdd952ee685c04260f3aa81675007a0b4d83a68068534d381c75293af7c,f,f,f,f,f,
2702630,t,2026-08-03 12:17:09.809236,72e8a4325cead0914808cca877962bd53bad8abc095d49aef4de0256f748d1df,f,f,f,f,f,
129182,f,2026-08-05 22:48:59.382081,1694052f39194c6784960ce38a89c3fe0e41363efe3320851229ee5a06376de1,f,t,f,f,f,
2754486,t,2026-08-05 13:45:23.494299,c6ec4d93446ebfdbff652bd2c53bbf3d8c81f2b1090f73707183ff713419009c,f,f,f,f,f,
2702316,t,2026-08-03 12:16:56.599628,8855567927b2b3c2b0794542f643982ca0a4202ec4c0f9f26e748e00c9352d15,f,f,f,f,f,
2791432,t,2026-08-05 14:02:06.747,fa0c80aca82478b412b96a283b2784d4181762b055148a06bb142614f9087e5f,f,t,f,f,f,
2706692,t,2026-08-03 12:22:35.543814,575530848ac53a330c321c01c7381ef0e38a78e3db70b2d921aacd52f55adfc3,f,f,f,f,f,
2710813,t,2026-08-03 12:22:48.152001,58e14c33310410227e3755052f101a89942d958903f6d5e4efaa0dfb7a87cc4b,f,f,f,f,f,
2778084,t,2026-08-05 13:54:53.532763,0ca05bd1b4b4c0c1d0906008fb92c1cfb01fe57796438268b66a8edbe4cd9465,f,f,f,f,f,
2908264,t,2026-08-05 14:03:38.370627,57f153a56483f710a783819070b1134c83ca8ede58c6de5a66c96dfb6297a23c,f,f,t,t,t,
2924332,t,2026-08-05 14:11:16.068558,0ad5093203687fac4e147a0054df4d5cd887413c87a0a9885669eb6feaea4636,f,t,t,t,t,
2792157,t,2026-08-05 14:02:11.548026,d9ae0bacd1379d00fd3c152aba5260bbc4ad5f38b441dc0233048ba1d74ddaec,f,f,f,f,f,
2774559,t,2026-08-05 13:54:18.715412,3b64d0a0a7caa21107c0a512d0951d8b3c85e71f01e9a17263e7c8cabd731f41,f,t,f,f,f,
2908323,t,2026-08-05 14:03:38.664569,d9da8eb029349d66d3d7559b704f5f2a401dce9b9629e8df34451e15285c2678,f,t,t,t,t,
2912958,t,2026-08-05 14:03:50.376355,d66bd9103b288246dbabaf3cff8e2744e53df7baad971bda435f15522bb8b216,f,f,t,t,t,
2913220,t,2026-08-05 14:03:53.976705,e432b7e619bdc2af3ff4b364ae4de1d54c2ee490a3d4da23ada4aa9acd964afc,f,t,t,t,t,
2913324,t,2026-08-05 14:04:16.784612,e3a88e4ea9f486ad3c705da0e8ed4bf3f172793f9c5d7404862026020e2260d1,f,t,t,t,t,
2913428,t,2026-08-05 14:04:21.938951,da4f6c0ccfec4f3a09a09e3d7c2a5148b249552b453f08fd9c2c7582404840e6,f,t,t,t,t,
2913443,t,2026-08-05 14:04:24.045834,b38e11c9e435c0efd38aa445927cbe5e738944b5c4411037b055dc427b41a7e5,f,t,t,t,t,
2841480,t,2026-08-05 14:09:58.843948,3726c192a8f2b9f20647feefb40dcd8f6d7d995f69148911ffc1f683a807cd06,f,f,f,f,f,
3533009,t,2026-07-30 12:38:44.641711,424a5f05dab191d19ad1046b59b78265ec822111f8b43fb2a6843c2df8523d69,f,t,t,t,t,
2892463,t,2026-07-30 12:38:44.641711,40b6ab87f6dcda6f5b161b830be290cf424440c851fde8be4a4fe94c94e40e38,f,t,t,t,t,
2754433,t,2026-08-05 13:45:22.292748,4ee5b08abb649caef39e15375fbe137a5c111dbaf077d9260876b3be56efce4e,f,f,f,f,f,
3049908,t,2026-07-30 12:38:44.641711,3c6e7ff9bfc7e4b08cadf405a14140539893d3db92b0a803d75de516a5c0c261,t,f,t,t,t,
2925460,t,2026-07-30 12:38:44.641711,2301407edd4aa98901d3ceaf64675daf03912fbfe2c56018c79791a55bf1be87,t,f,t,t,t,
3428269,t,2026-07-30 12:38:44.641711,ea0a248e07c00df2f04cb707f8191c2ea30f1901c97ddca724f3eb7b58395424,t,f,t,t,t,
2929258,t,2026-07-30 12:38:44.641711,aafa79401b6223da78840ad42ede0f0e896759e435e0b2cec19f0f75965fc091,t,f,t,t,t,
3080469,t,2026-07-30 12:38:44.641711,1d432630f5593fa0d422ee09b6c5775a9e4ee6e3c8620548f49e44cae0125783,t,f,t,t,t,
4066352,t,2026-07-30 12:38:44.641711,88c9fdf4806d687efcc5ea8995ef39807b0820c4142574d5d661e3c3c7698104,t,f,t,t,t,
2783322,t,2026-08-05 13:55:17.844973,ad07cfd993e1e545118ec39a7e950db721a2226dbd3aed1608ffa3a8ec70a548,f,f,f,f,f,
3041862,t,2026-07-30 12:38:44.641711,b38454e8b4cddae1ac1ae32504cb0296d8800a7069b6a76cc794324b707c60a1,t,f,t,t,t,
2754473,t,2026-08-05 13:45:23.191756,523567984f8900fbcd858e632c575a0ae0c104368deb61a40fe858b8ea617b3c,f,f,f,f,f,
2757177,t,2026-08-05 13:45:37.601302,a1387454d9ffbbbe8ec3a4471b55028c302370817e14ee3d3d192be8fc3b606d,f,f,f,f,f,
2710732,t,2026-08-03 12:22:45.148155,6fd7a3a004d859df34bcc7e986a704258f9bcc59668e20e01f909227b9c13590,f,f,f,f,f,
128414,f,2026-08-05 22:46:07.215994,7d38255e101374597256ab4715277dc1963416627ba0b432cd17417c32c9f284,f,f,f,f,f,
2747672,t,2026-08-03 15:09:34.332259,b7319191d869d40b0e47d755bad3bd7b33874f1a1f6df7f53ea6e5e7c60a1b32,f,f,f,f,f,
2718844,t,2026-08-03 15:08:42.086133,85423ccd3abae0e8b0aabf527c966d04f48641b5f670d9ac1cb668e07498ac08,f,f,f,f,f,
129594,f,2026-08-05 22:50:29.76978,e0faf1ff2b20ffe381743141949ea38c7a86a6025835bdcec5aaba48b8b97308,f,f,f,f,f,
252567,t,2026-08-02 12:02:09.768509,26b8d64701474c2cac31b10f42bf3c9cb9fc7e6944e9f0afcbe244f01edb6fdf,f,f,f,f,f,
125720,f,2026-08-04 00:07:31.733924,c6e54cda4f672e119309468308ed405dcbd1eefafb5f90e64c40a016f516d090,f,f,f,f,f,
135824,t,2026-08-02 11:58:39.744457,a6992cd38a971ee03b5948b22c87982c702f82d5413d872b1e82670c3569cb4f,f,t,f,f,f,
2710807,t,2026-08-03 12:22:47.555167,2a68827c2984a00bd0d6a3810a333e6c620c16d580f76e3b67e6cb22cf3fd0e0,f,f,f,f,f,
138340,t,2026-08-02 12:00:09.422789,7d3afaedb123d81b374eb51125af29329111cd381cf8d3fc1bfb0afee9089ae7,f,f,f,f,f,
135855,t,2026-08-02 11:59:50.537931,53e8a583d10d064aa40a1f4a01d17376a813807b7ba7228e08ea74194ab05a71,f,f,f,f,f,
2892476,t,2026-08-05 14:03:11.647001,66becd00ff31adc9aa64ded8ab167cb128855ff1baa6cd1e1b786e7b82da2117,f,f,t,t,t,
743036,t,2026-08-02 12:10:32.031008,9e4d71385b5b31eded666fe5d4e22c4d6d11a2a6e8f8b9421a54e65c456d6dbd,f,f,f,f,f,
1853853,t,2026-08-02 15:08:53.163067,e32f70a71d4753e69a83912eca3c02b5eb46ec99872cad01f75b3b4362f7d3aa,f,t,f,f,f,
2499273,t,2026-08-03 12:09:03.625967,b72edf08050aad98ae91d8aaefab77b4980835d39480f764bc081f73aeadec66,f,f,f,f,f,
2710739,t,2026-08-03 12:22:46.393411,a362af7901b01df7115bbdfba5164828a94f92f2d22a3b2266d111bdc555120f,f,f,f,f,f,
2710808,t,2026-08-03 12:22:47.847623,4de4163551d355af7c7c765db5a36dcf53ca26f3a6fa88dfff18e6cde2c531c2,f,f,f,f,f,
2710821,t,2026-08-03 12:22:48.750144,8a409336b579d42f6c2200251345178a1c176d5310b904e0c1c3d48080057d3c,f,f,f,f,f,
2710829,t,2026-08-03 12:22:49.348348,f97b0752752da822a88dc4b7256e56f5dca567bc0aa4e59b785f4b86af2b3d11,f,f,f,f,f,
2892498,t,2026-08-05 14:03:11.947856,183997c24721e822db59282164b2b69b68bf9de3f0052332d9df9dac2d6af45a,f,f,t,t,t,
2702823,t,2026-08-03 12:22:29.843432,16cc433b66eec94caf4950a5a435f498cc801c10c2afaf1a1d833949cb5856fd,f,f,f,f,f,
2714604,t,2026-08-03 15:08:15.084368,f9544f4e33a1d64d602bad069933e775ce82f061e867bd4079f8aede830e2262,f,f,f,f,f,
2700295,t,2026-08-03 12:16:52.400514,d220d8e6d2e1559dd29197534f7abf3c373f889dc3f80e3dae99c0c9a47e9d85,f,t,f,f,f,
2710734,t,2026-08-03 12:22:45.466775,d19fcf7e7adde8588a24f39aad91bfbb3a6b437c867096b9b447ddee57963d3f,f,f,f,f,f,
2907668,t,2026-08-05 14:03:34.462657,e592620cc230207f5681f66f23bd9fa1d81e3f3dc1693f57885ee04a8b6ca5c9,f,f,t,t,t,
2913236,t,2026-08-05 14:03:57.277821,1d000e0a54d36736d2eabfdc138efda1307e190e7f6154c0fce3083d14e89d1d,f,t,t,t,t,
133322,f,2026-08-05 23:01:44.539884,9fb74b2d6795784da014eae9baaf78cf4e0006660c298f44517c04db1aa54d85,f,f,f,f,f,
125701,f,2026-08-04 00:06:03.278005,893b18790fdcdb08120307cedad9b970239d270ba9bf77163277c90ef79b8064,f,f,f,f,f,
2775552,t,2026-08-05 13:54:32.524351,54bca361f81edf868890b4485b2775bb0a2a24cfe5673fd81a217c8fb0cc21ad,f,t,f,f,f,
2775555,t,2026-08-05 13:54:32.822449,ec20b7318fdd1abf41ff25cf937cf4eba6544d1e1f3a7dce666dbaed04b3947a,f,t,f,f,f,
2789002,t,2026-08-05 14:01:45.737451,bfda7c7f0c0de9202f4ce5fa6c02e446915117d79b4e85336703e35c2537aa54,f,f,f,f,f,
2789008,t,2026-08-05 14:01:46.038748,d7b788be83045fbfc64f9845fd0afb0b3a756dae65b7868081be5815fd00b3c0,f,f,f,f,f,
2913237,t,2026-08-05 14:03:57.579414,a7bc8af10744bb5d625d294a7693925fe7312982432b936278943eb97e7afc0b,f,t,t,t,t,
2913327,t,2026-08-05 14:04:17.387628,349e547e3e6d57fa0151c12e44255d4991b3c18d3eb6ad8921ec7d553229042a,f,t,t,t,t,
2913442,t,2026-08-05 14:04:23.748523,f5f408608655df3e1da2ef5c75a32a3abe6757e2f924b42e62d69252dbafe058,f,t,t,t,t,
2913711,t,2026-08-05 14:04:35.453032,52d9956e985a41ced21fe1194ce708676c45a35b057a03514062243f0d97ad87,f,t,t,t,t,
2838085,t,2026-08-05 14:09:54.600444,cd5748e833af9bb76b9387477f3f3ef906e5d6d25840e30c59f69331601e4da5,f,f,f,f,f,
2913841,t,2026-08-05 14:10:58.657911,44e3c043026a3311db4c117e298084c0abf33da87134dfc876c6139f1ea2ff94,f,t,t,t,t,
2913906,t,2026-08-05 14:11:03.763342,552c014b3d9bd6299dc154377187449ac1bd9552bbfb72adbc49ca9dba346345,f,t,t,t,t,
2915989,t,2026-08-05 14:11:08.272146,8dadc0203b2675fa1fd349644e37ebaa5c4b485e86ac7b649ab9594ac72ad9c0,f,f,t,t,t,
2922793,t,2026-08-05 14:11:11.862266,9f2ec4689b81e0c502afa33d069ed5dd91d983bbdc43b081dec3313ff82a920c,f,t,t,t,t,
127528,f,2026-08-04 00:18:00.067083,b6ea918d7e6115dd83d551301e65e628255a2b4749ee23c1db97877264efe227,f,f,f,f,f,
3438565,t,2026-07-30 12:38:44.641711,eb1ce3cb4e32bb02b420eb2584e74bfd5fbf9fbfed9b57064908d196856cd0dc,f,t,t,t,t,
3049907,t,2026-07-30 12:38:44.641711,5826f2f3ad2be5d1e3c49a9534d6bb0b0f9948b60fa4301d5e8a06130783c1a3,f,t,t,t,t,
2929243,t,2026-07-30 12:38:44.641711,e9f040abf62ef6dc9ffcef2f0ef315aed76a22c989002ffd94ae572c469accdb,f,t,t,t,t,
129593,f,2026-08-05 22:50:31.693446,d3e9204957167def77c9038fea9b902b7b74d8c359cb6958b31f4ce8313ed0e6,f,f,f,f,f,
129942,f,2026-08-05 22:52:00.765143,8c6402318c931f04b06aebdf27e68f7a0150aa93dbb6dd879de0d2286351fd09,f,f,f,f,f,
2774463,t,2026-08-05 13:54:06.403197,668b3bc576c47c5758d58e25c3404b3e94c256dc0c0ef299e18d29aa5aa1b0f4,f,t,f,f,f,
2784323,t,2026-08-05 13:55:25.05307,9ef444dfd23dd46135a342122389c9b8ad2928645054a7a26408015f6e51c1a4,f,f,f,f,f,
397687,t,2026-08-02 12:08:57.937076,ee6bcee999404906a197716e628f04d7ce2df104a006a3e36a361f0e75b5560c,f,f,f,f,f,
2892548,t,2026-08-05 14:03:12.257048,83eb5c832d8e626357f00c091a64d3e840336d8b806150c7fb6e69f0cc51465f,f,f,t,t,t,
2892949,t,2026-08-05 14:03:14.349629,bafdc38cac2f727b11468a52bae092cb1361500265690b5bee795ff67f3cd30a,f,f,t,t,t,
2894068,t,2026-08-05 14:03:16.758982,86cec81674e9666ea4ac7abf16dd9d6d9f0650632c416fc942a38f54b7733f42,f,f,t,t,t,
2702507,t,2026-08-03 12:17:04.10795,b3740000c18acdf0580fa6a9c464ab3158c4ef4c3273bca71a49782862961824,f,f,f,f,f,
2894374,t,2026-08-05 14:03:18.852881,f1babbef21ecd1a45a9baeb09e48716b6717115150254f935179223282cc2456,f,f,t,t,t,
2903760,t,2026-08-05 14:03:28.784223,3e71be3882be86c908ca2e07b24e09dd505c8e9c66df42b7136bea27bee82473,f,f,t,t,t,
2710789,t,2026-08-03 12:22:46.958624,b29d5add51038bfa7d7bede443c3a5ccca64c0766bf4878778327286e7ab3de8,f,f,f,f,f,
2710791,t,2026-08-03 12:22:47.286128,12b8c3949776fe3712f100e708fa27c9f539a084a12d0494160be03647ed876f,f,f,f,f,f,
2715216,t,2026-08-03 15:08:24.081852,b529e631eb98de260207a6cf8b07a51a28149c7786c34f1dc1c82488f0ff2adb,f,f,f,f,f,
130662,f,2026-08-05 22:53:19.368607,0e13000f541620c01dfda8fc29a92a10a437aef8e7676e2968d9fede650bf6b4,f,f,f,f,f,
2893930,t,2026-08-05 14:03:15.850955,c7b98eb26aab309db1706105080625a0a3cd8b1dbc188bf9cccaf6100d4d1a99,f,f,t,t,t,
2894282,t,2026-08-05 14:03:17.957927,8eecd7ee09b24ed4fd155889e7d11c2d3e55d952a2b11fd441a949817b8cffeb,f,f,t,t,t,
2774693,t,2026-08-05 13:54:24.414852,8bbdbcf271cb212a990255f6352d067bbce690aff1a6cad77ebd422f64385512,f,t,f,f,f,
2774697,t,2026-08-05 13:54:25.615364,53f9b4ed7bb03cc8258a35649a0649eb8db49bc31fd2aef249309b34e4cfe32f,f,f,f,f,f,
2774698,t,2026-08-05 13:54:25.918102,94c221a0f0569d29c57f2402a1b0d943edf6711bd37717143abfb88855ee58d4,f,f,f,f,f,
2775497,t,2026-08-05 13:54:29.223897,19855b140aeebaa03dbe48d181aa3cfb48834946e5ddfc8022d102663a7537cf,f,f,f,f,f,
2775508,t,2026-08-05 13:54:29.82389,6e30efa8f8ee0aaca30068f01308fff2f228aee8ed9a087c923b2cb9c90a22ba,f,f,f,f,f,
2775515,t,2026-08-05 13:54:30.415469,abe6fdc2831db2d4d0f0fe97908a30c15a46f8cdc16c7e29754a12ef5d25b24c,f,t,f,f,f,
2775531,t,2026-08-05 13:54:32.224442,c35d2f55cc59285d7b8e3416496990b29997558f5c5087a251387efaf7e92e98,f,t,f,f,f,
2783023,t,2026-08-05 13:55:15.439224,9add46d6667b6e662af5ffefab14264da733862391437c9dd1c92d3ffce17ac2,f,f,f,f,f,
2893912,t,2026-08-05 14:03:15.551984,623ab3213fb7adef2a27dd4ffa411b5cc2cef91e5ba49334b81f8b57169a3abc,f,f,t,t,t,
2900650,t,2026-08-05 14:03:20.654339,92cc9d1868c1f7ba324c6bfa9151f06d16d2e70a8030259088ab17effa94272d,f,f,t,t,t,
2901191,t,2026-08-05 14:03:21.859358,3946dd49422f52a055896f360c53e0105d5b18ccae5bc11531409d7025eb511e,f,f,t,t,t,
2901353,t,2026-08-05 14:03:23.06221,9bf839c99edacc5af8e2357700227ab916a9f339dfd682a9821236207a699847,f,f,t,t,t,
2773998,t,2026-08-05 13:54:04.218955,f151b3ca74cce6523b68bd597a57696aed3a05d877d5392bed2bdbcbcb54485d,f,f,f,f,f,
2781370,t,2026-08-05 13:54:58.032584,657ecfc2367ba9953e5e99ab3504e1cc2fff81604c333efc2cf8ed07f446c105,f,f,f,f,f,
2781736,t,2026-08-05 13:55:01.636378,695f2cb2e3b1baa7f4c826c22e77bf16c689dd3cef5d5c039ff4c761d8d47772,f,f,f,f,f,
2782129,t,2026-08-05 13:55:03.437181,d1bb915439558237917ed9e76eeffe30a7f05811c3be2532974cd76d7c36b1db,f,t,f,f,f,
2894339,t,2026-07-30 12:38:44.641711,e3d08b72d3344559e501f907af67bf3da50294bc3fb77f5ee40447e0df80f208,f,t,t,t,t,
2901165,t,2026-07-30 12:38:44.641711,6624afb9345663a30e25076266b094c7dde9a75443c7489ef1fd3ee30f69eb99,f,t,t,t,t,
2782598,t,2026-08-05 13:55:11.540993,26d2bebca5fbb3d97c318854fa173a82ba7872e6fc73c9d5aa44d3b2855b11e1,f,f,f,f,f,
2782646,t,2026-08-05 13:55:11.839498,117d20d94ae1f99ffaebf4e947dd7798a1454e53cb3f7030029d022089e60622,f,f,f,f,f,
2782648,t,2026-08-05 13:55:12.1517,d3ee018ec465a51de13fcb8d9841119f541e811d5a68a4750e18820298b5cad1,f,f,f,f,f,
2782807,t,2026-08-05 13:55:13.043736,b9d49eed8dd2587f0b665fe21060928311e9df03c71c3d5ef53eab3cdf7d80ee,f,f,f,f,f,
2894037,t,2026-08-05 14:03:16.455997,23f9aa94615b229225ab98bc035fd1f4fa45d9f15053cba71601cdd68b4c935d,f,f,t,t,t,
2894393,t,2026-08-05 14:03:19.166301,fe48c285beabc4bca23fa1135673f948bdf303361b6e9fb29c91607642dbcd24,f,f,t,t,t,
131300,f,2026-08-05 22:55:03.539217,8baf9dfc2e48fa35b13686631661dfc125aa904c0c38225913aaabf3446b4c29,f,t,f,f,f,
2894092,t,2026-08-05 14:03:17.054747,eaae7fb87fc2a88027162836aaac949530f8160baa4d8e2a8219370ee0c3a6c6,f,f,t,t,t,
2901341,t,2026-08-05 14:03:22.750199,bb64ee93cfc8b3e36bc663b3d7d10272c289403bfa220973c7efee142689cb98,f,f,t,t,t,
2868991,t,2026-08-05 14:10:10.511408,68db377d0e24374c95b1f1acd1be4d00c2dfad5818f71e157418b44280f7a432,f,f,f,f,f,
2901225,t,2026-07-30 12:38:44.641711,a3d0a0424c575326116e330cea55532f5e62113bcc11ebb3bb545536601bc40b,f,t,t,t,t,
2869003,t,2026-08-05 14:10:10.814366,16e222347919bd276a0314acd03bd85265750aa2e200f50f911d8eb9284881ed,f,f,f,f,f,
2801445,t,2026-08-05 14:02:46.098533,7479c48e8a99954e628a3b850d1cb45957a4adf4641ddfa0a8ea903fa20a0f93,f,f,f,f,f,
2801527,t,2026-08-05 14:02:46.717876,644e3d2ec5e6f370384db5443485a34dec8b939b9a28193494a0d9ed2c9367e1,f,f,f,f,f,
2820184,t,2026-08-05 14:03:03.502622,1ddfa8508f44c1c43aef30687e7e8c74f2059a680a0803a0c7f06a4c60f1d91d,f,f,f,f,f,
2869020,t,2026-08-05 14:10:11.415018,5d65d832d27be828c96b0354f3bc39eb1322bb8762c5cdb9a25232c6265b9d08,f,f,f,f,f,
2894303,t,2026-08-05 14:03:18.251815,d07acefaf7d7f8b6706904bd2201d086e346864c314805f2478d7d81b0638880,f,f,t,t,t,
2870121,t,2026-08-05 14:10:11.71472,0999fcbeb8aaacbe3a87e2c1b73288e9a430271d438da14e43eb0e774b2e88fd,f,f,f,f,f,
2901293,t,2026-08-05 14:03:22.453747,9ef8ca3a37a8451b244568cf475b6a9265eabe5f4ecb14f5071abd1bcad23d08,f,f,t,t,t,
2838104,t,2026-08-05 14:09:54.902228,6067ccfdbe52f155b683b07cbb1ba026c918db5a6afef72569387e039e30a424,f,f,f,f,f,
2870140,t,2026-08-05 14:10:12.004367,20952a7b0a2a5672170f8c4bc9728bf6ee3617ce82f8efde629aea6b3b3fa7b7,f,f,f,f,f,
2870278,t,2026-08-05 14:09:06.859973,9de3b9b52355473916087132ee3fcc45c6404d2e6b211ec2614e4818688256eb,f,f,f,f,t,
2820425,t,2026-08-05 14:09:43.399863,b31b9601e053067203b322d0b0ed71267e41355a4c3019d06fb53e3b1383b127,f,f,f,f,f,
2820743,t,2026-08-05 14:09:44.696419,e08bd7b07243899c393864e3d27f252982205cf154cb49a88079b1cb1d127c09,f,f,f,f,f,
2820769,t,2026-08-05 14:09:45.303299,a7d1ec5d0e11f0117d6e463f77b0fe60d36d979d246db661b7a1304c5279f2aa,f,f,f,f,f,
2822003,t,2026-08-05 14:09:47.099247,8e0bad49a7c4026b4cbacbe478acadba0d492b9791062e862f27a535458458af,f,f,f,f,f,
2839784,t,2026-08-05 14:09:56.994199,1ba13c75c76398419005f5bcd3d9c39bb908a41b0a6ca22b4b76652342ab081c,f,f,f,f,f,
2841440,t,2026-08-05 14:09:58.495459,3159e04c58a50efa7ae15e3ee70f6cc5b87eb21c89da5f8c39beb06fdea5525a,f,f,f,f,f,
2845698,t,2026-08-05 14:10:01.508867,60b00109f1cbf16ae1d9055ead5bc241b0542fd04244cf5a0107d9c544f8078e,f,f,f,f,f,
2855471,t,2026-08-05 14:10:04.836859,175476f06ee6003d3be262a556557d9192be6589b47dca9614b768550fcbaea7,f,f,f,f,f,
2857117,t,2026-08-05 14:10:07.25544,11c2459fef31d2f6b4989bfcd323416643c35599839b8ad605d0540f09ca0e9d,f,f,f,f,f,
2870175,t,2026-08-05 14:10:12.31394,04446029fb4c549d66e95603d2f1c8c652ca140c6530841273fddc2c510e8a3c,f,f,f,f,f,
2870225,t,2026-08-05 14:10:12.913718,3dd4ea69523518a64bc78c417cd46c4cf1dc4ce1694f3056f914dba108f04104,f,f,f,f,f,
2871127,t,2026-08-05 13:56:33.00491,91201f5c141218c3ef58374d4bce0994d1160d5401633060a949fa4654fc5d46,f,f,t,t,t,
2871190,t,2026-08-05 13:56:33.902162,f2df381fae7d0ceb81885ff85c2b7e224fbfcc977fea739475238311b8b3ed4c,f,f,t,t,t,
2837796,t,2026-08-05 14:09:51.600844,d62935306d79bbf9bd46bbb1bb2501c2d485d6b7ff7852a5fb6a25e0bf4559a6,f,f,f,f,f,
2868647,t,2026-08-05 14:10:08.403479,4cb1ba019ba497c1fa66dca0f82b178a57b0aecde1a007664099f26abc1e0798,f,f,f,f,f,
2796323,t,2026-08-05 14:02:31.361676,10c5d171063db7c3a180871937b86646ddb2910d6d70a1cf4396e7f5de910efc,f,f,f,f,f,
2796409,t,2026-08-05 14:02:31.65635,d829768742bd50d344ea672bb552dfda0a0a54ad3c928a408c9506e3a775dfd1,f,f,f,f,f,
2798764,t,2026-08-05 14:02:38.567389,380e7a8a8df3acd7f597d13d3dd4892ab012a46a56438048dfc488bc699856ed,f,f,f,f,f,
2798876,t,2026-08-05 14:02:39.160677,f75ec083dafd67aaf1c808577db830279fec3ee526530a57cb508bbbe3e4fed5,f,f,f,f,f,
2798935,t,2026-08-05 14:02:39.763538,99c98670570a3169f2173e75994a6e45366f86801f3ddc0d5459a729e81321b7,f,f,f,f,f,
2799811,t,2026-08-05 14:02:41.926731,8e44f05810122f7e185b956f457bab0ea190405cc2accf4aac7180137c995548,f,f,f,f,f,
2800480,t,2026-08-05 14:02:42.209095,24f9ca0349c044b739acdc2aada3eda9626988bd009adfa47cc1fbf2114bb94f,f,f,f,f,f,
2800837,t,2026-08-05 14:02:43.065186,ced02fe1aeba669c61cf0471b244c7088adddc05dff43be7e578a5f3d178d20b,f,f,f,f,f,
2801576,t,2026-08-05 14:02:47.008684,50b12638391a1b46583b26b84328dafa38be5a4cbe8a86b2d891ad66a8489999,f,f,f,f,f,
2801593,t,2026-08-05 14:02:47.326689,05450f17c88ede87bbed0b8f4f1e046c4d337af765e41b9879509921557f721c,f,f,f,f,f,
2801742,t,2026-08-05 14:02:48.192618,554d61b937c57ab3574d8b62fc4df76e4bc2cac711e38a13159ef1a06bc3abb8,f,f,f,f,f,
2801756,t,2026-08-05 14:02:48.764138,fb87acb27a755469e57686b578623203572658771d437af6bfff7c311fc976d1,f,f,f,f,f,
2837878,t,2026-08-05 14:09:52.19677,779e0fcd249365cfd08cfed2aadbc5a108e9090cc0626dadb5e3758cf544df54,f,f,f,f,f,
2837896,t,2026-08-05 14:09:52.505993,661d35cd24bc9d88cdccba44cb34bbe404db352ae299e8c1551a28ee80a3ac1a,f,f,f,f,f,
2868676,t,2026-08-05 14:10:08.741442,565b909abead23357a606462c35cd1e2db103746276294d0132ff5e5c52d2222,f,f,f,f,f,
2868746,t,2026-08-05 14:10:09.015366,5338fa2b1c3d8a10b8c4d1f0ff657843f0237357b1cb010fd6fd8a1bc741189b,f,f,f,f,f,
2868923,t,2026-08-05 14:10:10.216032,6b3383576414400d1918a31082b6e659d5e6c43953ed6b02796964b2c9be2314,f,f,f,f,f,
131773,f,2026-08-05 22:56:09.538371,90acfac494c67da1802988d8f312b2d173db85668f4bfb9a673f04986e7ba8cd,f,t,f,f,f,
2894253,t,2026-08-05 14:03:17.655192,73363488f4bddeec336f093d7fad2f22c32a54987374b16b5f663335626ef121,f,f,t,t,t,
131633,f,2026-08-05 22:55:48.450749,3293f42613a59bf85c4a35fd8575f19ab1a750e872c90f874925c1c6a52dcdc7,f,f,f,f,f,
2894353,t,2026-08-05 14:03:18.559971,c0b86e1c7b03700f3e4cef8fd7769e457ea934c6f7694294dfa11813fe6604af,f,f,t,t,t,
128778,f,2026-08-05 22:47:26.354406,6d807b8eb82f1c8795165c7d2a3c82632117a79fbf13b9c58d0a836e161a2bf0,f,f,f,f,f,
2891983,t,2026-08-05 13:56:58.521112,5ea23c24f432aa39c6190a754e9a8c36bc862160755fb5b2a6795b93609ce6a2,f,f,t,t,t,
129840,f,2026-08-05 22:51:26.728379,08b5d0b0fcb089e7402ffe2a16eac683ccc12c0e70f09985a9066f2f5c5a02ea,f,f,f,f,f,
130664,f,2026-08-05 22:53:22.611642,6c7c6ec752ec21b5e4a32ceeae167fdfb69e980221c56ede66ac4fb101b74baa,f,f,f,f,f,
2871214,t,2026-08-05 13:56:34.2069,0fcdecbcd7ece7a3393d9b70af75e62ff26289b96bb4aef3a732360dd4473219,f,f,t,t,t,
2872351,t,2026-08-05 13:56:35.703987,6776235a67c33ad88788161af28a6df4fafe5a60328d124df2e9f2bf52343e41,f,f,t,t,t,
2872436,t,2026-08-05 13:56:36.305111,bbe88157f6ea0d65d35843f9e0140fc9df24a9dd3f6c5bd00c02a3227482ce78,f,f,t,t,t,
2873113,t,2026-08-05 13:56:37.210446,041951ff95c323e2d9cfaba97957eb987502a68677c2d8fb3c6391ecb3ea29ff,f,f,t,t,t,
2892006,t,2026-08-05 13:56:58.826733,e916a15019bf3724c7b749ce63830b59c80295b618893880f839c264224cbf99,f,f,t,t,t,
2873252,t,2026-08-05 13:56:37.508781,45898e825ff1a0419aa14395be1fd6f535714d19847f1a77e3e6476c00111620,f,f,t,t,t,
2892017,t,2026-08-05 13:56:59.123847,61a38430a495f7fadb0eea1895c37d2f7072519ce4574ad3724a5ec022403d9e,f,f,t,t,t,
2874011,t,2026-08-05 13:56:38.407247,c31103bad7dd134c7e106695104d1ad188e315eaca3266cf41db443dce99412d,f,f,t,t,t,
2874023,t,2026-08-05 13:56:38.711663,8275d4d89d6be423887fd31ed1704ab68116fca8e97c719cd869b30aab7bbe27,f,f,t,t,t,
1960290,t,2026-08-03 12:02:44.296704,00cd6de64724b29dbadeee9f4c3fdb3344d958432a560214a55771fe907c8df9,f,t,f,f,f,
2874063,t,2026-08-05 13:56:39.005846,3ac97e16e4c84ad091ccf9d02a861c102515d63c3c84e5721d80d42e877afe6d,f,f,t,t,t,
2610850,t,2026-08-03 12:09:51.051197,f8df70680d6194e8f9849df5786f4f752eb8df576343c60e9a9aadf5426ef9cc,f,t,f,f,f,
2874093,t,2026-08-05 13:56:39.613551,6529e01d98d8df34fdc494756abacbe3fc8d42c5a7bdb4f7f11598d02a98b996,f,f,t,t,t,
2874112,t,2026-08-05 13:56:39.951429,fe60e993ef649c092afbfe2b79553eb7a8be9ebd85d4e5bdce32b3f7b3647be3,f,f,t,t,t,
2705409,t,2026-08-03 12:22:34.047326,7078ef0ec6c867ce5f65c70cb46b4ae43f63e764824350e0760849f62a9519aa,f,f,f,f,f,
2874281,t,2026-08-05 13:56:42.310644,d5a28799b95489988448b402918d6b88bcbe73de42a3fe02a34e23c87852b3f0,f,f,t,t,t,
2874301,t,2026-08-05 13:56:42.608046,47283cfb36cdaff303334b0ba50c894a3b85b4229e53ecb2e3372b924613a516,f,f,t,t,t,
2874315,t,2026-08-05 13:56:42.914432,11ae87a0cfe1498e446541d263ada939100c72eddb1e93a82adcdc2485886b3f,f,f,t,t,t,
2875728,t,2026-08-05 13:56:47.42464,3e959ee084233be835273850fa802adbfc63758cd0f73a1665d6d9eaebb48103,f,f,t,t,t,
2875749,t,2026-08-05 13:56:47.714241,bb2c5b22e70d23ab84992c2ec70d0567f7f13be39f0a890f470a92da559576d0,f,f,t,t,t,
2875784,t,2026-08-05 13:56:48.315166,f4458513fba6a43b5fad8c0f12089514541d3585b9483de87ce2b5d5ecc3414d,f,f,t,t,t,
2875812,t,2026-08-05 13:56:48.612133,c808ec1ca0c7b896e867b6de9b5bddfb0eaf93bfadf280dc6f63a0da3d4dbdcc,f,f,t,t,t,
2875891,t,2026-08-05 13:56:48.91254,24871dc7be700efdcee0260762d2890a40c56479c6e16c2c4f558c9d60b5884b,f,f,t,t,t,
2875922,t,2026-08-05 13:56:49.222602,4ae5daab8342487abe8bdc7081fe77cb8f982ff69f4770911ecd48e8bc7c928f,f,f,t,t,t,
2875941,t,2026-08-05 13:56:49.516483,f9219c26c8eb393bb9169785a11cfd1a68779b64bc4d81df23ce5dd84802d037,f,f,t,t,t,
2875965,t,2026-08-05 13:56:49.813917,1e0071c62a45e4f6b85099d5f51198567693faaed7108a33d2ee4eed7edbb69e,f,f,t,t,t,
2891705,t,2026-08-05 13:56:54.330733,509b905a64c0c5f9441c884b33333b947dce15f2e6fd2254c501fcff9f318451,f,f,t,t,t,
2891934,t,2026-08-05 13:56:57.631029,075c96d3733281da36879f8b953fc2b1770ddc99d0e2bc6acb3cf1bab63dea09,f,f,t,t,t,
2891972,t,2026-08-05 13:56:58.217338,02e89c10b02e5adc2d38dc20c5a48315ffdd529c86120d3f1fe20109f745d68b,f,f,t,t,t,
2892062,t,2026-08-05 13:57:00.016956,4a045627783a195f104ac823c390aee2294aeea1818881ea3e91629042ac8b78,f,f,t,t,t,
2892088,t,2026-08-05 13:57:00.621109,c6807c6f72f46bc300ad3d400b4ed47fe2613675b7a67fbc643002103cecf2f4,f,f,t,t,t,
2892151,t,2026-08-05 13:57:02.126227,6357454ea3efadeeccaab1e467b01de4ec1f5c67070a8aa9193e64671f1e9aed,f,f,t,t,t,
2892199,t,2026-08-05 13:57:02.723983,190320ed0e4ea329a19c3c2ed9ab68d3091f6dcba1eb9585d070c5de056fe861,f,f,t,t,t,
2892223,t,2026-08-05 13:57:03.329834,2b9484b41cbd3db206b147dc2d45cb5b56278b1207fdf36e738cbb92ba18fff7,f,f,t,t,t,
2892229,t,2026-08-05 13:57:03.627286,eded0c970f6d1ba3bc4c8561c89a70d303c9459a919c0a811ef9680756575bb5,f,f,t,t,t,
2892283,t,2026-08-05 13:57:05.12587,1586c3bea9b1fe07bb4fb494d6c3505b7f7650ae5c03311eec7568a2f69b4e13,f,f,t,t,t,
2913332,t,2026-08-05 14:04:18.287491,6847f37f505bf7358f08f3ec1b1bb62ca5cabaa39c9151831d217b833bba004e,f,t,t,t,t,
2789092,t,2026-08-05 14:01:47.831623,284dad0c00d358a0c62040f6c630853543d23de99d0e46d637209c5a2dfa73a1,f,f,f,f,f,
2790260,t,2026-08-05 14:02:01.648616,3ade4a71b8bce7207ed2acd696546fab0b33941c4f80cada83d65cc3a76a1784,f,f,f,f,f,
2790298,t,2026-08-05 14:02:02.547489,ab7321d24bde8ca1c5079fe3c90e2f4e379d058fb3f8f02ac07d67c10e706bfc,f,f,f,f,f,
2790322,t,2026-08-05 14:02:02.840977,af33c3d57798ce544742669e6e5919bf90fa8388adcf93afb68398bb7c0b12c8,f,f,f,f,f,
2791166,t,2026-08-05 14:02:05.844548,b59d09027863da1b27a119bc06d703f5a99aaf5a94e5a0e663034d1d0d678441,f,f,f,f,f,
2791649,t,2026-08-05 14:02:08.012677,7c133603afdf2103d8805efb2a3ea57af913e7599ac3d996318a392f1e006945,f,f,f,f,f,
2849142,t,2026-08-05 14:10:02.152585,4ac11cc80a3c2bd28f8c581436f714e9cca7d50a5948a88cbf1e97f804857489,f,f,f,f,f,
132759,f,2026-08-05 22:59:13.084249,d04e79902eb24c1df86297fb89e20f71d2a357fe683993787999dab6e2ae0c31,f,f,f,f,f,
2908950,t,2026-08-05 14:03:41.095469,ed10ad22b9776997daa2ca8d64cd776c10342686f040eb7457b0cf0c620d6418,f,f,t,t,t,
3007532,t,2026-07-30 12:38:44.641711,c640b96e14813793bcd047c2b90576a6a47dedc3ae45e6d93b2da0b462a0cb32,t,f,t,t,t,
132762,f,2026-08-05 22:59:16.03387,eab40348a339996ac47a7ccdd9d06b8c1d48daa7518a1d141abc9b6672b942bd,f,f,f,f,f,
2702346,t,2026-08-03 12:15:39.031544,a955d441e75325fc918040b0634c2bbd44f8af728f9ba890501df745928b0206,f,t,f,f,f,
132766,f,2026-08-05 23:00:49.600611,aeadf4c42028c7f7b17cf68136a50dcf507f4779799113a334bd67bed51777c5,f,f,f,f,f,
4068820,t,2026-07-30 12:38:44.641711,2d541bf859d28f283c82eafddde4f103c79d7e21e03a64ee4cb23f6da222f3e3,t,f,t,t,t,
2710608,t,2026-08-03 12:22:41.546478,1321c75cd7b5dcae238eb42e57d1b804957e1027d50fdff4d107c7c43e6bf138,f,f,f,f,f,
2785710,t,2026-08-05 13:55:33.774158,3917342eba6c1895f5576ae92820af46fc84381632950aff03f7e9a4ae5f1d64,f,f,f,f,f,
132768,f,2026-08-05 23:00:01.578148,cdef9844d76ff1317d43986c65f594f7411c2dc8c12e8238d3eb2ce164391762,f,f,f,f,f,
132773,f,2026-08-05 23:00:11.328934,a1e4bddab62b138fc7507bdedfb6b51311a9b67fc45354b905c042a7c8584b8c,f,f,f,f,f,
2905811,t,2026-07-30 12:38:44.641711,d8cac165598de82fe34a882ec15d650da0c8ba9dd293477e14149bc82b95eeae,f,t,t,t,t,
3007656,t,2026-07-30 12:38:44.641711,0c3286ae4f6d6bf49f5e4e65697d608a9f17bc71c869bd25f3e105a4ec48de29,t,f,t,t,t,
132775,f,2026-08-05 23:00:24.236149,b5fe33ceb2ff32fce7cbbfb77b73f07563617a22207d79783cc9669f115c2492,f,f,f,f,f,
2892420,t,2026-08-05 14:03:10.150073,b2ddc0c770f9517dc1feedbd368bbed2362e0e45946a6883e7614f7dfa856440,f,f,t,t,t,
3049912,t,2026-07-30 12:38:44.641711,46de179bb95bbd9dca5ce2feafde2aacd30addd6118ed3de40f6d63c4e4ef804,f,t,t,t,t,
2766000,t,2026-08-05 13:46:26.545492,57edbe6162033b2569954360530f66b96226f18c786c3b9d1fb4def36cdce5a7,f,f,f,f,f,
2787556,t,2026-08-05 14:01:39.42849,aaf1bc0e002ce28adbb7ca90449e66d44d9417a73ac59453ef1722e46ef3b71f,f,f,f,f,f,
2790995,t,2026-08-05 14:02:04.940925,31d0c1253cc2abd2689499529843526363f523bd90b2c690ebb18c56b96bc89a,f,f,f,f,f,
2791907,t,2026-08-05 14:02:08.547297,e3a32a42fc093583e4b48f8df36109e0c727f52e0b3ccbef5cff3d3d2b5d4d28,f,t,f,f,f,
2792245,t,2026-08-05 14:02:13.349664,e3528bd09418036ba5e29bdc5a4ee220ce3246ad19c74fc396e9320be32f8db6,f,f,f,f,f,
2928147,t,2026-07-30 12:38:44.641711,19fc862b5288270f9718ec2eccd6a3dd457e52fbc399be6c323638bade3b1605,t,f,t,t,t,
2774465,t,2026-08-05 13:54:06.702946,56936925963878b1c09c507675778e1dbd934737c0fa64a943eb31b9793d12f9,f,f,f,f,f,
133708,f,2026-08-05 23:02:42.120325,0314aa16c4a3f9567046c47a3e239ac339c69fad4193cc78374173ab7a99151d,f,t,f,f,f,
131726,f,2026-08-05 22:55:59.718897,fffa7399c223e538d92d1ded55bc20f45e4fee376fb202060160725c4329adca,f,t,f,f,f,
131878,f,2026-08-05 22:56:57.442793,05915ecebae05c6dccbf40c184b73192585d135e7dcfb415ca7916fb90e07335,f,f,f,f,f,
133700,f,2026-08-05 23:02:31.247227,0e858bfac65b477413c09b25294a995d2d2d6088b98b79f446e5ac21e1279a3e,f,t,f,f,f,
2729983,t,2026-08-03 15:08:53.20187,fadd93ca2b3841487e737d9155e3b65d11fe3479fc63dbc083e31187c70302e5,f,f,f,f,f,
2602974,t,2026-08-05 13:46:41.79366,b648aee3765425631fe3b8d170c682e86fda1ce09a7b643f6322c150d0d0f452,f,f,f,f,f,
2713569,t,2026-08-03 15:08:09.966866,b932e23c1350ef7c6ba39803cd7e5553ba056a88d95b5b1d3397410609258030,f,f,f,f,f,
133783,f,2026-08-05 23:02:50.069413,034e10c957b8c0558e4ef5c60b1150c432e16b999fef64d80960180f0c82d088,f,f,f,f,f,
2891652,t,2026-08-05 13:56:52.520711,6be2bd2596873f72f1c6ea50c141f56cacaf494065a659bc4f015ec3b2afca76,f,f,t,t,t,
2991118,t,2026-07-30 12:38:44.641711,c66e97d1f94bae971e95af149c69960aa4803495d322a7c963b6a588063869bb,t,f,t,t,t,
2868869,t,2026-08-05 14:10:09.622654,1065db7ae5ac9705eb51efeafd105d82170de6c41d7b6dcdc7a67978141c8145,f,f,f,f,f,
3536478,t,2026-07-30 12:38:44.641711,601b18a5cf55d604765776a0dd71b54cc3a0b2961ffc55ec3863a99595460f39,f,t,t,t,t,
3544073,t,2026-07-30 12:38:44.641711,c9e2b727e46dab9b5937aa974d8d24b9c50aaeac6e3b6aeebbc7f6ce21d1013d,f,t,t,t,t,
2775527,t,2026-08-05 13:54:31.618142,60148007ac9cdefb6a8d87f1e345eeeb6fcf9241b9c568c3a8bc61c7315ac53a,f,f,f,f,f,
2905190,t,2026-07-30 12:38:44.641711,98d6d3d6674c308f4a7f0f1d5d13d626fe30859e22ae93db3b28cbea8149dd6a,f,t,t,t,t,
2774300,t,2026-08-05 13:54:05.802173,6de74598a1014bebb97f0452f6b6c5eeff462b5d41977417ac43667ccb06cd6d,f,f,f,f,f,
3537009,t,2026-07-30 12:38:44.641711,f614248b6fa8d4e69352b9f407a4e0831f6b11070c54adbfb251d5c564f05ae4,f,t,t,t,t,
3532282,t,2026-07-30 12:38:44.641711,5e678f861ed22efd71700a3fb9d5dbcc9a3bd9ad0c7173ad8f6091892495c530,f,t,t,t,t,
3536756,t,2026-07-30 12:38:44.641711,72371dbe54f1760cc7928ebba58f895e5bb1d3c1068ab35df8789f48b05f6292,f,t,t,t,t,
2891906,t,2026-08-05 13:56:57.02099,314c983e7cf9fc6d962945675b294cdd2ea68c2f8ff1bf59e65a1897169b1723,f,f,t,t,t,
2930344,t,2026-07-30 12:38:44.641711,9536b48ca960e416710815355cb922bd229e0b43b438efe678f8ef8aa3888945,t,f,t,t,t,
2927791,t,2026-07-30 12:38:44.641711,49db69b950886138116a84f51008ab98c2555f62274bc54a6e66441daa0483a9,t,f,t,t,t,
3536826,t,2026-07-30 12:38:44.641711,58726f42929b64171b8f05ba05084b5d99419f1999953be5b2485b8008d99013,f,t,t,t,t,
4065912,t,2026-07-30 12:38:44.641711,0d33a23b616c0b831c8b82a70642a2852e4003b9842540d7039d8dfb32503208,t,f,t,t,t,
3538025,t,2026-07-30 12:38:44.641711,1f053bea54766d2af38e14b016e66c25ded161eecf4914f17c8aac8b80a3f8e9,f,t,t,t,t,
3540270,t,2026-07-30 12:38:44.641711,4f2e977addd75d80776ebce386d1921a1c68aad0734430478f61fcbffff16a68,f,t,t,t,t,
2903411,t,2026-08-05 14:03:26.66123,b8f43a214c04c5e71beede5daaee61ee52de830885525967f65285ca2288131b,f,f,t,t,t,
4091446,t,2026-07-30 12:38:44.641711,89e7be29b69c61f12546f86fac98d0cb6db8df06dbf852e51f62432e04400b1f,t,f,t,t,t,
2775588,t,2026-08-05 13:54:33.717378,39c0ee76780488bba47a5e39d7cf8ed99206c563c7ac9f10ee5b6c39330de420,f,f,f,f,f,
2913303,t,2026-08-05 14:04:11.990989,13e0770e2076a361eba85d725bf8b4bef5f509bc8aaa88606d361f7065b23423,f,t,t,t,t,
3539901,t,2026-07-30 12:38:44.641711,ce21c6384f8487ffc45eb61384c4e7f09f459f76d241515d27b45571cda7350f,f,t,t,t,t,
2511677,t,2026-08-03 12:09:05.42715,5955c969079f980c06835813bf0d120abd5044f52242b00a3094aceb88ee2242,f,f,f,f,f,
3547680,t,2026-07-30 12:38:44.641711,506c2d76a56ae9eb3c6c1f9fbdd313bac86121bd786dc170ef9b5f858198a09c,f,t,t,t,t,
3536323,t,2026-07-30 12:38:44.641711,b793a9c7854e5961fd55ecacc53c7a3bb57f4c0bf75aede3276feb96ce3d2b59,f,t,t,t,t,
3536873,t,2026-07-30 12:38:44.641711,97f50fa338fac4deac51a38f4e1cbd2f68fd1436899884a630edfcb397667ce5,f,t,t,t,t,
2930339,t,2026-07-30 12:38:44.641711,eee2527d9e8586feca216dc36c0bd553d5e17b37bca92ba973edeecdd9582ca3,t,f,t,t,t,
3547651,t,2026-07-30 12:38:44.641711,5c7325fa8c223a08387fd51e13b7cb00f0aba572f792dcfc6af11682f18f8fad,f,t,t,t,t,
2711035,t,2026-08-03 12:22:54.455604,8a2a53becb3e10c43023b7b1afd69bfd78cddfef3508dab54a5f89c4bd6a3345,f,f,f,f,f,
2776829,t,2026-08-05 13:54:37.320041,1bb06b95e4fa82171b4a878c3ee8872b68482f0f9a4b569dc5d92ac435934ba8,f,f,f,f,f,
2913296,t,2026-08-05 14:04:10.490946,3028cc6c74f27a0c3c8c5110cf2c160e419d6fd270e4d7a1e7bf809050c7f993,f,t,t,t,t,
2926508,t,2026-07-30 12:38:44.641711,08be48136ce6e758fbe3a896ae1c7c27c1721f61ec1e870806e8fd56b95ff3ab,f,t,t,t,t,
2925173,t,2026-08-05 14:11:17.57132,999e6711d41b319296af927fee36ae507d3e6f7d4a9be21a54a55da168ea0bb6,f,f,t,t,t,
617327,t,2026-08-02 12:09:30.319356,565964b8c0ad6356b4b9e06d9f4df6d71f5717ccb2e853f9cab279b5b0200ebb,f,f,f,f,f,
1704494,t,2026-08-02 15:08:34.244703,99ca8c41bf80359aa5c4374fb615fda0dcefd03c8cc852af12ad34744ab87f60,f,f,f,f,f,
4062303,t,2026-07-30 12:38:44.641711,507be860a2ebbf3ba330f91407477b6369d9dcb3326f62ea78c2344acef1b16b,f,t,t,t,t,
1920420,t,2026-08-02 15:09:06.97437,e54c824473fe49369989d87a3531db75f9e1e722b7b10fb9119603a94333c04e,f,t,f,f,f,
2042125,t,2026-08-03 12:03:02.614055,6051fb80860171c745b1af92c8a57ed609975239abbe0f9eb55a4dd3c5c78a1d,f,f,f,f,f,
2044012,t,2026-08-03 12:03:03.247963,c8931af76b00884572097f6bed69a8e38e717f1eb16a09c8ec28de4f65e1b44d,f,f,f,f,f,
3041402,t,2026-07-30 12:38:44.641711,885599737433a761f26d641eff6f8ea255c6ba755b0ee1ccf1b6b76046fdb5c2,t,f,t,t,t,
137309,t,2026-08-02 11:59:56.714877,c5574a8c1037dd1a14d963c36c8a5f9eea4978ead4460c827c1f37bcf624f6dc,f,f,f,f,f,
2825250,t,2026-08-05 14:09:48.903714,8f60ac54840d8b73218f4138ae07d494f94dad37879881eb6a3fb119e20c0804,f,f,f,f,f,
2994127,t,2026-07-30 12:38:44.641711,cac1c2758627b7030ea2fe3d50878daa9b7fdaa48d243eb535a8062f88a52d56,t,f,t,t,t,
2901360,t,2026-08-05 14:03:23.353521,2af4ba97310796170f19662eabf988aa40bbf6400a60e522a1df47d31ca25e67,f,f,t,t,t,
658845,t,2026-08-02 12:09:57.378764,ad764dee4397ddcfcfb3d9e97ff562b9942cecf130b176e4eb4d2e295bf883b5,f,f,f,f,f,
1960567,t,2026-08-03 12:02:44.603588,2585c0d1aabb85204f567b03f7ae0792816fbe96a24057cebc2930a3b5a8a590,f,t,f,f,f,
1968948,t,2026-08-03 12:02:47.010057,1d289a5d3e35164c049bcd3fefc02ad24872679d6c5105fd1b36a40fa6abf053,f,t,f,f,f,
129012,f,2026-08-05 22:48:21.169491,773cbd1b5abd460dd36686a9647ea4208c548a2f3b06f3186513b5abc014b31c,f,f,f,f,f,
2774729,t,2026-08-05 13:54:28.315472,bb01b382688946b41c2caea26287ee68313849a17ed473062691791ccc3c9efc,f,f,f,f,f,
134371,t,2026-08-02 11:59:43.549362,a11883fdf6c4625108838d93e27884628948dc4bbd5b1931ec6d57b2b37f5fde,f,f,f,f,f,
776427,t,2026-08-02 12:10:33.523167,6d7a15970211866b39fab8ccef937a28b75d8c8710d95add42f127512eb3a379,f,f,f,f,f,
2662796,t,2026-08-03 12:16:26.890818,d2af4b2d397af9be71e738ae830ba10193d7009b141546aff6f4c149d24e05de,f,f,f,f,f,
3041022,t,2026-07-30 12:38:44.641711,d9cf350d603857bf983ac8c1c4958c02e6c8c68906e80b35255de54e90282767,t,f,t,t,t,
126729,f,2026-08-04 00:14:06.877655,bf47f157ef5861c8c5043dd5b71fa79a3daf04444ef452c2e4cf2481d458bcbd,f,f,f,f,f,
2806198,t,2026-08-05 14:02:51.770334,7c1900727d9703d900099037c4d7c7fa7812a8ad94bbb6dfa322d9fcf9c29130,f,t,f,f,f,
2613266,t,2026-08-03 12:09:52.852932,c3c8e36880b699320219ee5bcc1bab5095e0e2d8ea4188115f509145f2825c2b,f,f,f,f,f,
3417639,t,2026-07-30 12:38:44.641711,9be9d7ee108e4c0376ab0ef3516a92c97ada815432cb7b468b19a7ff76114816,f,t,t,t,t,
2913205,t,2026-08-05 14:03:51.273727,93a2c76758d4537cac1c28e45fa929eb48ca219ba0d9bfe2e8aa0d1c0ef8acbe,f,t,t,t,t,
505932,t,2026-08-02 12:09:05.404358,b548d4cd6bd1264c8b2d3a2cb282784e5344afd3ef04e474e9b50a49453bdf37,f,f,f,f,f,
802670,t,2026-08-02 12:10:40.725371,9c8ccd0ef30be737ff25b864279f1b824d25b1726c5c559df29ea5015f96fd00,f,f,f,f,f,
2597638,t,2026-08-03 12:09:40.549361,1c5d9d02d185364922c26f34ab3b6e8f87403c89e881c51b207f04c82fcb37e0,f,f,f,f,f,
2755702,t,2026-08-05 13:45:32.500585,2c9c942acc6845929eb5dbb4b8ba46bcc5d28d63308ca4e0e58126bfff84b960,f,f,f,f,f,
2714778,t,2026-08-03 15:08:20.485505,7422868111b5ba96a6e37e1885652a90be70b72d7fbee65e7b9c4d30e46ded14,f,t,f,f,f,
2875762,t,2026-08-05 13:56:48.013353,17d9a0fa8ae191c5f31be4e6c69e101cdd0c1f54fd913fed3c714ad6aad2478a,f,f,t,t,t,
2925240,t,2026-07-30 12:38:44.641711,96e6bc91f1271315e734d1d41095653b3d393febdb2cb38c93e0be1b965493f8,f,t,t,t,t,
132271,f,2026-08-05 22:57:59.632202,4844ccb60add3e2b380a9e898d6c8744e3439a858c552363334ead52b2a37eb6,f,f,f,f,f,
3072043,t,2026-07-30 12:38:44.641711,9c47d6378cfe4c0746da1035be1fedaf6baba912d7a39b5600121507fdc06ad6,t,f,t,t,t,
2757602,t,2026-08-05 13:45:39.439882,b84e458b99d6dc3d13c6c3e9f520351972f86dcc96380950ba8923eb148f0944,f,f,f,f,f,
2757604,t,2026-08-05 13:45:39.708547,54b7153524ade47b1bdd1bbb17d0c81ec15b7fe4829aef2c3a266b860e796131,f,f,f,f,f,
2757977,t,2026-08-05 13:45:44.501854,95e44ffadf3431929da900f14637e067e9c3ad497458e464106d3dd71b26b8a0,f,f,f,f,f,
2816669,t,2026-08-05 14:03:01.077826,21f093255270bdede9e6f7cb9d66b2532f42830edfa6ca34711dcd1ace18e3f7,f,t,f,f,f,
2744424,t,2026-08-03 15:09:27.727805,9b95bb8155513996448f7cda3d0365a2e37e84287525977af1fbc7225a7e780d,f,f,f,f,f,
2744503,t,2026-08-03 15:09:29.818719,53f9be56696c170dc96a10876bb4b9c85ae0a532bd19f49d553839def4976722,f,f,f,f,f,
2913664,t,2026-08-05 14:04:33.352622,7bd71a2444714e9cbd068278b578f5d8586a60d7de5aa9fa6e9bca1c34e2bcc7,f,t,t,t,t,
2914247,t,2026-07-30 12:38:44.641711,b8b79745a22429f0f997d38bdbf9e339531727217d02def35b0cda69ba56542e,f,t,t,t,t,
134095,t,2026-08-02 11:59:40.877496,913c161269b8d096db35879ce2e118e313065aade381133594246b2966720c7d,f,t,f,f,f,
2569016,t,2026-08-03 12:09:24.339323,4820f25d5af5ae3b43c9670b12c2acfc9a275e8ef94e5aad586de9dda2e1b5de,f,t,f,f,f,
1949976,t,2026-08-02 15:09:11.77566,129acbeb1025c83a4944b1ff9513fe0e02782008e07d259178e5d4b01f6499d8,f,t,f,f,f,
135079,t,2026-08-02 11:59:45.553955,3632c1852e58d6b437b1df19c1598d2f48585b7f70a929a71f6f8278e9c8623e,f,f,f,f,f,
2779266,t,2026-08-05 13:54:54.735058,6df4039f459eacd416ead27fa26a5d37e298e77f2c104dc968850daf5a60ada4,f,f,f,f,f,
2790382,t,2026-08-05 14:02:03.147489,f69992215f762301b4111fc918cc2b5a4fcb7ebd3af25ee5dc3fb55c9d1a7350,f,f,f,f,f,
134761,t,2026-08-02 11:58:32.007947,be3a69770b3a08171cf9f001bfd2f0f587ecb27cf6da1dcd56ca02c6b59c8f6e,f,t,f,f,f,
2790231,t,2026-08-05 14:02:01.341706,29e3b5b1c6bc52455e22c128382faefe3d52144d20a69fdb168bef61fa9475e3,f,f,f,f,f,
1871380,t,2026-08-02 15:08:59.762474,0cd4f5aa00f8780fce477d2fdac0d25ae04befd0fb73eac816db77ecedf83592,f,t,f,f,f,
2793347,t,2026-08-05 14:02:18.490006,af3ef0286ba688a9a467f3891019f2476876202363471a011b08137873ca12e7,f,f,f,f,f,
2760046,t,2026-08-05 13:45:52.351764,9eb3d6afee701b768faa261d027493cd0c293fa6e95c699ecf12027118f46167,f,f,f,f,f,
2904774,t,2026-08-05 14:03:29.063167,467426bb90585d722e93061708e7047ef554f9e39e12de6a8885d1485b486fac,f,f,t,t,t,
2779155,t,2026-08-05 13:54:54.42928,2e4a434f5a224bb66620c8dcd180a5838ef9ffa4c139e0592ed2ef2d623e0c9c,f,f,f,f,f,
129892,f,2026-08-05 22:51:57.732307,53f88d6af8f90d1d07277c69c81f5d92457837b0e5d7bbc4b90688895122a210,f,f,f,f,f,
2794415,t,2026-08-05 14:02:22.952968,2760dd43512530c7b59f03411a5816e0d75ef8eaec00c92534f431ab6a22ef7e,f,f,f,f,f,
2733486,t,2026-08-03 15:08:58.01326,6c918d6021d77316688c91c9ad60db0e927e7f61a3ceccb2bf038a7a75600991,f,f,f,f,f,
2776376,t,2026-08-05 13:54:34.034743,4fb7feaf2e800f7382916df0a22c357b61743e4e41f2b8a5bda254cdb1f929ef,f,f,f,f,f,
512033,t,2026-08-02 12:09:09.898413,b658ec3d4cd0f2383825e0e66042287914a4626d9d5434c60283036c40a01e04,f,f,f,f,f,
899292,t,2026-08-02 12:10:42.826563,5f076751c29c8e85ca7b973a90890bdf41dcfd916eb711ad9d4f44a692594164,f,f,f,f,f,
130859,f,2026-08-05 22:54:07.729028,3fc81acfa1555a80af8c0c383bf935a31ea9e9a0539472bfff4caaaf2ec80be8,f,f,f,f,f,
2414753,t,2026-08-03 12:08:39.069338,1c66945704d0acc3de0631f91472d41688c7e06d4567be6caa8b527a5e656360,f,f,f,f,f,
138965,t,2026-08-02 12:00:39.514113,05c7a8664b3038542aa9d7899cb830912bf4e714fb30dd206faa62b95dd79bcf,f,f,f,f,f,
2774498,t,2026-08-05 13:54:09.108855,5c08dec73c508e84c6ee7ce9006bb0754cb86788c798904a53795d4fe11d942a,f,f,f,f,f,
2913655,t,2026-08-05 14:04:32.753757,b84be9022dd3778f550cefaa373dfcdf3368673533573bf93573f634af9dd981,f,t,t,t,t,
560011,t,2026-08-02 12:09:16.870897,c6682a41422167887e124be0eb961e10fa581d799d411982295331c71efd0852,f,f,f,f,f,
561034,t,2026-08-02 12:09:17.706266,b1e358e92eb5b6fca6fce3205beb95e06ce3f84c06e0fc5258f77bd8820aea73,f,f,f,f,f,
1882134,t,2026-08-02 15:09:01.915743,e0b7225e8e4a0c35b19c4b913ce126e059d20ca3604e08467b7334e6278ae5f1,f,f,f,f,f,
2569346,t,2026-08-03 12:09:24.635137,d91158bc13c32fd77b6adfed676925478f512626660c19217f08ca16d118ddce,f,f,f,f,f,
2844119,t,2026-08-05 14:10:00.013159,457da57bc20f42dab9c206ce26f3b74743654a2554dbe933d272d37748e37477,f,f,f,f,f,
2568601,t,2026-08-03 12:07:13.831889,9fc9218f8ade5f6292d14b44c0a788e84001b31f350ed95a47eeb691ccdfd8a8,f,t,f,f,f,
2739364,t,2026-08-03 15:09:21.411337,6c889e8adea8e962be7ff9d038a444b6af8390e670d640537cc05d85b42e3f4d,f,f,f,f,f,
2753015,t,2026-08-05 13:45:18.994422,20c29ad3d1a00c9dccee153e0fc081be70c372ca7b74a2b598f1e858035621ec,f,f,f,f,f,
2925313,t,2026-07-30 12:38:44.641711,b86e6559ee670db4719a069439fb6c267915cb9f7d44fc8d33a115564a367752,t,f,t,t,t,
2664729,t,2026-08-03 12:13:42.514206,fa2a6f14686f8258d81780678398aade3bc8804b63a2230a8bfcac5823355f3d,f,t,f,f,f,
2714079,t,2026-08-03 15:08:10.869078,2f28f87978cb57c84ebdf08daf807db35b3a2347c0fb54b4d1747f4f4645edf6,f,f,f,f,f,
2913493,t,2026-07-30 12:38:44.641711,cb878f47c75c01a784b524d72237b54a8a7268a45d6cb21ca37727b612ac1493,f,t,t,t,t,
130679,f,2026-08-05 22:53:37.426746,2787d50438fab652cc72e065c318dcf637f3f6ff6a279bb347594359f42f7412,f,f,f,f,f,
131834,f,2026-08-05 22:56:49.794452,9d30a43e6f1e739fef1baca5008a0408ccffd20da44b485905c55c179a871a10,f,f,f,f,f,
2913863,t,2026-08-05 14:11:00.760859,79dc9401c01e3673993c1291aa5793b80322ea4d5a69f62a3f7717c568c488f6,f,t,t,t,t,
134283,t,2026-08-02 11:58:20.470946,35a9cfe6b3f5ec534007a93391ed8030085d604f7280df6c8269352e6fc83b99,f,t,f,f,f,
1818945,t,2026-08-02 15:08:40.251804,c7c9f1cf910c34f750e1a768e86e98e71299762780f42b501b80ef37ad00616b,f,f,f,f,f,
2744407,t,2026-08-03 15:09:27.130315,f1c90852f3f052fa568af52e8688fc2a6a05983129ac0c2ee372fcb8ea53934a,f,f,f,f,f,
2747912,t,2026-08-03 15:09:35.224741,44cca95c68a6b40e38674a33c0e6311d002d5f1f2f11437d36c95ca34c7111ec,f,f,f,f,f,
2776858,t,2026-08-05 13:54:41.523978,91550358aa172087ee045b44cf345cc1cf214780dd135a5bb3bead9d93e1ce71,f,f,f,f,f,
2839422,t,2026-08-05 14:09:55.200163,321e734523429fc9d1fde09efa6a402c621d968fd6568849c02e763e279cddde,f,f,f,f,f,
1853385,t,2026-08-02 15:08:49.265369,128d39f2e3fc34a6fad71348bf7f5073dcf33eb9d47d23e34efeb089497cf4d7,f,t,f,f,f,
2814151,t,2026-08-05 14:02:58.717189,3f8f4977fbfa517270200039af37e1671bbae63a29bb386ca5f5aa65eef436a4,f,f,f,f,f,
2514823,t,2026-08-03 12:09:08.722606,8030095a5596a8093e0c244aafbb7a2fda58b717faad75799b890dcf4f9f4c7b,f,f,f,f,f,
2807088,t,2026-08-05 14:02:52.369609,ba39829a8586d575114483a34ab3e28dce18278d8b1021823e7a84ac46420c83,f,t,f,f,f,
252571,t,2026-08-02 12:02:11.689081,f2f465e4e7e3aadd898005d73df900e270284e5fc6ef40005f72e8551c0e3891,f,f,f,f,f,
2788991,t,2026-08-05 14:01:44.831896,e75aa2a3c833e3d931f52a5873908b24082ecc44b5bb963ad8cc39344a7a65b8,f,f,f,f,f,
2892400,t,2026-08-05 14:03:09.565013,6792df1ee863a010b233c1a132fc6677633616c2cdce6538539594366277fe49,f,f,t,t,t,
2702452,t,2026-08-03 12:16:58.105143,3e5ff487fd055c32b1a6bf20a38ad1973aaf89cf5e70ab7263df30d86b409b54,f,f,f,f,f,
2792050,t,2026-08-05 14:02:10.943443,b68b27b54051cd6d9ce8909f6a33c0a25caca13acb0a93e719789698666b2113,f,t,f,f,f,
229052,t,2026-08-02 12:01:35.795328,65a9a60ff885dd58b02530df6801bb24b4d29a07d1cda9e75c6d5e58e8950d03,f,f,f,f,f,
125681,f,2026-08-03 00:09:08.362098,98be669987521e8b2b3e09378f9947f4e5b3777f314a6afbd2949c01c738548f,f,f,f,f,f,
